valueCategory,temporal,temporal_type,georegion,georegion_type,agegroup,agegroup_type,sex,pathogen,testResult,valueRaw,value,pop,incValue,prctRaw,prct
drug_resistant_pathogen,2004,year,CH,country,all,agegroup_anresis,all,CRE,negative,1799,NA,7415102,NA,100,NA
drug_resistant_pathogen,2004,year,CH,country,all,agegroup_anresis,all,CRE,positive,0,NA,7415102,NA,0,NA
drug_resistant_pathogen,2004,year,CH,country,all,agegroup_anresis,all,ESCR-E.coli,negative,1401,NA,7415102,NA,99.3,NA
drug_resistant_pathogen,2004,year,CH,country,all,agegroup_anresis,all,ESCR-E.coli,positive,10,NA,7415102,NA,0.7,NA
drug_resistant_pathogen,2004,year,CH,country,all,agegroup_anresis,all,ESCR-K.pneumoniae,negative,233,NA,7415102,NA,98.7,NA
drug_resistant_pathogen,2004,year,CH,country,all,agegroup_anresis,all,ESCR-K.pneumoniae,positive,3,NA,7415102,NA,1.3,NA
drug_resistant_pathogen,2004,year,CH,country,all,agegroup_anresis,all,FQR-E.coli,negative,1271,NA,7415102,NA,90.3,NA
drug_resistant_pathogen,2004,year,CH,country,all,agegroup_anresis,all,FQR-E.coli,positive,136,NA,7415102,NA,9.7,NA
drug_resistant_pathogen,2004,year,CH,country,all,agegroup_anresis,all,MRSA,negative,650,NA,7415102,NA,87.1,NA
drug_resistant_pathogen,2004,year,CH,country,all,agegroup_anresis,all,MRSA,positive,96,NA,7415102,NA,12.9,NA
drug_resistant_pathogen,2004,year,CH,country,all,agegroup_anresis,all,VRE,negative,52,NA,7415102,NA,98.1,NA
drug_resistant_pathogen,2004,year,CH,country,all,agegroup_anresis,all,VRE,positive,1,NA,7415102,NA,1.9,NA
drug_resistant_pathogen,2005,year,CH,country,all,agegroup_anresis,all,CRE,negative,2152,NA,7459128,NA,99.9,NA
drug_resistant_pathogen,2005,year,CH,country,all,agegroup_anresis,all,CRE,positive,2,NA,7459128,NA,0.1,NA
drug_resistant_pathogen,2005,year,CH,country,all,agegroup_anresis,all,ESCR-E.coli,negative,1584,NA,7459128,NA,98.5,NA
drug_resistant_pathogen,2005,year,CH,country,all,agegroup_anresis,all,ESCR-E.coli,positive,24,NA,7459128,NA,1.5,NA
drug_resistant_pathogen,2005,year,CH,country,all,agegroup_anresis,all,ESCR-K.pneumoniae,negative,270,NA,7459128,NA,97.5,NA
drug_resistant_pathogen,2005,year,CH,country,all,agegroup_anresis,all,ESCR-K.pneumoniae,positive,7,NA,7459128,NA,2.5,NA
drug_resistant_pathogen,2005,year,CH,country,all,agegroup_anresis,all,FQR-E.coli,negative,1433,NA,7459128,NA,89.2,NA
drug_resistant_pathogen,2005,year,CH,country,all,agegroup_anresis,all,FQR-E.coli,positive,173,NA,7459128,NA,10.8,NA
drug_resistant_pathogen,2005,year,CH,country,all,agegroup_anresis,all,MRSA,negative,737,NA,7459128,NA,90,NA
drug_resistant_pathogen,2005,year,CH,country,all,agegroup_anresis,all,MRSA,positive,82,NA,7459128,NA,10,NA
drug_resistant_pathogen,2005,year,CH,country,all,agegroup_anresis,all,VRE,negative,59,NA,7459128,NA,98.3,NA
drug_resistant_pathogen,2005,year,CH,country,all,agegroup_anresis,all,VRE,positive,1,NA,7459128,NA,1.7,NA
drug_resistant_pathogen,2006,year,CH,country,all,agegroup_anresis,all,CRE,negative,3244,NA,7508739,NA,100,NA
drug_resistant_pathogen,2006,year,CH,country,all,agegroup_anresis,all,CRE,positive,1,NA,7508739,NA,0,NA
drug_resistant_pathogen,2006,year,CH,country,all,agegroup_anresis,all,ESCR-E.coli,negative,2098,NA,7508739,NA,97.6,NA
drug_resistant_pathogen,2006,year,CH,country,all,agegroup_anresis,all,ESCR-E.coli,positive,51,NA,7508739,NA,2.4,NA
drug_resistant_pathogen,2006,year,CH,country,all,agegroup_anresis,all,ESCR-K.pneumoniae,negative,343,NA,7508739,NA,98.3,NA
drug_resistant_pathogen,2006,year,CH,country,all,agegroup_anresis,all,ESCR-K.pneumoniae,positive,6,NA,7508739,NA,1.7,NA
drug_resistant_pathogen,2006,year,CH,country,all,agegroup_anresis,all,FQR-E.coli,negative,1900,NA,7508739,NA,88.5,NA
drug_resistant_pathogen,2006,year,CH,country,all,agegroup_anresis,all,FQR-E.coli,positive,247,NA,7508739,NA,11.5,NA
drug_resistant_pathogen,2006,year,CH,country,all,agegroup_anresis,all,MRSA,negative,933,NA,7508739,NA,89.9,NA
drug_resistant_pathogen,2006,year,CH,country,all,agegroup_anresis,all,MRSA,positive,105,NA,7508739,NA,10.1,NA
drug_resistant_pathogen,2006,year,CH,country,all,agegroup_anresis,all,VRE,negative,99,NA,7508739,NA,98,NA
drug_resistant_pathogen,2006,year,CH,country,all,agegroup_anresis,all,VRE,positive,2,NA,7508739,NA,2,NA
drug_resistant_pathogen,2007,year,CH,country,all,agegroup_anresis,all,CRE,negative,3522,NA,7593494,NA,100,NA
drug_resistant_pathogen,2007,year,CH,country,all,agegroup_anresis,all,CRE,positive,1,NA,7593494,NA,0,NA
drug_resistant_pathogen,2007,year,CH,country,all,agegroup_anresis,all,ESCR-E.coli,negative,2283,NA,7593494,NA,97.7,NA
drug_resistant_pathogen,2007,year,CH,country,all,agegroup_anresis,all,ESCR-E.coli,positive,54,NA,7593494,NA,2.3,NA
drug_resistant_pathogen,2007,year,CH,country,all,agegroup_anresis,all,ESCR-K.pneumoniae,negative,406,NA,7593494,NA,96.2,NA
drug_resistant_pathogen,2007,year,CH,country,all,agegroup_anresis,all,ESCR-K.pneumoniae,positive,16,NA,7593494,NA,3.8,NA
drug_resistant_pathogen,2007,year,CH,country,all,agegroup_anresis,all,FQR-E.coli,negative,1971,NA,7593494,NA,84.3,NA
drug_resistant_pathogen,2007,year,CH,country,all,agegroup_anresis,all,FQR-E.coli,positive,368,NA,7593494,NA,15.7,NA
drug_resistant_pathogen,2007,year,CH,country,all,agegroup_anresis,all,MRSA,negative,979,NA,7593494,NA,89.4,NA
drug_resistant_pathogen,2007,year,CH,country,all,agegroup_anresis,all,MRSA,positive,116,NA,7593494,NA,10.6,NA
drug_resistant_pathogen,2007,year,CH,country,all,agegroup_anresis,all,VRE,negative,104,NA,7593494,NA,99,NA
drug_resistant_pathogen,2007,year,CH,country,all,agegroup_anresis,all,VRE,positive,1,NA,7593494,NA,1,NA
drug_resistant_pathogen,2008,year,CH,country,all,agegroup_anresis,all,CRE,negative,4001,NA,7701856,NA,100,NA
drug_resistant_pathogen,2008,year,CH,country,all,agegroup_anresis,all,CRE,positive,2,NA,7701856,NA,0,NA
drug_resistant_pathogen,2008,year,CH,country,all,agegroup_anresis,all,ESCR-E.coli,negative,2654,NA,7701856,NA,96.4,NA
drug_resistant_pathogen,2008,year,CH,country,all,agegroup_anresis,all,ESCR-E.coli,positive,100,NA,7701856,NA,3.6,NA
drug_resistant_pathogen,2008,year,CH,country,all,agegroup_anresis,all,ESCR-K.pneumoniae,negative,461,NA,7701856,NA,97.1,NA
drug_resistant_pathogen,2008,year,CH,country,all,agegroup_anresis,all,ESCR-K.pneumoniae,positive,14,NA,7701856,NA,2.9,NA
drug_resistant_pathogen,2008,year,CH,country,all,agegroup_anresis,all,FQR-E.coli,negative,2345,NA,7701856,NA,85.1,NA
drug_resistant_pathogen,2008,year,CH,country,all,agegroup_anresis,all,FQR-E.coli,positive,411,NA,7701856,NA,14.9,NA
drug_resistant_pathogen,2008,year,CH,country,all,agegroup_anresis,all,MRSA,negative,1067,NA,7701856,NA,89.9,NA
drug_resistant_pathogen,2008,year,CH,country,all,agegroup_anresis,all,MRSA,positive,120,NA,7701856,NA,10.1,NA
drug_resistant_pathogen,2008,year,CH,country,all,agegroup_anresis,all,VRE,negative,186,NA,7701856,NA,97.9,NA
drug_resistant_pathogen,2008,year,CH,country,all,agegroup_anresis,all,VRE,positive,4,NA,7701856,NA,2.1,NA
drug_resistant_pathogen,2009,year,CH,country,all,agegroup_anresis,all,CRE,negative,4398,NA,7785806,NA,99.9,NA
drug_resistant_pathogen,2009,year,CH,country,all,agegroup_anresis,all,CRE,positive,6,NA,7785806,NA,0.1,NA
drug_resistant_pathogen,2009,year,CH,country,all,agegroup_anresis,all,ESCR-E.coli,negative,2847,NA,7785806,NA,95.6,NA
drug_resistant_pathogen,2009,year,CH,country,all,agegroup_anresis,all,ESCR-E.coli,positive,130,NA,7785806,NA,4.4,NA
drug_resistant_pathogen,2009,year,CH,country,all,agegroup_anresis,all,ESCR-K.pneumoniae,negative,508,NA,7785806,NA,96.2,NA
drug_resistant_pathogen,2009,year,CH,country,all,agegroup_anresis,all,ESCR-K.pneumoniae,positive,20,NA,7785806,NA,3.8,NA
drug_resistant_pathogen,2009,year,CH,country,all,agegroup_anresis,all,FQR-E.coli,negative,2511,NA,7785806,NA,84.3,NA
drug_resistant_pathogen,2009,year,CH,country,all,agegroup_anresis,all,FQR-E.coli,positive,468,NA,7785806,NA,15.7,NA
drug_resistant_pathogen,2009,year,CH,country,all,agegroup_anresis,all,MRSA,negative,1141,NA,7785806,NA,90.6,NA
drug_resistant_pathogen,2009,year,CH,country,all,agegroup_anresis,all,MRSA,positive,119,NA,7785806,NA,9.4,NA
drug_resistant_pathogen,2009,year,CH,country,all,agegroup_anresis,all,VRE,negative,181,NA,7785806,NA,97.3,NA
drug_resistant_pathogen,2009,year,CH,country,all,agegroup_anresis,all,VRE,positive,5,NA,7785806,NA,2.7,NA
drug_resistant_pathogen,2010,year,CH,country,all,agegroup_anresis,all,CRE,negative,4839,7363.2,7864012,93.63,99.9,99.9
drug_resistant_pathogen,2010,year,CH,country,all,agegroup_anresis,all,CRE,positive,3,4.6,7864012,0.06,0.1,0.1
drug_resistant_pathogen,2010,year,CH,country,all,agegroup_anresis,all,ESCR-E.coli,negative,3039,4726,7864012,60.1,94.5,95.2
drug_resistant_pathogen,2010,year,CH,country,all,agegroup_anresis,all,ESCR-E.coli,positive,176,240.2,7864012,3.05,5.5,4.8
drug_resistant_pathogen,2010,year,CH,country,all,agegroup_anresis,all,ESCR-K.pneumoniae,negative,551,837.2,7864012,10.65,95.2,95.8
drug_resistant_pathogen,2010,year,CH,country,all,agegroup_anresis,all,ESCR-K.pneumoniae,positive,28,37,7864012,0.47,4.8,4.2
drug_resistant_pathogen,2010,year,CH,country,all,agegroup_anresis,all,FQR-E.coli,negative,2599,4033.5,7864012,51.29,81.5,81.9
drug_resistant_pathogen,2010,year,CH,country,all,agegroup_anresis,all,FQR-E.coli,positive,591,892.8,7864012,11.35,18.5,18.1
drug_resistant_pathogen,2010,year,CH,country,all,agegroup_anresis,all,MRSA,negative,1143,1815.6,7864012,23.09,91.5,93
drug_resistant_pathogen,2010,year,CH,country,all,agegroup_anresis,all,MRSA,positive,106,135.9,7864012,1.73,8.5,7
drug_resistant_pathogen,2010,year,CH,country,all,agegroup_anresis,all,VRE,negative,240,315.9,7864012,4.02,97.6,97.6
drug_resistant_pathogen,2010,year,CH,country,all,agegroup_anresis,all,VRE,positive,6,7.9,7864012,0.1,2.4,2.4
drug_resistant_pathogen,2011,year,CH,country,all,agegroup_anresis,all,CRE,negative,5042,7542,7954662,94.81,99.9,99.9
drug_resistant_pathogen,2011,year,CH,country,all,agegroup_anresis,all,CRE,positive,6,4,7954662,0.05,0.1,0.1
drug_resistant_pathogen,2011,year,CH,country,all,agegroup_anresis,all,ESCR-E.coli,negative,3130,4721.9,7954662,59.36,93.5,93.8
drug_resistant_pathogen,2011,year,CH,country,all,agegroup_anresis,all,ESCR-E.coli,positive,217,309.4,7954662,3.89,6.5,6.2
drug_resistant_pathogen,2011,year,CH,country,all,agegroup_anresis,all,ESCR-K.pneumoniae,negative,552,823.6,7954662,10.35,94,94.8
drug_resistant_pathogen,2011,year,CH,country,all,agegroup_anresis,all,ESCR-K.pneumoniae,positive,35,45.2,7954662,0.57,6,5.2
drug_resistant_pathogen,2011,year,CH,country,all,agegroup_anresis,all,FQR-E.coli,negative,2720,4085.5,7954662,51.36,82.2,82.4
drug_resistant_pathogen,2011,year,CH,country,all,agegroup_anresis,all,FQR-E.coli,positive,588,873.4,7954662,10.98,17.8,17.6
drug_resistant_pathogen,2011,year,CH,country,all,agegroup_anresis,all,MRSA,negative,1205,1866,7954662,23.46,92.2,93.5
drug_resistant_pathogen,2011,year,CH,country,all,agegroup_anresis,all,MRSA,positive,102,130.1,7954662,1.64,7.8,6.5
drug_resistant_pathogen,2011,year,CH,country,all,agegroup_anresis,all,VRE,negative,293,371.5,7954662,4.67,99.3,98.6
drug_resistant_pathogen,2011,year,CH,country,all,agegroup_anresis,all,VRE,positive,2,5.2,7954662,0.07,0.7,1.4
drug_resistant_pathogen,2012,year,CH,country,all,agegroup_anresis,all,CRE,negative,4938,7558.7,8039060,94.02,99.8,99.9
drug_resistant_pathogen,2012,year,CH,country,all,agegroup_anresis,all,CRE,positive,10,9.7,8039060,0.12,0.2,0.1
drug_resistant_pathogen,2012,year,CH,country,all,agegroup_anresis,all,ESCR-E.coli,negative,3039,4693.3,8039060,58.38,90.9,91.4
drug_resistant_pathogen,2012,year,CH,country,all,agegroup_anresis,all,ESCR-E.coli,positive,305,439.2,8039060,5.46,9.1,8.6
drug_resistant_pathogen,2012,year,CH,country,all,agegroup_anresis,all,ESCR-K.pneumoniae,negative,571,879.1,8039060,10.94,94.4,95.5
drug_resistant_pathogen,2012,year,CH,country,all,agegroup_anresis,all,ESCR-K.pneumoniae,positive,34,41,8039060,0.51,5.6,4.5
drug_resistant_pathogen,2012,year,CH,country,all,agegroup_anresis,all,FQR-E.coli,negative,2733,4240.8,8039060,52.75,82.1,83
drug_resistant_pathogen,2012,year,CH,country,all,agegroup_anresis,all,FQR-E.coli,positive,597,870.9,8039060,10.83,17.9,17
drug_resistant_pathogen,2012,year,CH,country,all,agegroup_anresis,all,MRSA,negative,1163,1810.3,8039060,22.52,93.3,94.5
drug_resistant_pathogen,2012,year,CH,country,all,agegroup_anresis,all,MRSA,positive,84,104.9,8039060,1.3,6.7,5.5
drug_resistant_pathogen,2012,year,CH,country,all,agegroup_anresis,all,VRE,negative,340,465.3,8039060,5.79,99.7,99.8
drug_resistant_pathogen,2012,year,CH,country,all,agegroup_anresis,all,VRE,positive,1,1,8039060,0.01,0.3,0.2
drug_resistant_pathogen,2013,year,CH,country,all,agegroup_anresis,all,CRE,negative,5500,7880,8139631,96.81,99.8,99.8
drug_resistant_pathogen,2013,year,CH,country,all,agegroup_anresis,all,CRE,positive,11,14.7,8139631,0.18,0.2,0.2
drug_resistant_pathogen,2013,year,CH,country,all,agegroup_anresis,all,ESCR-E.coli,negative,3422,4965,8139631,61,92,92.5
drug_resistant_pathogen,2013,year,CH,country,all,agegroup_anresis,all,ESCR-E.coli,positive,297,404,8139631,4.96,8,7.5
drug_resistant_pathogen,2013,year,CH,country,all,agegroup_anresis,all,ESCR-K.pneumoniae,negative,617,872.6,8139631,10.72,92.8,93.3
drug_resistant_pathogen,2013,year,CH,country,all,agegroup_anresis,all,ESCR-K.pneumoniae,positive,48,62.3,8139631,0.77,7.2,6.7
drug_resistant_pathogen,2013,year,CH,country,all,agegroup_anresis,all,FQR-E.coli,negative,3061,4442.7,8139631,54.58,82.4,82.8
drug_resistant_pathogen,2013,year,CH,country,all,agegroup_anresis,all,FQR-E.coli,positive,656,923.3,8139631,11.34,17.6,17.2
drug_resistant_pathogen,2013,year,CH,country,all,agegroup_anresis,all,MRSA,negative,1249,1850.7,8139631,22.74,94.5,95.6
drug_resistant_pathogen,2013,year,CH,country,all,agegroup_anresis,all,MRSA,positive,73,85.4,8139631,1.05,5.5,4.4
drug_resistant_pathogen,2013,year,CH,country,all,agegroup_anresis,all,VRE,negative,384,501.5,8139631,6.16,99.7,100
drug_resistant_pathogen,2013,year,CH,country,all,agegroup_anresis,all,VRE,positive,1,0,8139631,0,0.3,0
drug_resistant_pathogen,2014,year,CH,country,all,agegroup_anresis,all,CRE,negative,6656,8343.4,8237666,101.28,99.9,99.9
drug_resistant_pathogen,2014,year,CH,country,all,agegroup_anresis,all,CRE,positive,9,9.1,8237666,0.11,0.1,0.1
drug_resistant_pathogen,2014,year,CH,country,all,agegroup_anresis,all,ESCR-E.coli,negative,4076,5108.9,8237666,62.02,90.7,91
drug_resistant_pathogen,2014,year,CH,country,all,agegroup_anresis,all,ESCR-E.coli,positive,416,506.1,8237666,6.14,9.3,9
drug_resistant_pathogen,2014,year,CH,country,all,agegroup_anresis,all,ESCR-K.pneumoniae,negative,757,962.5,8237666,11.68,90.7,92.1
drug_resistant_pathogen,2014,year,CH,country,all,agegroup_anresis,all,ESCR-K.pneumoniae,positive,78,82.7,8237666,1,9.3,7.9
drug_resistant_pathogen,2014,year,CH,country,all,agegroup_anresis,all,FQR-E.coli,negative,3671,4579.8,8237666,55.6,81.8,81.7
drug_resistant_pathogen,2014,year,CH,country,all,agegroup_anresis,all,FQR-E.coli,positive,815,1028.4,8237666,12.48,18.2,18.3
drug_resistant_pathogen,2014,year,CH,country,all,agegroup_anresis,all,MRSA,negative,1534,1995,8237666,24.22,94.2,94.8
drug_resistant_pathogen,2014,year,CH,country,all,agegroup_anresis,all,MRSA,positive,94,110.4,8237666,1.34,5.8,5.2
drug_resistant_pathogen,2014,year,CH,country,all,agegroup_anresis,all,VRE,negative,482,565.9,8237666,6.87,99.2,99.7
drug_resistant_pathogen,2014,year,CH,country,all,agegroup_anresis,all,VRE,positive,4,1.7,8237666,0.02,0.8,0.3
drug_resistant_pathogen,2015,year,CH,country,all,agegroup_anresis,all,CRE,negative,7716,9573,8327126,114.96,99.9,99.9
drug_resistant_pathogen,2015,year,CH,country,all,agegroup_anresis,all,CRE,positive,5,5.5,8327126,0.07,0.1,0.1
drug_resistant_pathogen,2015,year,CH,country,all,agegroup_anresis,all,ESCR-E.coli,negative,4631,5779.6,8327126,69.41,89.5,90
drug_resistant_pathogen,2015,year,CH,country,all,agegroup_anresis,all,ESCR-E.coli,positive,541,644.4,8327126,7.74,10.5,10
drug_resistant_pathogen,2015,year,CH,country,all,agegroup_anresis,all,ESCR-K.pneumoniae,negative,871,1107.6,8327126,13.3,92,92.9
drug_resistant_pathogen,2015,year,CH,country,all,agegroup_anresis,all,ESCR-K.pneumoniae,positive,76,84.1,8327126,1.01,8,7.1
drug_resistant_pathogen,2015,year,CH,country,all,agegroup_anresis,all,FQR-E.coli,negative,4185,5167.4,8327126,62.05,80.9,80.4
drug_resistant_pathogen,2015,year,CH,country,all,agegroup_anresis,all,FQR-E.coli,positive,991,1258.3,8327126,15.11,19.1,19.6
drug_resistant_pathogen,2015,year,CH,country,all,agegroup_anresis,all,MRSA,negative,1734,2251.5,8327126,27.04,95.6,95.8
drug_resistant_pathogen,2015,year,CH,country,all,agegroup_anresis,all,MRSA,positive,80,97.8,8327126,1.17,4.4,4.2
drug_resistant_pathogen,2015,year,CH,country,all,agegroup_anresis,all,VRE,negative,609,709.1,8327126,8.52,98.7,98.7
drug_resistant_pathogen,2015,year,CH,country,all,agegroup_anresis,all,VRE,positive,8,9.2,8327126,0.11,1.3,1.3
drug_resistant_pathogen,2016,year,CH,country,all,agegroup_anresis,all,CRE,negative,8102,9907.3,8419550,117.67,99.8,99.9
drug_resistant_pathogen,2016,year,CH,country,all,agegroup_anresis,all,CRE,positive,13,10.3,8419550,0.12,0.2,0.1
drug_resistant_pathogen,2016,year,CH,country,all,agegroup_anresis,all,ESCR-E.coli,negative,4795,5893,8419550,69.99,90.1,90.3
drug_resistant_pathogen,2016,year,CH,country,all,agegroup_anresis,all,ESCR-E.coli,positive,524,629.9,8419550,7.48,9.9,9.7
drug_resistant_pathogen,2016,year,CH,country,all,agegroup_anresis,all,ESCR-K.pneumoniae,negative,956,1162.2,8419550,13.8,92.5,92.9
drug_resistant_pathogen,2016,year,CH,country,all,agegroup_anresis,all,ESCR-K.pneumoniae,positive,78,88.2,8419550,1.05,7.5,7.1
drug_resistant_pathogen,2016,year,CH,country,all,agegroup_anresis,all,FQR-E.coli,negative,4382,5369.5,8419550,63.77,82.4,82.4
drug_resistant_pathogen,2016,year,CH,country,all,agegroup_anresis,all,FQR-E.coli,positive,933,1146.4,8419550,13.62,17.6,17.6
drug_resistant_pathogen,2016,year,CH,country,all,agegroup_anresis,all,MRSA,negative,1786,2215,8419550,26.31,95.5,95.8
drug_resistant_pathogen,2016,year,CH,country,all,agegroup_anresis,all,MRSA,positive,85,97.2,8419550,1.15,4.5,4.2
drug_resistant_pathogen,2016,year,CH,country,all,agegroup_anresis,all,VRE,negative,566,660.7,8419550,7.85,98.6,98.7
drug_resistant_pathogen,2016,year,CH,country,all,agegroup_anresis,all,VRE,positive,8,8.7,8419550,0.1,1.4,1.3
drug_resistant_pathogen,2017,year,CH,country,all,agegroup_anresis,all,CRE,negative,8326,9853.4,8484130,116.14,99.9,99.9
drug_resistant_pathogen,2017,year,CH,country,all,agegroup_anresis,all,CRE,positive,9,10.4,8484130,0.12,0.1,0.1
drug_resistant_pathogen,2017,year,CH,country,all,agegroup_anresis,all,ESCR-E.coli,negative,5037,6012,8484130,70.86,90,90.4
drug_resistant_pathogen,2017,year,CH,country,all,agegroup_anresis,all,ESCR-E.coli,positive,562,639.3,8484130,7.54,10,9.6
drug_resistant_pathogen,2017,year,CH,country,all,agegroup_anresis,all,ESCR-K.pneumoniae,negative,983,1142.6,8484130,13.47,93.3,93.3
drug_resistant_pathogen,2017,year,CH,country,all,agegroup_anresis,all,ESCR-K.pneumoniae,positive,71,82.3,8484130,0.97,6.7,6.7
drug_resistant_pathogen,2017,year,CH,country,all,agegroup_anresis,all,FQR-E.coli,negative,4537,5382.2,8484130,63.44,81.1,81
drug_resistant_pathogen,2017,year,CH,country,all,agegroup_anresis,all,FQR-E.coli,positive,1058,1263.6,8484130,14.89,18.9,19
drug_resistant_pathogen,2017,year,CH,country,all,agegroup_anresis,all,MRSA,negative,1934,2333.4,8484130,27.5,95.6,95.9
drug_resistant_pathogen,2017,year,CH,country,all,agegroup_anresis,all,MRSA,positive,90,99.5,8484130,1.17,4.4,4.1
drug_resistant_pathogen,2017,year,CH,country,all,agegroup_anresis,all,VRE,negative,575,648.6,8484130,7.64,98.1,98.2
drug_resistant_pathogen,2017,year,CH,country,all,agegroup_anresis,all,VRE,positive,11,12.2,8484130,0.14,1.9,1.8
drug_resistant_pathogen,2018,year,CH,country,all,agegroup_anresis,all,CRE,negative,9219,10170.4,8544527,119.03,99.8,99.8
drug_resistant_pathogen,2018,year,CH,country,all,agegroup_anresis,all,CRE,positive,16,19.6,8544527,0.23,0.2,0.2
drug_resistant_pathogen,2018,year,CH,country,all,agegroup_anresis,all,ESCR-E.coli,negative,5541,6113.2,8544527,71.54,89,89.3
drug_resistant_pathogen,2018,year,CH,country,all,agegroup_anresis,all,ESCR-E.coli,positive,685,729.6,8544527,8.54,11,10.7
drug_resistant_pathogen,2018,year,CH,country,all,agegroup_anresis,all,ESCR-K.pneumoniae,negative,1089,1196.6,8544527,14,91.8,92.1
drug_resistant_pathogen,2018,year,CH,country,all,agegroup_anresis,all,ESCR-K.pneumoniae,positive,97,102,8544527,1.19,8.2,7.9
drug_resistant_pathogen,2018,year,CH,country,all,agegroup_anresis,all,FQR-E.coli,negative,5061,5573.3,8544527,65.23,81.4,81.5
drug_resistant_pathogen,2018,year,CH,country,all,agegroup_anresis,all,FQR-E.coli,positive,1160,1268.2,8544527,14.84,18.6,18.5
drug_resistant_pathogen,2018,year,CH,country,all,agegroup_anresis,all,MRSA,negative,1943,2206.5,8544527,25.82,94.9,95.4
drug_resistant_pathogen,2018,year,CH,country,all,agegroup_anresis,all,MRSA,positive,104,107,8544527,1.25,5.1,4.6
drug_resistant_pathogen,2018,year,CH,country,all,agegroup_anresis,all,VRE,negative,580,613.7,8544527,7.18,97.5,97.4
drug_resistant_pathogen,2018,year,CH,country,all,agegroup_anresis,all,VRE,positive,15,16.5,8544527,0.19,2.5,2.6
drug_resistant_pathogen,2019,year,CH,country,all,agegroup_anresis,all,CRE,negative,9887,10267.3,8606033,119.3,99.8,99.8
drug_resistant_pathogen,2019,year,CH,country,all,agegroup_anresis,all,CRE,positive,19,16.7,8606033,0.19,0.2,0.2
drug_resistant_pathogen,2019,year,CH,country,all,agegroup_anresis,all,ESCR-E.coli,negative,5797,6016.3,8606033,69.91,89.2,89.5
drug_resistant_pathogen,2019,year,CH,country,all,agegroup_anresis,all,ESCR-E.coli,positive,705,708.8,8606033,8.24,10.8,10.5
drug_resistant_pathogen,2019,year,CH,country,all,agegroup_anresis,all,ESCR-K.pneumoniae,negative,1245,1294.4,8606033,15.04,92.4,93.3
drug_resistant_pathogen,2019,year,CH,country,all,agegroup_anresis,all,ESCR-K.pneumoniae,positive,103,93.3,8606033,1.08,7.6,6.7
drug_resistant_pathogen,2019,year,CH,country,all,agegroup_anresis,all,FQR-E.coli,negative,5404,5592.2,8606033,64.98,83.2,83.3
drug_resistant_pathogen,2019,year,CH,country,all,agegroup_anresis,all,FQR-E.coli,positive,1093,1125,8606033,13.07,16.8,16.7
drug_resistant_pathogen,2019,year,CH,country,all,agegroup_anresis,all,MRSA,negative,2251,2372.7,8606033,27.57,96.4,96.6
drug_resistant_pathogen,2019,year,CH,country,all,agegroup_anresis,all,MRSA,positive,85,84.4,8606033,0.98,3.6,3.4
drug_resistant_pathogen,2019,year,CH,country,all,agegroup_anresis,all,VRE,negative,510,537.9,8606033,6.25,98.3,98.2
drug_resistant_pathogen,2019,year,CH,country,all,agegroup_anresis,all,VRE,positive,9,10,8606033,0.12,1.7,1.8
drug_resistant_pathogen,2020,year,CH,country,all,agegroup_anresis,all,CRE,negative,9853,10129.4,8670300,116.83,99.7,99.8
drug_resistant_pathogen,2020,year,CH,country,all,agegroup_anresis,all,CRE,positive,26,25.4,8670300,0.29,0.3,0.2
drug_resistant_pathogen,2020,year,CH,country,all,agegroup_anresis,all,ESCR-E.coli,negative,5667,5808.4,8670300,66.99,89.7,89.7
drug_resistant_pathogen,2020,year,CH,country,all,agegroup_anresis,all,ESCR-E.coli,positive,651,665.4,8670300,7.67,10.3,10.3
drug_resistant_pathogen,2020,year,CH,country,all,agegroup_anresis,all,ESCR-K.pneumoniae,negative,1296,1319.3,8670300,15.22,92.9,93.3
drug_resistant_pathogen,2020,year,CH,country,all,agegroup_anresis,all,ESCR-K.pneumoniae,positive,99,94.5,8670300,1.09,7.1,6.7
drug_resistant_pathogen,2020,year,CH,country,all,agegroup_anresis,all,FQR-E.coli,negative,5209,5344.8,8670300,61.65,82.6,82.6
drug_resistant_pathogen,2020,year,CH,country,all,agegroup_anresis,all,FQR-E.coli,positive,1099,1123.2,8670300,12.96,17.4,17.4
drug_resistant_pathogen,2020,year,CH,country,all,agegroup_anresis,all,MRSA,negative,2223,2306.3,8670300,26.6,95.3,95.3
drug_resistant_pathogen,2020,year,CH,country,all,agegroup_anresis,all,MRSA,positive,110,115,8670300,1.33,4.7,4.7
drug_resistant_pathogen,2020,year,CH,country,all,agegroup_anresis,all,VRE,negative,627,643.2,8670300,7.42,97.4,97.2
drug_resistant_pathogen,2020,year,CH,country,all,agegroup_anresis,all,VRE,positive,17,18.8,8670300,0.22,2.6,2.8
drug_resistant_pathogen,2021,year,CH,country,all,agegroup_anresis,all,CRE,negative,9854,9719.2,8738791,111.22,99.7,99.7
drug_resistant_pathogen,2021,year,CH,country,all,agegroup_anresis,all,CRE,positive,29,28.5,8738791,0.33,0.3,0.3
drug_resistant_pathogen,2021,year,CH,country,all,agegroup_anresis,all,ESCR-E.coli,negative,5699,5621.3,8738791,64.33,89.6,89.6
drug_resistant_pathogen,2021,year,CH,country,all,agegroup_anresis,all,ESCR-E.coli,positive,661,655,8738791,7.49,10.4,10.4
drug_resistant_pathogen,2021,year,CH,country,all,agegroup_anresis,all,ESCR-K.pneumoniae,negative,1367,1347.1,8738791,15.42,92.2,92
drug_resistant_pathogen,2021,year,CH,country,all,agegroup_anresis,all,ESCR-K.pneumoniae,positive,115,116.4,8738791,1.33,7.8,8
drug_resistant_pathogen,2021,year,CH,country,all,agegroup_anresis,all,FQR-E.coli,negative,5269,5192.6,8738791,59.42,83.3,83.2
drug_resistant_pathogen,2021,year,CH,country,all,agegroup_anresis,all,FQR-E.coli,positive,1053,1048.4,8738791,12,16.7,16.8
drug_resistant_pathogen,2021,year,CH,country,all,agegroup_anresis,all,MRSA,negative,2331,2357.4,8738791,26.98,95.4,95.6
drug_resistant_pathogen,2021,year,CH,country,all,agegroup_anresis,all,MRSA,positive,113,109,8738791,1.25,4.6,4.4
drug_resistant_pathogen,2021,year,CH,country,all,agegroup_anresis,all,VRE,negative,748,707.7,8738791,8.1,98,98
drug_resistant_pathogen,2021,year,CH,country,all,agegroup_anresis,all,VRE,positive,15,14.4,8738791,0.17,2,2
drug_resistant_pathogen,2022,year,CH,country,all,agegroup_anresis,all,CRE,negative,9974,9797.5,8815385,111.14,99.7,99.7
drug_resistant_pathogen,2022,year,CH,country,all,agegroup_anresis,all,CRE,positive,34,32,8815385,0.36,0.3,0.3
drug_resistant_pathogen,2022,year,CH,country,all,agegroup_anresis,all,ESCR-E.coli,negative,5981,5864.3,8815385,66.52,88.5,88.5
drug_resistant_pathogen,2022,year,CH,country,all,agegroup_anresis,all,ESCR-E.coli,positive,774,761.7,8815385,8.64,11.5,11.5
drug_resistant_pathogen,2022,year,CH,country,all,agegroup_anresis,all,ESCR-K.pneumoniae,negative,1450,1427.8,8815385,16.2,89.6,89.7
drug_resistant_pathogen,2022,year,CH,country,all,agegroup_anresis,all,ESCR-K.pneumoniae,positive,169,164.5,8815385,1.87,10.4,10.3
drug_resistant_pathogen,2022,year,CH,country,all,agegroup_anresis,all,FQR-E.coli,negative,5565,5436.4,8815385,61.67,83.7,83.4
drug_resistant_pathogen,2022,year,CH,country,all,agegroup_anresis,all,FQR-E.coli,positive,1080,1080.1,8815385,12.25,16.3,16.6
drug_resistant_pathogen,2022,year,CH,country,all,agegroup_anresis,all,MRSA,negative,2426,2465.8,8815385,27.97,96.1,96
drug_resistant_pathogen,2022,year,CH,country,all,agegroup_anresis,all,MRSA,positive,99,102,8815385,1.16,3.9,4
drug_resistant_pathogen,2022,year,CH,country,all,agegroup_anresis,all,VRE,negative,770,742.1,8815385,8.42,97,97.1
drug_resistant_pathogen,2022,year,CH,country,all,agegroup_anresis,all,VRE,positive,24,22.2,8815385,0.25,3,2.9
drug_resistant_pathogen,2023,year,CH,country,all,agegroup_anresis,all,CRE,negative,10076,9668.7,8962258,107.88,99.5,99.5
drug_resistant_pathogen,2023,year,CH,country,all,agegroup_anresis,all,CRE,positive,52,52.6,8962258,0.59,0.5,0.5
drug_resistant_pathogen,2023,year,CH,country,all,agegroup_anresis,all,ESCR-E.coli,negative,5994,5680.8,8962258,63.39,87.5,87.3
drug_resistant_pathogen,2023,year,CH,country,all,agegroup_anresis,all,ESCR-E.coli,positive,857,828.2,8962258,9.24,12.5,12.7
drug_resistant_pathogen,2023,year,CH,country,all,agegroup_anresis,all,ESCR-K.pneumoniae,negative,1515,1462.1,8962258,16.31,90.4,90.3
drug_resistant_pathogen,2023,year,CH,country,all,agegroup_anresis,all,ESCR-K.pneumoniae,positive,161,156.2,8962258,1.74,9.6,9.7
drug_resistant_pathogen,2023,year,CH,country,all,agegroup_anresis,all,FQR-E.coli,negative,5442,5144.7,8962258,57.4,81,80.5
drug_resistant_pathogen,2023,year,CH,country,all,agegroup_anresis,all,FQR-E.coli,positive,1275,1245.2,8962258,13.89,19,19.5
drug_resistant_pathogen,2023,year,CH,country,all,agegroup_anresis,all,MRSA,negative,2478,2462.7,8962258,27.48,96,96
drug_resistant_pathogen,2023,year,CH,country,all,agegroup_anresis,all,MRSA,positive,102,103.1,8962258,1.15,4,4
drug_resistant_pathogen,2023,year,CH,country,all,agegroup_anresis,all,VRE,negative,715,658.6,8962258,7.35,97.1,97.3
drug_resistant_pathogen,2023,year,CH,country,all,agegroup_anresis,all,VRE,positive,21,18.6,8962258,0.21,2.9,2.7
drug_resistant_pathogen,2024,year,CH,country,all,agegroup_anresis,all,CRE,negative,10249,9858.7,9051029,108.92,99.5,99.5
drug_resistant_pathogen,2024,year,CH,country,all,agegroup_anresis,all,CRE,positive,48,45.3,9051029,0.5,0.5,0.5
drug_resistant_pathogen,2024,year,CH,country,all,agegroup_anresis,all,ESCR-E.coli,negative,5958,5673.8,9051029,62.69,87.4,87.2
drug_resistant_pathogen,2024,year,CH,country,all,agegroup_anresis,all,ESCR-E.coli,positive,856,833,9051029,9.2,12.6,12.8
drug_resistant_pathogen,2024,year,CH,country,all,agegroup_anresis,all,ESCR-K.pneumoniae,negative,1520,1477.4,9051029,16.32,89,88.6
drug_resistant_pathogen,2024,year,CH,country,all,agegroup_anresis,all,ESCR-K.pneumoniae,positive,187,189.3,9051029,2.09,11,11.4
drug_resistant_pathogen,2024,year,CH,country,all,agegroup_anresis,all,FQR-E.coli,negative,5535,5291.8,9051029,58.47,82.7,82.6
drug_resistant_pathogen,2024,year,CH,country,all,agegroup_anresis,all,FQR-E.coli,positive,1159,1114.7,9051029,12.32,17.3,17.4
drug_resistant_pathogen,2024,year,CH,country,all,agegroup_anresis,all,MRSA,negative,2484,2473.7,9051029,27.33,95.9,96.2
drug_resistant_pathogen,2024,year,CH,country,all,agegroup_anresis,all,MRSA,positive,106,97.5,9051029,1.08,4.1,3.8
drug_resistant_pathogen,2024,year,CH,country,all,agegroup_anresis,all,VRE,negative,603,565.1,9051029,6.24,97.3,96.9
drug_resistant_pathogen,2024,year,CH,country,all,agegroup_anresis,all,VRE,positive,17,18.1,9051029,0.2,2.7,3.1
drug_resistant_pathogen,2025,year,CH,country,all,agegroup_anresis,all,CRE,negative,9358,8788.3,9127125,96.29,99.5,99.4
drug_resistant_pathogen,2025,year,CH,country,all,agegroup_anresis,all,CRE,positive,50,49.2,9127125,0.54,0.5,0.6
drug_resistant_pathogen,2025,year,CH,country,all,agegroup_anresis,all,ESCR-E.coli,negative,5559,5234.2,9127125,57.35,86.5,86.4
drug_resistant_pathogen,2025,year,CH,country,all,agegroup_anresis,all,ESCR-E.coli,positive,866,824.7,9127125,9.04,13.5,13.6
drug_resistant_pathogen,2025,year,CH,country,all,agegroup_anresis,all,ESCR-K.pneumoniae,negative,1509,1448.8,9127125,15.87,86.6,86.7
drug_resistant_pathogen,2025,year,CH,country,all,agegroup_anresis,all,ESCR-K.pneumoniae,positive,233,223,9127125,2.44,13.4,13.3
drug_resistant_pathogen,2025,year,CH,country,all,agegroup_anresis,all,FQR-E.coli,negative,5115,4825.3,9127125,52.87,83.2,83.2
drug_resistant_pathogen,2025,year,CH,country,all,agegroup_anresis,all,FQR-E.coli,positive,1034,976.2,9127125,10.7,16.8,16.8
drug_resistant_pathogen,2025,year,CH,country,all,agegroup_anresis,all,MRSA,negative,2360,2321.4,9127125,25.43,95,95.3
drug_resistant_pathogen,2025,year,CH,country,all,agegroup_anresis,all,MRSA,positive,123,115,9127125,1.26,5,4.7
drug_resistant_pathogen,2025,year,CH,country,all,agegroup_anresis,all,VRE,negative,665,577.7,9127125,6.33,98.4,98.2
drug_resistant_pathogen,2025,year,CH,country,all,agegroup_anresis,all,VRE,positive,11,10.8,9127125,0.12,1.6,1.8
drug_resistant_pathogen,2004,year,D-CH,linguistic_region,all,agegroup_anresis,all,CRE,negative,1139,NA,NA,NA,100,NA
drug_resistant_pathogen,2004,year,D-CH,linguistic_region,all,agegroup_anresis,all,CRE,positive,0,NA,NA,NA,0,NA
drug_resistant_pathogen,2004,year,D-CH,linguistic_region,all,agegroup_anresis,all,ESCR-E.coli,negative,770,NA,NA,NA,99.6,NA
drug_resistant_pathogen,2004,year,D-CH,linguistic_region,all,agegroup_anresis,all,ESCR-E.coli,positive,3,NA,NA,NA,0.4,NA
drug_resistant_pathogen,2004,year,D-CH,linguistic_region,all,agegroup_anresis,all,ESCR-K.pneumoniae,negative,144,NA,NA,NA,100,NA
drug_resistant_pathogen,2004,year,D-CH,linguistic_region,all,agegroup_anresis,all,ESCR-K.pneumoniae,positive,0,NA,NA,NA,0,NA
drug_resistant_pathogen,2004,year,D-CH,linguistic_region,all,agegroup_anresis,all,FQR-E.coli,negative,702,NA,NA,NA,91.4,NA
drug_resistant_pathogen,2004,year,D-CH,linguistic_region,all,agegroup_anresis,all,FQR-E.coli,positive,66,NA,NA,NA,8.6,NA
drug_resistant_pathogen,2004,year,D-CH,linguistic_region,all,agegroup_anresis,all,MRSA,negative,390,NA,NA,NA,94,NA
drug_resistant_pathogen,2004,year,D-CH,linguistic_region,all,agegroup_anresis,all,MRSA,positive,25,NA,NA,NA,6,NA
drug_resistant_pathogen,2004,year,D-CH,linguistic_region,all,agegroup_anresis,all,VRE,negative,22,NA,NA,NA,95.7,NA
drug_resistant_pathogen,2004,year,D-CH,linguistic_region,all,agegroup_anresis,all,VRE,positive,1,NA,NA,NA,4.3,NA
drug_resistant_pathogen,2004,year,F-CH,linguistic_region,all,agegroup_anresis,all,CRE,negative,591,NA,NA,NA,100,NA
drug_resistant_pathogen,2004,year,F-CH,linguistic_region,all,agegroup_anresis,all,CRE,positive,0,NA,NA,NA,0,NA
drug_resistant_pathogen,2004,year,F-CH,linguistic_region,all,agegroup_anresis,all,ESCR-E.coli,negative,399,NA,NA,NA,99.8,NA
drug_resistant_pathogen,2004,year,F-CH,linguistic_region,all,agegroup_anresis,all,ESCR-E.coli,positive,1,NA,NA,NA,0.2,NA
drug_resistant_pathogen,2004,year,F-CH,linguistic_region,all,agegroup_anresis,all,ESCR-K.pneumoniae,negative,60,NA,NA,NA,98.4,NA
drug_resistant_pathogen,2004,year,F-CH,linguistic_region,all,agegroup_anresis,all,ESCR-K.pneumoniae,positive,1,NA,NA,NA,1.6,NA
drug_resistant_pathogen,2004,year,F-CH,linguistic_region,all,agegroup_anresis,all,FQR-E.coli,negative,362,NA,NA,NA,90.3,NA
drug_resistant_pathogen,2004,year,F-CH,linguistic_region,all,agegroup_anresis,all,FQR-E.coli,positive,39,NA,NA,NA,9.7,NA
drug_resistant_pathogen,2004,year,F-CH,linguistic_region,all,agegroup_anresis,all,MRSA,negative,190,NA,NA,NA,80.5,NA
drug_resistant_pathogen,2004,year,F-CH,linguistic_region,all,agegroup_anresis,all,MRSA,positive,46,NA,NA,NA,19.5,NA
drug_resistant_pathogen,2004,year,F-CH,linguistic_region,all,agegroup_anresis,all,VRE,negative,19,NA,NA,NA,100,NA
drug_resistant_pathogen,2004,year,F-CH,linguistic_region,all,agegroup_anresis,all,VRE,positive,0,NA,NA,NA,0,NA
drug_resistant_pathogen,2004,year,I-CH,linguistic_region,all,agegroup_anresis,all,CRE,negative,53,NA,NA,NA,100,NA
drug_resistant_pathogen,2004,year,I-CH,linguistic_region,all,agegroup_anresis,all,CRE,positive,0,NA,NA,NA,0,NA
drug_resistant_pathogen,2004,year,I-CH,linguistic_region,all,agegroup_anresis,all,ESCR-E.coli,negative,221,NA,NA,NA,97.8,NA
drug_resistant_pathogen,2004,year,I-CH,linguistic_region,all,agegroup_anresis,all,ESCR-E.coli,positive,5,NA,NA,NA,2.2,NA
drug_resistant_pathogen,2004,year,I-CH,linguistic_region,all,agegroup_anresis,all,ESCR-K.pneumoniae,negative,27,NA,NA,NA,96.4,NA
drug_resistant_pathogen,2004,year,I-CH,linguistic_region,all,agegroup_anresis,all,ESCR-K.pneumoniae,positive,1,NA,NA,NA,3.6,NA
drug_resistant_pathogen,2004,year,I-CH,linguistic_region,all,agegroup_anresis,all,FQR-E.coli,negative,196,NA,NA,NA,86.7,NA
drug_resistant_pathogen,2004,year,I-CH,linguistic_region,all,agegroup_anresis,all,FQR-E.coli,positive,30,NA,NA,NA,13.3,NA
drug_resistant_pathogen,2004,year,I-CH,linguistic_region,all,agegroup_anresis,all,MRSA,negative,66,NA,NA,NA,72.5,NA
drug_resistant_pathogen,2004,year,I-CH,linguistic_region,all,agegroup_anresis,all,MRSA,positive,25,NA,NA,NA,27.5,NA
drug_resistant_pathogen,2004,year,I-CH,linguistic_region,all,agegroup_anresis,all,VRE,negative,11,NA,NA,NA,100,NA
drug_resistant_pathogen,2004,year,I-CH,linguistic_region,all,agegroup_anresis,all,VRE,positive,0,NA,NA,NA,0,NA
drug_resistant_pathogen,2004,year,unknown,linguistic_region,all,agegroup_anresis,all,CRE,negative,16,NA,NA,NA,NA,NA
drug_resistant_pathogen,2004,year,unknown,linguistic_region,all,agegroup_anresis,all,CRE,positive,0,NA,NA,NA,NA,NA
drug_resistant_pathogen,2004,year,unknown,linguistic_region,all,agegroup_anresis,all,ESCR-E.coli,negative,11,NA,NA,NA,NA,NA
drug_resistant_pathogen,2004,year,unknown,linguistic_region,all,agegroup_anresis,all,ESCR-E.coli,positive,1,NA,NA,NA,NA,NA
drug_resistant_pathogen,2004,year,unknown,linguistic_region,all,agegroup_anresis,all,ESCR-K.pneumoniae,negative,2,NA,NA,NA,NA,NA
drug_resistant_pathogen,2004,year,unknown,linguistic_region,all,agegroup_anresis,all,ESCR-K.pneumoniae,positive,1,NA,NA,NA,NA,NA
drug_resistant_pathogen,2004,year,unknown,linguistic_region,all,agegroup_anresis,all,FQR-E.coli,negative,11,NA,NA,NA,NA,NA
drug_resistant_pathogen,2004,year,unknown,linguistic_region,all,agegroup_anresis,all,FQR-E.coli,positive,1,NA,NA,NA,NA,NA
drug_resistant_pathogen,2004,year,unknown,linguistic_region,all,agegroup_anresis,all,MRSA,negative,4,NA,NA,NA,NA,NA
drug_resistant_pathogen,2004,year,unknown,linguistic_region,all,agegroup_anresis,all,MRSA,positive,0,NA,NA,NA,NA,NA
drug_resistant_pathogen,2004,year,unknown,linguistic_region,all,agegroup_anresis,all,VRE,negative,0,NA,NA,NA,NA,NA
drug_resistant_pathogen,2004,year,unknown,linguistic_region,all,agegroup_anresis,all,VRE,positive,0,NA,NA,NA,NA,NA
drug_resistant_pathogen,2005,year,D-CH,linguistic_region,all,agegroup_anresis,all,CRE,negative,1334,NA,NA,NA,100,NA
drug_resistant_pathogen,2005,year,D-CH,linguistic_region,all,agegroup_anresis,all,CRE,positive,0,NA,NA,NA,0,NA
drug_resistant_pathogen,2005,year,D-CH,linguistic_region,all,agegroup_anresis,all,ESCR-E.coli,negative,881,NA,NA,NA,98.9,NA
drug_resistant_pathogen,2005,year,D-CH,linguistic_region,all,agegroup_anresis,all,ESCR-E.coli,positive,10,NA,NA,NA,1.1,NA
drug_resistant_pathogen,2005,year,D-CH,linguistic_region,all,agegroup_anresis,all,ESCR-K.pneumoniae,negative,170,NA,NA,NA,98.3,NA
drug_resistant_pathogen,2005,year,D-CH,linguistic_region,all,agegroup_anresis,all,ESCR-K.pneumoniae,positive,3,NA,NA,NA,1.7,NA
drug_resistant_pathogen,2005,year,D-CH,linguistic_region,all,agegroup_anresis,all,FQR-E.coli,negative,797,NA,NA,NA,89.7,NA
drug_resistant_pathogen,2005,year,D-CH,linguistic_region,all,agegroup_anresis,all,FQR-E.coli,positive,92,NA,NA,NA,10.3,NA
drug_resistant_pathogen,2005,year,D-CH,linguistic_region,all,agegroup_anresis,all,MRSA,negative,488,NA,NA,NA,98,NA
drug_resistant_pathogen,2005,year,D-CH,linguistic_region,all,agegroup_anresis,all,MRSA,positive,10,NA,NA,NA,2,NA
drug_resistant_pathogen,2005,year,D-CH,linguistic_region,all,agegroup_anresis,all,VRE,negative,21,NA,NA,NA,100,NA
drug_resistant_pathogen,2005,year,D-CH,linguistic_region,all,agegroup_anresis,all,VRE,positive,0,NA,NA,NA,0,NA
drug_resistant_pathogen,2005,year,F-CH,linguistic_region,all,agegroup_anresis,all,CRE,negative,706,NA,NA,NA,99.9,NA
drug_resistant_pathogen,2005,year,F-CH,linguistic_region,all,agegroup_anresis,all,CRE,positive,1,NA,NA,NA,0.1,NA
drug_resistant_pathogen,2005,year,F-CH,linguistic_region,all,agegroup_anresis,all,ESCR-E.coli,negative,457,NA,NA,NA,97.4,NA
drug_resistant_pathogen,2005,year,F-CH,linguistic_region,all,agegroup_anresis,all,ESCR-E.coli,positive,12,NA,NA,NA,2.6,NA
drug_resistant_pathogen,2005,year,F-CH,linguistic_region,all,agegroup_anresis,all,ESCR-K.pneumoniae,negative,63,NA,NA,NA,95.5,NA
drug_resistant_pathogen,2005,year,F-CH,linguistic_region,all,agegroup_anresis,all,ESCR-K.pneumoniae,positive,3,NA,NA,NA,4.5,NA
drug_resistant_pathogen,2005,year,F-CH,linguistic_region,all,agegroup_anresis,all,FQR-E.coli,negative,419,NA,NA,NA,89.3,NA
drug_resistant_pathogen,2005,year,F-CH,linguistic_region,all,agegroup_anresis,all,FQR-E.coli,positive,50,NA,NA,NA,10.7,NA
drug_resistant_pathogen,2005,year,F-CH,linguistic_region,all,agegroup_anresis,all,MRSA,negative,152,NA,NA,NA,75.2,NA
drug_resistant_pathogen,2005,year,F-CH,linguistic_region,all,agegroup_anresis,all,MRSA,positive,50,NA,NA,NA,24.8,NA
drug_resistant_pathogen,2005,year,F-CH,linguistic_region,all,agegroup_anresis,all,VRE,negative,30,NA,NA,NA,96.8,NA
drug_resistant_pathogen,2005,year,F-CH,linguistic_region,all,agegroup_anresis,all,VRE,positive,1,NA,NA,NA,3.2,NA
drug_resistant_pathogen,2005,year,I-CH,linguistic_region,all,agegroup_anresis,all,CRE,negative,101,NA,NA,NA,99,NA
drug_resistant_pathogen,2005,year,I-CH,linguistic_region,all,agegroup_anresis,all,CRE,positive,1,NA,NA,NA,1,NA
drug_resistant_pathogen,2005,year,I-CH,linguistic_region,all,agegroup_anresis,all,ESCR-E.coli,negative,239,NA,NA,NA,99.2,NA
drug_resistant_pathogen,2005,year,I-CH,linguistic_region,all,agegroup_anresis,all,ESCR-E.coli,positive,2,NA,NA,NA,0.8,NA
drug_resistant_pathogen,2005,year,I-CH,linguistic_region,all,agegroup_anresis,all,ESCR-K.pneumoniae,negative,36,NA,NA,NA,97.3,NA
drug_resistant_pathogen,2005,year,I-CH,linguistic_region,all,agegroup_anresis,all,ESCR-K.pneumoniae,positive,1,NA,NA,NA,2.7,NA
drug_resistant_pathogen,2005,year,I-CH,linguistic_region,all,agegroup_anresis,all,FQR-E.coli,negative,210,NA,NA,NA,87.1,NA
drug_resistant_pathogen,2005,year,I-CH,linguistic_region,all,agegroup_anresis,all,FQR-E.coli,positive,31,NA,NA,NA,12.9,NA
drug_resistant_pathogen,2005,year,I-CH,linguistic_region,all,agegroup_anresis,all,MRSA,negative,95,NA,NA,NA,81.9,NA
drug_resistant_pathogen,2005,year,I-CH,linguistic_region,all,agegroup_anresis,all,MRSA,positive,21,NA,NA,NA,18.1,NA
drug_resistant_pathogen,2005,year,I-CH,linguistic_region,all,agegroup_anresis,all,VRE,negative,8,NA,NA,NA,100,NA
drug_resistant_pathogen,2005,year,I-CH,linguistic_region,all,agegroup_anresis,all,VRE,positive,0,NA,NA,NA,0,NA
drug_resistant_pathogen,2005,year,unknown,linguistic_region,all,agegroup_anresis,all,CRE,negative,11,NA,NA,NA,NA,NA
drug_resistant_pathogen,2005,year,unknown,linguistic_region,all,agegroup_anresis,all,CRE,positive,0,NA,NA,NA,NA,NA
drug_resistant_pathogen,2005,year,unknown,linguistic_region,all,agegroup_anresis,all,ESCR-E.coli,negative,7,NA,NA,NA,NA,NA
drug_resistant_pathogen,2005,year,unknown,linguistic_region,all,agegroup_anresis,all,ESCR-E.coli,positive,0,NA,NA,NA,NA,NA
drug_resistant_pathogen,2005,year,unknown,linguistic_region,all,agegroup_anresis,all,ESCR-K.pneumoniae,negative,1,NA,NA,NA,NA,NA
drug_resistant_pathogen,2005,year,unknown,linguistic_region,all,agegroup_anresis,all,ESCR-K.pneumoniae,positive,0,NA,NA,NA,NA,NA
drug_resistant_pathogen,2005,year,unknown,linguistic_region,all,agegroup_anresis,all,FQR-E.coli,negative,7,NA,NA,NA,NA,NA
drug_resistant_pathogen,2005,year,unknown,linguistic_region,all,agegroup_anresis,all,FQR-E.coli,positive,0,NA,NA,NA,NA,NA
drug_resistant_pathogen,2005,year,unknown,linguistic_region,all,agegroup_anresis,all,MRSA,negative,2,NA,NA,NA,NA,NA
drug_resistant_pathogen,2005,year,unknown,linguistic_region,all,agegroup_anresis,all,MRSA,positive,1,NA,NA,NA,NA,NA
drug_resistant_pathogen,2005,year,unknown,linguistic_region,all,agegroup_anresis,all,VRE,negative,0,NA,NA,NA,NA,NA
drug_resistant_pathogen,2005,year,unknown,linguistic_region,all,agegroup_anresis,all,VRE,positive,0,NA,NA,NA,NA,NA
drug_resistant_pathogen,2006,year,D-CH,linguistic_region,all,agegroup_anresis,all,CRE,negative,1801,NA,NA,NA,100,NA
drug_resistant_pathogen,2006,year,D-CH,linguistic_region,all,agegroup_anresis,all,CRE,positive,0,NA,NA,NA,0,NA
drug_resistant_pathogen,2006,year,D-CH,linguistic_region,all,agegroup_anresis,all,ESCR-E.coli,negative,1178,NA,NA,NA,98.2,NA
drug_resistant_pathogen,2006,year,D-CH,linguistic_region,all,agegroup_anresis,all,ESCR-E.coli,positive,21,NA,NA,NA,1.8,NA
drug_resistant_pathogen,2006,year,D-CH,linguistic_region,all,agegroup_anresis,all,ESCR-K.pneumoniae,negative,209,NA,NA,NA,99.5,NA
drug_resistant_pathogen,2006,year,D-CH,linguistic_region,all,agegroup_anresis,all,ESCR-K.pneumoniae,positive,1,NA,NA,NA,0.5,NA
drug_resistant_pathogen,2006,year,D-CH,linguistic_region,all,agegroup_anresis,all,FQR-E.coli,negative,1066,NA,NA,NA,89.1,NA
drug_resistant_pathogen,2006,year,D-CH,linguistic_region,all,agegroup_anresis,all,FQR-E.coli,positive,131,NA,NA,NA,10.9,NA
drug_resistant_pathogen,2006,year,D-CH,linguistic_region,all,agegroup_anresis,all,MRSA,negative,587,NA,NA,NA,95.3,NA
drug_resistant_pathogen,2006,year,D-CH,linguistic_region,all,agegroup_anresis,all,MRSA,positive,29,NA,NA,NA,4.7,NA
drug_resistant_pathogen,2006,year,D-CH,linguistic_region,all,agegroup_anresis,all,VRE,negative,35,NA,NA,NA,100,NA
drug_resistant_pathogen,2006,year,D-CH,linguistic_region,all,agegroup_anresis,all,VRE,positive,0,NA,NA,NA,0,NA
drug_resistant_pathogen,2006,year,F-CH,linguistic_region,all,agegroup_anresis,all,CRE,negative,1069,NA,NA,NA,99.9,NA
drug_resistant_pathogen,2006,year,F-CH,linguistic_region,all,agegroup_anresis,all,CRE,positive,1,NA,NA,NA,0.1,NA
drug_resistant_pathogen,2006,year,F-CH,linguistic_region,all,agegroup_anresis,all,ESCR-E.coli,negative,674,NA,NA,NA,97.3,NA
drug_resistant_pathogen,2006,year,F-CH,linguistic_region,all,agegroup_anresis,all,ESCR-E.coli,positive,19,NA,NA,NA,2.7,NA
drug_resistant_pathogen,2006,year,F-CH,linguistic_region,all,agegroup_anresis,all,ESCR-K.pneumoniae,negative,98,NA,NA,NA,95.1,NA
drug_resistant_pathogen,2006,year,F-CH,linguistic_region,all,agegroup_anresis,all,ESCR-K.pneumoniae,positive,5,NA,NA,NA,4.9,NA
drug_resistant_pathogen,2006,year,F-CH,linguistic_region,all,agegroup_anresis,all,FQR-E.coli,negative,612,NA,NA,NA,88.3,NA
drug_resistant_pathogen,2006,year,F-CH,linguistic_region,all,agegroup_anresis,all,FQR-E.coli,positive,81,NA,NA,NA,11.7,NA
drug_resistant_pathogen,2006,year,F-CH,linguistic_region,all,agegroup_anresis,all,MRSA,negative,259,NA,NA,NA,81.4,NA
drug_resistant_pathogen,2006,year,F-CH,linguistic_region,all,agegroup_anresis,all,MRSA,positive,59,NA,NA,NA,18.6,NA
drug_resistant_pathogen,2006,year,F-CH,linguistic_region,all,agegroup_anresis,all,VRE,negative,55,NA,NA,NA,96.5,NA
drug_resistant_pathogen,2006,year,F-CH,linguistic_region,all,agegroup_anresis,all,VRE,positive,2,NA,NA,NA,3.5,NA
drug_resistant_pathogen,2006,year,I-CH,linguistic_region,all,agegroup_anresis,all,CRE,negative,352,NA,NA,NA,100,NA
drug_resistant_pathogen,2006,year,I-CH,linguistic_region,all,agegroup_anresis,all,CRE,positive,0,NA,NA,NA,0,NA
drug_resistant_pathogen,2006,year,I-CH,linguistic_region,all,agegroup_anresis,all,ESCR-E.coli,negative,232,NA,NA,NA,95.5,NA
drug_resistant_pathogen,2006,year,I-CH,linguistic_region,all,agegroup_anresis,all,ESCR-E.coli,positive,11,NA,NA,NA,4.5,NA
drug_resistant_pathogen,2006,year,I-CH,linguistic_region,all,agegroup_anresis,all,ESCR-K.pneumoniae,negative,33,NA,NA,NA,100,NA
drug_resistant_pathogen,2006,year,I-CH,linguistic_region,all,agegroup_anresis,all,ESCR-K.pneumoniae,positive,0,NA,NA,NA,0,NA
drug_resistant_pathogen,2006,year,I-CH,linguistic_region,all,agegroup_anresis,all,FQR-E.coli,negative,209,NA,NA,NA,86,NA
drug_resistant_pathogen,2006,year,I-CH,linguistic_region,all,agegroup_anresis,all,FQR-E.coli,positive,34,NA,NA,NA,14,NA
drug_resistant_pathogen,2006,year,I-CH,linguistic_region,all,agegroup_anresis,all,MRSA,negative,78,NA,NA,NA,82.1,NA
drug_resistant_pathogen,2006,year,I-CH,linguistic_region,all,agegroup_anresis,all,MRSA,positive,17,NA,NA,NA,17.9,NA
drug_resistant_pathogen,2006,year,I-CH,linguistic_region,all,agegroup_anresis,all,VRE,negative,9,NA,NA,NA,100,NA
drug_resistant_pathogen,2006,year,I-CH,linguistic_region,all,agegroup_anresis,all,VRE,positive,0,NA,NA,NA,0,NA
drug_resistant_pathogen,2006,year,unknown,linguistic_region,all,agegroup_anresis,all,CRE,negative,22,NA,NA,NA,NA,NA
drug_resistant_pathogen,2006,year,unknown,linguistic_region,all,agegroup_anresis,all,CRE,positive,0,NA,NA,NA,NA,NA
drug_resistant_pathogen,2006,year,unknown,linguistic_region,all,agegroup_anresis,all,ESCR-E.coli,negative,14,NA,NA,NA,NA,NA
drug_resistant_pathogen,2006,year,unknown,linguistic_region,all,agegroup_anresis,all,ESCR-E.coli,positive,0,NA,NA,NA,NA,NA
drug_resistant_pathogen,2006,year,unknown,linguistic_region,all,agegroup_anresis,all,ESCR-K.pneumoniae,negative,3,NA,NA,NA,NA,NA
drug_resistant_pathogen,2006,year,unknown,linguistic_region,all,agegroup_anresis,all,ESCR-K.pneumoniae,positive,0,NA,NA,NA,NA,NA
drug_resistant_pathogen,2006,year,unknown,linguistic_region,all,agegroup_anresis,all,FQR-E.coli,negative,13,NA,NA,NA,NA,NA
drug_resistant_pathogen,2006,year,unknown,linguistic_region,all,agegroup_anresis,all,FQR-E.coli,positive,1,NA,NA,NA,NA,NA
drug_resistant_pathogen,2006,year,unknown,linguistic_region,all,agegroup_anresis,all,MRSA,negative,9,NA,NA,NA,NA,NA
drug_resistant_pathogen,2006,year,unknown,linguistic_region,all,agegroup_anresis,all,MRSA,positive,0,NA,NA,NA,NA,NA
drug_resistant_pathogen,2006,year,unknown,linguistic_region,all,agegroup_anresis,all,VRE,negative,0,NA,NA,NA,NA,NA
drug_resistant_pathogen,2006,year,unknown,linguistic_region,all,agegroup_anresis,all,VRE,positive,0,NA,NA,NA,NA,NA
drug_resistant_pathogen,2007,year,D-CH,linguistic_region,all,agegroup_anresis,all,CRE,negative,2047,NA,NA,NA,100,NA
drug_resistant_pathogen,2007,year,D-CH,linguistic_region,all,agegroup_anresis,all,CRE,positive,1,NA,NA,NA,0,NA
drug_resistant_pathogen,2007,year,D-CH,linguistic_region,all,agegroup_anresis,all,ESCR-E.coli,negative,1281,NA,NA,NA,97.9,NA
drug_resistant_pathogen,2007,year,D-CH,linguistic_region,all,agegroup_anresis,all,ESCR-E.coli,positive,28,NA,NA,NA,2.1,NA
drug_resistant_pathogen,2007,year,D-CH,linguistic_region,all,agegroup_anresis,all,ESCR-K.pneumoniae,negative,271,NA,NA,NA,97.1,NA
drug_resistant_pathogen,2007,year,D-CH,linguistic_region,all,agegroup_anresis,all,ESCR-K.pneumoniae,positive,8,NA,NA,NA,2.9,NA
drug_resistant_pathogen,2007,year,D-CH,linguistic_region,all,agegroup_anresis,all,FQR-E.coli,negative,1119,NA,NA,NA,85.4,NA
drug_resistant_pathogen,2007,year,D-CH,linguistic_region,all,agegroup_anresis,all,FQR-E.coli,positive,192,NA,NA,NA,14.6,NA
drug_resistant_pathogen,2007,year,D-CH,linguistic_region,all,agegroup_anresis,all,MRSA,negative,624,NA,NA,NA,95.7,NA
drug_resistant_pathogen,2007,year,D-CH,linguistic_region,all,agegroup_anresis,all,MRSA,positive,28,NA,NA,NA,4.3,NA
drug_resistant_pathogen,2007,year,D-CH,linguistic_region,all,agegroup_anresis,all,VRE,negative,45,NA,NA,NA,100,NA
drug_resistant_pathogen,2007,year,D-CH,linguistic_region,all,agegroup_anresis,all,VRE,positive,0,NA,NA,NA,0,NA
drug_resistant_pathogen,2007,year,F-CH,linguistic_region,all,agegroup_anresis,all,CRE,negative,1037,NA,NA,NA,100,NA
drug_resistant_pathogen,2007,year,F-CH,linguistic_region,all,agegroup_anresis,all,CRE,positive,0,NA,NA,NA,0,NA
drug_resistant_pathogen,2007,year,F-CH,linguistic_region,all,agegroup_anresis,all,ESCR-E.coli,negative,702,NA,NA,NA,97.4,NA
drug_resistant_pathogen,2007,year,F-CH,linguistic_region,all,agegroup_anresis,all,ESCR-E.coli,positive,19,NA,NA,NA,2.6,NA
drug_resistant_pathogen,2007,year,F-CH,linguistic_region,all,agegroup_anresis,all,ESCR-K.pneumoniae,negative,95,NA,NA,NA,94.1,NA
drug_resistant_pathogen,2007,year,F-CH,linguistic_region,all,agegroup_anresis,all,ESCR-K.pneumoniae,positive,6,NA,NA,NA,5.9,NA
drug_resistant_pathogen,2007,year,F-CH,linguistic_region,all,agegroup_anresis,all,FQR-E.coli,negative,601,NA,NA,NA,83.4,NA
drug_resistant_pathogen,2007,year,F-CH,linguistic_region,all,agegroup_anresis,all,FQR-E.coli,positive,120,NA,NA,NA,16.6,NA
drug_resistant_pathogen,2007,year,F-CH,linguistic_region,all,agegroup_anresis,all,MRSA,negative,247,NA,NA,NA,79.2,NA
drug_resistant_pathogen,2007,year,F-CH,linguistic_region,all,agegroup_anresis,all,MRSA,positive,65,NA,NA,NA,20.8,NA
drug_resistant_pathogen,2007,year,F-CH,linguistic_region,all,agegroup_anresis,all,VRE,negative,51,NA,NA,NA,98.1,NA
drug_resistant_pathogen,2007,year,F-CH,linguistic_region,all,agegroup_anresis,all,VRE,positive,1,NA,NA,NA,1.9,NA
drug_resistant_pathogen,2007,year,I-CH,linguistic_region,all,agegroup_anresis,all,CRE,negative,346,NA,NA,NA,100,NA
drug_resistant_pathogen,2007,year,I-CH,linguistic_region,all,agegroup_anresis,all,CRE,positive,0,NA,NA,NA,0,NA
drug_resistant_pathogen,2007,year,I-CH,linguistic_region,all,agegroup_anresis,all,ESCR-E.coli,negative,234,NA,NA,NA,97.5,NA
drug_resistant_pathogen,2007,year,I-CH,linguistic_region,all,agegroup_anresis,all,ESCR-E.coli,positive,6,NA,NA,NA,2.5,NA
drug_resistant_pathogen,2007,year,I-CH,linguistic_region,all,agegroup_anresis,all,ESCR-K.pneumoniae,negative,34,NA,NA,NA,97.1,NA
drug_resistant_pathogen,2007,year,I-CH,linguistic_region,all,agegroup_anresis,all,ESCR-K.pneumoniae,positive,1,NA,NA,NA,2.9,NA
drug_resistant_pathogen,2007,year,I-CH,linguistic_region,all,agegroup_anresis,all,FQR-E.coli,negative,195,NA,NA,NA,81.2,NA
drug_resistant_pathogen,2007,year,I-CH,linguistic_region,all,agegroup_anresis,all,FQR-E.coli,positive,45,NA,NA,NA,18.8,NA
drug_resistant_pathogen,2007,year,I-CH,linguistic_region,all,agegroup_anresis,all,MRSA,negative,80,NA,NA,NA,80.8,NA
drug_resistant_pathogen,2007,year,I-CH,linguistic_region,all,agegroup_anresis,all,MRSA,positive,19,NA,NA,NA,19.2,NA
drug_resistant_pathogen,2007,year,I-CH,linguistic_region,all,agegroup_anresis,all,VRE,negative,7,NA,NA,NA,100,NA
drug_resistant_pathogen,2007,year,I-CH,linguistic_region,all,agegroup_anresis,all,VRE,positive,0,NA,NA,NA,0,NA
drug_resistant_pathogen,2007,year,unknown,linguistic_region,all,agegroup_anresis,all,CRE,negative,92,NA,NA,NA,NA,NA
drug_resistant_pathogen,2007,year,unknown,linguistic_region,all,agegroup_anresis,all,CRE,positive,0,NA,NA,NA,NA,NA
drug_resistant_pathogen,2007,year,unknown,linguistic_region,all,agegroup_anresis,all,ESCR-E.coli,negative,66,NA,NA,NA,NA,NA
drug_resistant_pathogen,2007,year,unknown,linguistic_region,all,agegroup_anresis,all,ESCR-E.coli,positive,1,NA,NA,NA,NA,NA
drug_resistant_pathogen,2007,year,unknown,linguistic_region,all,agegroup_anresis,all,ESCR-K.pneumoniae,negative,6,NA,NA,NA,NA,NA
drug_resistant_pathogen,2007,year,unknown,linguistic_region,all,agegroup_anresis,all,ESCR-K.pneumoniae,positive,1,NA,NA,NA,NA,NA
drug_resistant_pathogen,2007,year,unknown,linguistic_region,all,agegroup_anresis,all,FQR-E.coli,negative,56,NA,NA,NA,NA,NA
drug_resistant_pathogen,2007,year,unknown,linguistic_region,all,agegroup_anresis,all,FQR-E.coli,positive,11,NA,NA,NA,NA,NA
drug_resistant_pathogen,2007,year,unknown,linguistic_region,all,agegroup_anresis,all,MRSA,negative,28,NA,NA,NA,NA,NA
drug_resistant_pathogen,2007,year,unknown,linguistic_region,all,agegroup_anresis,all,MRSA,positive,4,NA,NA,NA,NA,NA
drug_resistant_pathogen,2007,year,unknown,linguistic_region,all,agegroup_anresis,all,VRE,negative,1,NA,NA,NA,NA,NA
drug_resistant_pathogen,2007,year,unknown,linguistic_region,all,agegroup_anresis,all,VRE,positive,0,NA,NA,NA,NA,NA
drug_resistant_pathogen,2008,year,D-CH,linguistic_region,all,agegroup_anresis,all,CRE,negative,2022,NA,NA,NA,100,NA
drug_resistant_pathogen,2008,year,D-CH,linguistic_region,all,agegroup_anresis,all,CRE,positive,0,NA,NA,NA,0,NA
drug_resistant_pathogen,2008,year,D-CH,linguistic_region,all,agegroup_anresis,all,ESCR-E.coli,negative,1390,NA,NA,NA,97.1,NA
drug_resistant_pathogen,2008,year,D-CH,linguistic_region,all,agegroup_anresis,all,ESCR-E.coli,positive,42,NA,NA,NA,2.9,NA
drug_resistant_pathogen,2008,year,D-CH,linguistic_region,all,agegroup_anresis,all,ESCR-K.pneumoniae,negative,277,NA,NA,NA,97.2,NA
drug_resistant_pathogen,2008,year,D-CH,linguistic_region,all,agegroup_anresis,all,ESCR-K.pneumoniae,positive,8,NA,NA,NA,2.8,NA
drug_resistant_pathogen,2008,year,D-CH,linguistic_region,all,agegroup_anresis,all,FQR-E.coli,negative,1225,NA,NA,NA,85.4,NA
drug_resistant_pathogen,2008,year,D-CH,linguistic_region,all,agegroup_anresis,all,FQR-E.coli,positive,209,NA,NA,NA,14.6,NA
drug_resistant_pathogen,2008,year,D-CH,linguistic_region,all,agegroup_anresis,all,MRSA,negative,646,NA,NA,NA,96,NA
drug_resistant_pathogen,2008,year,D-CH,linguistic_region,all,agegroup_anresis,all,MRSA,positive,27,NA,NA,NA,4,NA
drug_resistant_pathogen,2008,year,D-CH,linguistic_region,all,agegroup_anresis,all,VRE,negative,72,NA,NA,NA,98.6,NA
drug_resistant_pathogen,2008,year,D-CH,linguistic_region,all,agegroup_anresis,all,VRE,positive,1,NA,NA,NA,1.4,NA
drug_resistant_pathogen,2008,year,F-CH,linguistic_region,all,agegroup_anresis,all,CRE,negative,1397,NA,NA,NA,99.9,NA
drug_resistant_pathogen,2008,year,F-CH,linguistic_region,all,agegroup_anresis,all,CRE,positive,1,NA,NA,NA,0.1,NA
drug_resistant_pathogen,2008,year,F-CH,linguistic_region,all,agegroup_anresis,all,ESCR-E.coli,negative,859,NA,NA,NA,94.6,NA
drug_resistant_pathogen,2008,year,F-CH,linguistic_region,all,agegroup_anresis,all,ESCR-E.coli,positive,49,NA,NA,NA,5.4,NA
drug_resistant_pathogen,2008,year,F-CH,linguistic_region,all,agegroup_anresis,all,ESCR-K.pneumoniae,negative,136,NA,NA,NA,95.8,NA
drug_resistant_pathogen,2008,year,F-CH,linguistic_region,all,agegroup_anresis,all,ESCR-K.pneumoniae,positive,6,NA,NA,NA,4.2,NA
drug_resistant_pathogen,2008,year,F-CH,linguistic_region,all,agegroup_anresis,all,FQR-E.coli,negative,775,NA,NA,NA,85.4,NA
drug_resistant_pathogen,2008,year,F-CH,linguistic_region,all,agegroup_anresis,all,FQR-E.coli,positive,133,NA,NA,NA,14.6,NA
drug_resistant_pathogen,2008,year,F-CH,linguistic_region,all,agegroup_anresis,all,MRSA,negative,310,NA,NA,NA,81.6,NA
drug_resistant_pathogen,2008,year,F-CH,linguistic_region,all,agegroup_anresis,all,MRSA,positive,70,NA,NA,NA,18.4,NA
drug_resistant_pathogen,2008,year,F-CH,linguistic_region,all,agegroup_anresis,all,VRE,negative,89,NA,NA,NA,100,NA
drug_resistant_pathogen,2008,year,F-CH,linguistic_region,all,agegroup_anresis,all,VRE,positive,0,NA,NA,NA,0,NA
drug_resistant_pathogen,2008,year,I-CH,linguistic_region,all,agegroup_anresis,all,CRE,negative,417,NA,NA,NA,100,NA
drug_resistant_pathogen,2008,year,I-CH,linguistic_region,all,agegroup_anresis,all,CRE,positive,0,NA,NA,NA,0,NA
drug_resistant_pathogen,2008,year,I-CH,linguistic_region,all,agegroup_anresis,all,ESCR-E.coli,negative,297,NA,NA,NA,98.3,NA
drug_resistant_pathogen,2008,year,I-CH,linguistic_region,all,agegroup_anresis,all,ESCR-E.coli,positive,5,NA,NA,NA,1.7,NA
drug_resistant_pathogen,2008,year,I-CH,linguistic_region,all,agegroup_anresis,all,ESCR-K.pneumoniae,negative,35,NA,NA,NA,100,NA
drug_resistant_pathogen,2008,year,I-CH,linguistic_region,all,agegroup_anresis,all,ESCR-K.pneumoniae,positive,0,NA,NA,NA,0,NA
drug_resistant_pathogen,2008,year,I-CH,linguistic_region,all,agegroup_anresis,all,FQR-E.coli,negative,254,NA,NA,NA,84.1,NA
drug_resistant_pathogen,2008,year,I-CH,linguistic_region,all,agegroup_anresis,all,FQR-E.coli,positive,48,NA,NA,NA,15.9,NA
drug_resistant_pathogen,2008,year,I-CH,linguistic_region,all,agegroup_anresis,all,MRSA,negative,76,NA,NA,NA,81.7,NA
drug_resistant_pathogen,2008,year,I-CH,linguistic_region,all,agegroup_anresis,all,MRSA,positive,17,NA,NA,NA,18.3,NA
drug_resistant_pathogen,2008,year,I-CH,linguistic_region,all,agegroup_anresis,all,VRE,negative,18,NA,NA,NA,85.7,NA
drug_resistant_pathogen,2008,year,I-CH,linguistic_region,all,agegroup_anresis,all,VRE,positive,3,NA,NA,NA,14.3,NA
drug_resistant_pathogen,2008,year,unknown,linguistic_region,all,agegroup_anresis,all,CRE,negative,165,NA,NA,NA,NA,NA
drug_resistant_pathogen,2008,year,unknown,linguistic_region,all,agegroup_anresis,all,CRE,positive,1,NA,NA,NA,NA,NA
drug_resistant_pathogen,2008,year,unknown,linguistic_region,all,agegroup_anresis,all,ESCR-E.coli,negative,108,NA,NA,NA,NA,NA
drug_resistant_pathogen,2008,year,unknown,linguistic_region,all,agegroup_anresis,all,ESCR-E.coli,positive,4,NA,NA,NA,NA,NA
drug_resistant_pathogen,2008,year,unknown,linguistic_region,all,agegroup_anresis,all,ESCR-K.pneumoniae,negative,13,NA,NA,NA,NA,NA
drug_resistant_pathogen,2008,year,unknown,linguistic_region,all,agegroup_anresis,all,ESCR-K.pneumoniae,positive,0,NA,NA,NA,NA,NA
drug_resistant_pathogen,2008,year,unknown,linguistic_region,all,agegroup_anresis,all,FQR-E.coli,negative,91,NA,NA,NA,NA,NA
drug_resistant_pathogen,2008,year,unknown,linguistic_region,all,agegroup_anresis,all,FQR-E.coli,positive,21,NA,NA,NA,NA,NA
drug_resistant_pathogen,2008,year,unknown,linguistic_region,all,agegroup_anresis,all,MRSA,negative,35,NA,NA,NA,NA,NA
drug_resistant_pathogen,2008,year,unknown,linguistic_region,all,agegroup_anresis,all,MRSA,positive,6,NA,NA,NA,NA,NA
drug_resistant_pathogen,2008,year,unknown,linguistic_region,all,agegroup_anresis,all,VRE,negative,7,NA,NA,NA,NA,NA
drug_resistant_pathogen,2008,year,unknown,linguistic_region,all,agegroup_anresis,all,VRE,positive,0,NA,NA,NA,NA,NA
drug_resistant_pathogen,2009,year,D-CH,linguistic_region,all,agegroup_anresis,all,CRE,negative,2265,NA,NA,NA,99.8,NA
drug_resistant_pathogen,2009,year,D-CH,linguistic_region,all,agegroup_anresis,all,CRE,positive,5,NA,NA,NA,0.2,NA
drug_resistant_pathogen,2009,year,D-CH,linguistic_region,all,agegroup_anresis,all,ESCR-E.coli,negative,1478,NA,NA,NA,96.4,NA
drug_resistant_pathogen,2009,year,D-CH,linguistic_region,all,agegroup_anresis,all,ESCR-E.coli,positive,55,NA,NA,NA,3.6,NA
drug_resistant_pathogen,2009,year,D-CH,linguistic_region,all,agegroup_anresis,all,ESCR-K.pneumoniae,negative,282,NA,NA,NA,96.2,NA
drug_resistant_pathogen,2009,year,D-CH,linguistic_region,all,agegroup_anresis,all,ESCR-K.pneumoniae,positive,11,NA,NA,NA,3.8,NA
drug_resistant_pathogen,2009,year,D-CH,linguistic_region,all,agegroup_anresis,all,FQR-E.coli,negative,1295,NA,NA,NA,84.4,NA
drug_resistant_pathogen,2009,year,D-CH,linguistic_region,all,agegroup_anresis,all,FQR-E.coli,positive,239,NA,NA,NA,15.6,NA
drug_resistant_pathogen,2009,year,D-CH,linguistic_region,all,agegroup_anresis,all,MRSA,negative,639,NA,NA,NA,96.1,NA
drug_resistant_pathogen,2009,year,D-CH,linguistic_region,all,agegroup_anresis,all,MRSA,positive,26,NA,NA,NA,3.9,NA
drug_resistant_pathogen,2009,year,D-CH,linguistic_region,all,agegroup_anresis,all,VRE,negative,76,NA,NA,NA,98.7,NA
drug_resistant_pathogen,2009,year,D-CH,linguistic_region,all,agegroup_anresis,all,VRE,positive,1,NA,NA,NA,1.3,NA
drug_resistant_pathogen,2009,year,F-CH,linguistic_region,all,agegroup_anresis,all,CRE,negative,1394,NA,NA,NA,100,NA
drug_resistant_pathogen,2009,year,F-CH,linguistic_region,all,agegroup_anresis,all,CRE,positive,0,NA,NA,NA,0,NA
drug_resistant_pathogen,2009,year,F-CH,linguistic_region,all,agegroup_anresis,all,ESCR-E.coli,negative,847,NA,NA,NA,94.7,NA
drug_resistant_pathogen,2009,year,F-CH,linguistic_region,all,agegroup_anresis,all,ESCR-E.coli,positive,47,NA,NA,NA,5.3,NA
drug_resistant_pathogen,2009,year,F-CH,linguistic_region,all,agegroup_anresis,all,ESCR-K.pneumoniae,negative,158,NA,NA,NA,95.8,NA
drug_resistant_pathogen,2009,year,F-CH,linguistic_region,all,agegroup_anresis,all,ESCR-K.pneumoniae,positive,7,NA,NA,NA,4.2,NA
drug_resistant_pathogen,2009,year,F-CH,linguistic_region,all,agegroup_anresis,all,FQR-E.coli,negative,751,NA,NA,NA,84,NA
drug_resistant_pathogen,2009,year,F-CH,linguistic_region,all,agegroup_anresis,all,FQR-E.coli,positive,143,NA,NA,NA,16,NA
drug_resistant_pathogen,2009,year,F-CH,linguistic_region,all,agegroup_anresis,all,MRSA,negative,335,NA,NA,NA,81.9,NA
drug_resistant_pathogen,2009,year,F-CH,linguistic_region,all,agegroup_anresis,all,MRSA,positive,74,NA,NA,NA,18.1,NA
drug_resistant_pathogen,2009,year,F-CH,linguistic_region,all,agegroup_anresis,all,VRE,negative,86,NA,NA,NA,100,NA
drug_resistant_pathogen,2009,year,F-CH,linguistic_region,all,agegroup_anresis,all,VRE,positive,0,NA,NA,NA,0,NA
drug_resistant_pathogen,2009,year,I-CH,linguistic_region,all,agegroup_anresis,all,CRE,negative,442,NA,NA,NA,100,NA
drug_resistant_pathogen,2009,year,I-CH,linguistic_region,all,agegroup_anresis,all,CRE,positive,0,NA,NA,NA,0,NA
drug_resistant_pathogen,2009,year,I-CH,linguistic_region,all,agegroup_anresis,all,ESCR-E.coli,negative,307,NA,NA,NA,95,NA
drug_resistant_pathogen,2009,year,I-CH,linguistic_region,all,agegroup_anresis,all,ESCR-E.coli,positive,16,NA,NA,NA,5,NA
drug_resistant_pathogen,2009,year,I-CH,linguistic_region,all,agegroup_anresis,all,ESCR-K.pneumoniae,negative,44,NA,NA,NA,97.8,NA
drug_resistant_pathogen,2009,year,I-CH,linguistic_region,all,agegroup_anresis,all,ESCR-K.pneumoniae,positive,1,NA,NA,NA,2.2,NA
drug_resistant_pathogen,2009,year,I-CH,linguistic_region,all,agegroup_anresis,all,FQR-E.coli,negative,274,NA,NA,NA,84.8,NA
drug_resistant_pathogen,2009,year,I-CH,linguistic_region,all,agegroup_anresis,all,FQR-E.coli,positive,49,NA,NA,NA,15.2,NA
drug_resistant_pathogen,2009,year,I-CH,linguistic_region,all,agegroup_anresis,all,MRSA,negative,96,NA,NA,NA,87.3,NA
drug_resistant_pathogen,2009,year,I-CH,linguistic_region,all,agegroup_anresis,all,MRSA,positive,14,NA,NA,NA,12.7,NA
drug_resistant_pathogen,2009,year,I-CH,linguistic_region,all,agegroup_anresis,all,VRE,negative,10,NA,NA,NA,76.9,NA
drug_resistant_pathogen,2009,year,I-CH,linguistic_region,all,agegroup_anresis,all,VRE,positive,3,NA,NA,NA,23.1,NA
drug_resistant_pathogen,2009,year,unknown,linguistic_region,all,agegroup_anresis,all,CRE,negative,297,NA,NA,NA,NA,NA
drug_resistant_pathogen,2009,year,unknown,linguistic_region,all,agegroup_anresis,all,CRE,positive,1,NA,NA,NA,NA,NA
drug_resistant_pathogen,2009,year,unknown,linguistic_region,all,agegroup_anresis,all,ESCR-E.coli,negative,215,NA,NA,NA,NA,NA
drug_resistant_pathogen,2009,year,unknown,linguistic_region,all,agegroup_anresis,all,ESCR-E.coli,positive,12,NA,NA,NA,NA,NA
drug_resistant_pathogen,2009,year,unknown,linguistic_region,all,agegroup_anresis,all,ESCR-K.pneumoniae,negative,24,NA,NA,NA,NA,NA
drug_resistant_pathogen,2009,year,unknown,linguistic_region,all,agegroup_anresis,all,ESCR-K.pneumoniae,positive,1,NA,NA,NA,NA,NA
drug_resistant_pathogen,2009,year,unknown,linguistic_region,all,agegroup_anresis,all,FQR-E.coli,negative,191,NA,NA,NA,NA,NA
drug_resistant_pathogen,2009,year,unknown,linguistic_region,all,agegroup_anresis,all,FQR-E.coli,positive,37,NA,NA,NA,NA,NA
drug_resistant_pathogen,2009,year,unknown,linguistic_region,all,agegroup_anresis,all,MRSA,negative,71,NA,NA,NA,NA,NA
drug_resistant_pathogen,2009,year,unknown,linguistic_region,all,agegroup_anresis,all,MRSA,positive,5,NA,NA,NA,NA,NA
drug_resistant_pathogen,2009,year,unknown,linguistic_region,all,agegroup_anresis,all,VRE,negative,9,NA,NA,NA,NA,NA
drug_resistant_pathogen,2009,year,unknown,linguistic_region,all,agegroup_anresis,all,VRE,positive,1,NA,NA,NA,NA,NA
drug_resistant_pathogen,2010,year,D-CH,linguistic_region,all,agegroup_anresis,all,CRE,negative,2503,NA,NA,NA,99.9,NA
drug_resistant_pathogen,2010,year,D-CH,linguistic_region,all,agegroup_anresis,all,CRE,positive,3,NA,NA,NA,0.1,NA
drug_resistant_pathogen,2010,year,D-CH,linguistic_region,all,agegroup_anresis,all,ESCR-E.coli,negative,1593,NA,NA,NA,94.9,NA
drug_resistant_pathogen,2010,year,D-CH,linguistic_region,all,agegroup_anresis,all,ESCR-E.coli,positive,85,NA,NA,NA,5.1,NA
drug_resistant_pathogen,2010,year,D-CH,linguistic_region,all,agegroup_anresis,all,ESCR-K.pneumoniae,negative,306,NA,NA,NA,95.9,NA
drug_resistant_pathogen,2010,year,D-CH,linguistic_region,all,agegroup_anresis,all,ESCR-K.pneumoniae,positive,13,NA,NA,NA,4.1,NA
drug_resistant_pathogen,2010,year,D-CH,linguistic_region,all,agegroup_anresis,all,FQR-E.coli,negative,1348,NA,NA,NA,81.5,NA
drug_resistant_pathogen,2010,year,D-CH,linguistic_region,all,agegroup_anresis,all,FQR-E.coli,positive,305,NA,NA,NA,18.5,NA
drug_resistant_pathogen,2010,year,D-CH,linguistic_region,all,agegroup_anresis,all,MRSA,negative,656,NA,NA,NA,97.6,NA
drug_resistant_pathogen,2010,year,D-CH,linguistic_region,all,agegroup_anresis,all,MRSA,positive,16,NA,NA,NA,2.4,NA
drug_resistant_pathogen,2010,year,D-CH,linguistic_region,all,agegroup_anresis,all,VRE,negative,130,NA,NA,NA,98.5,NA
drug_resistant_pathogen,2010,year,D-CH,linguistic_region,all,agegroup_anresis,all,VRE,positive,2,NA,NA,NA,1.5,NA
drug_resistant_pathogen,2010,year,F-CH,linguistic_region,all,agegroup_anresis,all,CRE,negative,1567,NA,NA,NA,100,NA
drug_resistant_pathogen,2010,year,F-CH,linguistic_region,all,agegroup_anresis,all,CRE,positive,0,NA,NA,NA,0,NA
drug_resistant_pathogen,2010,year,F-CH,linguistic_region,all,agegroup_anresis,all,ESCR-E.coli,negative,956,NA,NA,NA,94.2,NA
drug_resistant_pathogen,2010,year,F-CH,linguistic_region,all,agegroup_anresis,all,ESCR-E.coli,positive,59,NA,NA,NA,5.8,NA
drug_resistant_pathogen,2010,year,F-CH,linguistic_region,all,agegroup_anresis,all,ESCR-K.pneumoniae,negative,170,NA,NA,NA,92.9,NA
drug_resistant_pathogen,2010,year,F-CH,linguistic_region,all,agegroup_anresis,all,ESCR-K.pneumoniae,positive,13,NA,NA,NA,7.1,NA
drug_resistant_pathogen,2010,year,F-CH,linguistic_region,all,agegroup_anresis,all,FQR-E.coli,negative,826,NA,NA,NA,81.4,NA
drug_resistant_pathogen,2010,year,F-CH,linguistic_region,all,agegroup_anresis,all,FQR-E.coli,positive,189,NA,NA,NA,18.6,NA
drug_resistant_pathogen,2010,year,F-CH,linguistic_region,all,agegroup_anresis,all,MRSA,negative,333,NA,NA,NA,83,NA
drug_resistant_pathogen,2010,year,F-CH,linguistic_region,all,agegroup_anresis,all,MRSA,positive,68,NA,NA,NA,17,NA
drug_resistant_pathogen,2010,year,F-CH,linguistic_region,all,agegroup_anresis,all,VRE,negative,96,NA,NA,NA,99,NA
drug_resistant_pathogen,2010,year,F-CH,linguistic_region,all,agegroup_anresis,all,VRE,positive,1,NA,NA,NA,1,NA
drug_resistant_pathogen,2010,year,I-CH,linguistic_region,all,agegroup_anresis,all,CRE,negative,412,NA,NA,NA,100,NA
drug_resistant_pathogen,2010,year,I-CH,linguistic_region,all,agegroup_anresis,all,CRE,positive,0,NA,NA,NA,0,NA
drug_resistant_pathogen,2010,year,I-CH,linguistic_region,all,agegroup_anresis,all,ESCR-E.coli,negative,278,NA,NA,NA,95.2,NA
drug_resistant_pathogen,2010,year,I-CH,linguistic_region,all,agegroup_anresis,all,ESCR-E.coli,positive,14,NA,NA,NA,4.8,NA
drug_resistant_pathogen,2010,year,I-CH,linguistic_region,all,agegroup_anresis,all,ESCR-K.pneumoniae,negative,35,NA,NA,NA,100,NA
drug_resistant_pathogen,2010,year,I-CH,linguistic_region,all,agegroup_anresis,all,ESCR-K.pneumoniae,positive,0,NA,NA,NA,0,NA
drug_resistant_pathogen,2010,year,I-CH,linguistic_region,all,agegroup_anresis,all,FQR-E.coli,negative,234,NA,NA,NA,80.1,NA
drug_resistant_pathogen,2010,year,I-CH,linguistic_region,all,agegroup_anresis,all,FQR-E.coli,positive,58,NA,NA,NA,19.9,NA
drug_resistant_pathogen,2010,year,I-CH,linguistic_region,all,agegroup_anresis,all,MRSA,negative,85,NA,NA,NA,85,NA
drug_resistant_pathogen,2010,year,I-CH,linguistic_region,all,agegroup_anresis,all,MRSA,positive,15,NA,NA,NA,15,NA
drug_resistant_pathogen,2010,year,I-CH,linguistic_region,all,agegroup_anresis,all,VRE,negative,8,NA,NA,NA,88.9,NA
drug_resistant_pathogen,2010,year,I-CH,linguistic_region,all,agegroup_anresis,all,VRE,positive,1,NA,NA,NA,11.1,NA
drug_resistant_pathogen,2010,year,unknown,linguistic_region,all,agegroup_anresis,all,CRE,negative,357,NA,NA,NA,NA,NA
drug_resistant_pathogen,2010,year,unknown,linguistic_region,all,agegroup_anresis,all,CRE,positive,0,NA,NA,NA,NA,NA
drug_resistant_pathogen,2010,year,unknown,linguistic_region,all,agegroup_anresis,all,ESCR-E.coli,negative,212,NA,NA,NA,NA,NA
drug_resistant_pathogen,2010,year,unknown,linguistic_region,all,agegroup_anresis,all,ESCR-E.coli,positive,18,NA,NA,NA,NA,NA
drug_resistant_pathogen,2010,year,unknown,linguistic_region,all,agegroup_anresis,all,ESCR-K.pneumoniae,negative,40,NA,NA,NA,NA,NA
drug_resistant_pathogen,2010,year,unknown,linguistic_region,all,agegroup_anresis,all,ESCR-K.pneumoniae,positive,2,NA,NA,NA,NA,NA
drug_resistant_pathogen,2010,year,unknown,linguistic_region,all,agegroup_anresis,all,FQR-E.coli,negative,191,NA,NA,NA,NA,NA
drug_resistant_pathogen,2010,year,unknown,linguistic_region,all,agegroup_anresis,all,FQR-E.coli,positive,39,NA,NA,NA,NA,NA
drug_resistant_pathogen,2010,year,unknown,linguistic_region,all,agegroup_anresis,all,MRSA,negative,69,NA,NA,NA,NA,NA
drug_resistant_pathogen,2010,year,unknown,linguistic_region,all,agegroup_anresis,all,MRSA,positive,7,NA,NA,NA,NA,NA
drug_resistant_pathogen,2010,year,unknown,linguistic_region,all,agegroup_anresis,all,VRE,negative,6,NA,NA,NA,NA,NA
drug_resistant_pathogen,2010,year,unknown,linguistic_region,all,agegroup_anresis,all,VRE,positive,2,NA,NA,NA,NA,NA
drug_resistant_pathogen,2011,year,D-CH,linguistic_region,all,agegroup_anresis,all,CRE,negative,2595,NA,NA,NA,100,NA
drug_resistant_pathogen,2011,year,D-CH,linguistic_region,all,agegroup_anresis,all,CRE,positive,1,NA,NA,NA,0,NA
drug_resistant_pathogen,2011,year,D-CH,linguistic_region,all,agegroup_anresis,all,ESCR-E.coli,negative,1598,NA,NA,NA,94.2,NA
drug_resistant_pathogen,2011,year,D-CH,linguistic_region,all,agegroup_anresis,all,ESCR-E.coli,positive,99,NA,NA,NA,5.8,NA
drug_resistant_pathogen,2011,year,D-CH,linguistic_region,all,agegroup_anresis,all,ESCR-K.pneumoniae,negative,286,NA,NA,NA,95.3,NA
drug_resistant_pathogen,2011,year,D-CH,linguistic_region,all,agegroup_anresis,all,ESCR-K.pneumoniae,positive,14,NA,NA,NA,4.7,NA
drug_resistant_pathogen,2011,year,D-CH,linguistic_region,all,agegroup_anresis,all,FQR-E.coli,negative,1365,NA,NA,NA,82.3,NA
drug_resistant_pathogen,2011,year,D-CH,linguistic_region,all,agegroup_anresis,all,FQR-E.coli,positive,294,NA,NA,NA,17.7,NA
drug_resistant_pathogen,2011,year,D-CH,linguistic_region,all,agegroup_anresis,all,MRSA,negative,661,NA,NA,NA,96.2,NA
drug_resistant_pathogen,2011,year,D-CH,linguistic_region,all,agegroup_anresis,all,MRSA,positive,26,NA,NA,NA,3.8,NA
drug_resistant_pathogen,2011,year,D-CH,linguistic_region,all,agegroup_anresis,all,VRE,negative,159,NA,NA,NA,99.4,NA
drug_resistant_pathogen,2011,year,D-CH,linguistic_region,all,agegroup_anresis,all,VRE,positive,1,NA,NA,NA,0.6,NA
drug_resistant_pathogen,2011,year,F-CH,linguistic_region,all,agegroup_anresis,all,CRE,negative,1655,NA,NA,NA,99.8,NA
drug_resistant_pathogen,2011,year,F-CH,linguistic_region,all,agegroup_anresis,all,CRE,positive,3,NA,NA,NA,0.2,NA
drug_resistant_pathogen,2011,year,F-CH,linguistic_region,all,agegroup_anresis,all,ESCR-E.coli,negative,1014,NA,NA,NA,92.6,NA
drug_resistant_pathogen,2011,year,F-CH,linguistic_region,all,agegroup_anresis,all,ESCR-E.coli,positive,81,NA,NA,NA,7.4,NA
drug_resistant_pathogen,2011,year,F-CH,linguistic_region,all,agegroup_anresis,all,ESCR-K.pneumoniae,negative,185,NA,NA,NA,91.1,NA
drug_resistant_pathogen,2011,year,F-CH,linguistic_region,all,agegroup_anresis,all,ESCR-K.pneumoniae,positive,18,NA,NA,NA,8.9,NA
drug_resistant_pathogen,2011,year,F-CH,linguistic_region,all,agegroup_anresis,all,FQR-E.coli,negative,900,NA,NA,NA,82.2,NA
drug_resistant_pathogen,2011,year,F-CH,linguistic_region,all,agegroup_anresis,all,FQR-E.coli,positive,195,NA,NA,NA,17.8,NA
drug_resistant_pathogen,2011,year,F-CH,linguistic_region,all,agegroup_anresis,all,MRSA,negative,363,NA,NA,NA,86.2,NA
drug_resistant_pathogen,2011,year,F-CH,linguistic_region,all,agegroup_anresis,all,MRSA,positive,58,NA,NA,NA,13.8,NA
drug_resistant_pathogen,2011,year,F-CH,linguistic_region,all,agegroup_anresis,all,VRE,negative,101,NA,NA,NA,99,NA
drug_resistant_pathogen,2011,year,F-CH,linguistic_region,all,agegroup_anresis,all,VRE,positive,1,NA,NA,NA,1,NA
drug_resistant_pathogen,2011,year,I-CH,linguistic_region,all,agegroup_anresis,all,CRE,negative,442,NA,NA,NA,100,NA
drug_resistant_pathogen,2011,year,I-CH,linguistic_region,all,agegroup_anresis,all,CRE,positive,0,NA,NA,NA,0,NA
drug_resistant_pathogen,2011,year,I-CH,linguistic_region,all,agegroup_anresis,all,ESCR-E.coli,negative,278,NA,NA,NA,91.4,NA
drug_resistant_pathogen,2011,year,I-CH,linguistic_region,all,agegroup_anresis,all,ESCR-E.coli,positive,26,NA,NA,NA,8.6,NA
drug_resistant_pathogen,2011,year,I-CH,linguistic_region,all,agegroup_anresis,all,ESCR-K.pneumoniae,negative,44,NA,NA,NA,95.7,NA
drug_resistant_pathogen,2011,year,I-CH,linguistic_region,all,agegroup_anresis,all,ESCR-K.pneumoniae,positive,2,NA,NA,NA,4.3,NA
drug_resistant_pathogen,2011,year,I-CH,linguistic_region,all,agegroup_anresis,all,FQR-E.coli,negative,244,NA,NA,NA,80.3,NA
drug_resistant_pathogen,2011,year,I-CH,linguistic_region,all,agegroup_anresis,all,FQR-E.coli,positive,60,NA,NA,NA,19.7,NA
drug_resistant_pathogen,2011,year,I-CH,linguistic_region,all,agegroup_anresis,all,MRSA,negative,99,NA,NA,NA,88.4,NA
drug_resistant_pathogen,2011,year,I-CH,linguistic_region,all,agegroup_anresis,all,MRSA,positive,13,NA,NA,NA,11.6,NA
drug_resistant_pathogen,2011,year,I-CH,linguistic_region,all,agegroup_anresis,all,VRE,negative,16,NA,NA,NA,100,NA
drug_resistant_pathogen,2011,year,I-CH,linguistic_region,all,agegroup_anresis,all,VRE,positive,0,NA,NA,NA,0,NA
drug_resistant_pathogen,2011,year,unknown,linguistic_region,all,agegroup_anresis,all,CRE,negative,350,NA,NA,NA,NA,NA
drug_resistant_pathogen,2011,year,unknown,linguistic_region,all,agegroup_anresis,all,CRE,positive,2,NA,NA,NA,NA,NA
drug_resistant_pathogen,2011,year,unknown,linguistic_region,all,agegroup_anresis,all,ESCR-E.coli,negative,240,NA,NA,NA,NA,NA
drug_resistant_pathogen,2011,year,unknown,linguistic_region,all,agegroup_anresis,all,ESCR-E.coli,positive,11,NA,NA,NA,NA,NA
drug_resistant_pathogen,2011,year,unknown,linguistic_region,all,agegroup_anresis,all,ESCR-K.pneumoniae,negative,37,NA,NA,NA,NA,NA
drug_resistant_pathogen,2011,year,unknown,linguistic_region,all,agegroup_anresis,all,ESCR-K.pneumoniae,positive,1,NA,NA,NA,NA,NA
drug_resistant_pathogen,2011,year,unknown,linguistic_region,all,agegroup_anresis,all,FQR-E.coli,negative,211,NA,NA,NA,NA,NA
drug_resistant_pathogen,2011,year,unknown,linguistic_region,all,agegroup_anresis,all,FQR-E.coli,positive,39,NA,NA,NA,NA,NA
drug_resistant_pathogen,2011,year,unknown,linguistic_region,all,agegroup_anresis,all,MRSA,negative,82,NA,NA,NA,NA,NA
drug_resistant_pathogen,2011,year,unknown,linguistic_region,all,agegroup_anresis,all,MRSA,positive,5,NA,NA,NA,NA,NA
drug_resistant_pathogen,2011,year,unknown,linguistic_region,all,agegroup_anresis,all,VRE,negative,17,NA,NA,NA,NA,NA
drug_resistant_pathogen,2011,year,unknown,linguistic_region,all,agegroup_anresis,all,VRE,positive,0,NA,NA,NA,NA,NA
drug_resistant_pathogen,2012,year,D-CH,linguistic_region,all,agegroup_anresis,all,CRE,negative,2574,NA,NA,NA,100,NA
drug_resistant_pathogen,2012,year,D-CH,linguistic_region,all,agegroup_anresis,all,CRE,positive,1,NA,NA,NA,0,NA
drug_resistant_pathogen,2012,year,D-CH,linguistic_region,all,agegroup_anresis,all,ESCR-E.coli,negative,1549,NA,NA,NA,90.9,NA
drug_resistant_pathogen,2012,year,D-CH,linguistic_region,all,agegroup_anresis,all,ESCR-E.coli,positive,156,NA,NA,NA,9.1,NA
drug_resistant_pathogen,2012,year,D-CH,linguistic_region,all,agegroup_anresis,all,ESCR-K.pneumoniae,negative,314,NA,NA,NA,97.2,NA
drug_resistant_pathogen,2012,year,D-CH,linguistic_region,all,agegroup_anresis,all,ESCR-K.pneumoniae,positive,9,NA,NA,NA,2.8,NA
drug_resistant_pathogen,2012,year,D-CH,linguistic_region,all,agegroup_anresis,all,FQR-E.coli,negative,1400,NA,NA,NA,82.7,NA
drug_resistant_pathogen,2012,year,D-CH,linguistic_region,all,agegroup_anresis,all,FQR-E.coli,positive,293,NA,NA,NA,17.3,NA
drug_resistant_pathogen,2012,year,D-CH,linguistic_region,all,agegroup_anresis,all,MRSA,negative,693,NA,NA,NA,98.3,NA
drug_resistant_pathogen,2012,year,D-CH,linguistic_region,all,agegroup_anresis,all,MRSA,positive,12,NA,NA,NA,1.7,NA
drug_resistant_pathogen,2012,year,D-CH,linguistic_region,all,agegroup_anresis,all,VRE,negative,201,NA,NA,NA,100,NA
drug_resistant_pathogen,2012,year,D-CH,linguistic_region,all,agegroup_anresis,all,VRE,positive,0,NA,NA,NA,0,NA
drug_resistant_pathogen,2012,year,F-CH,linguistic_region,all,agegroup_anresis,all,CRE,negative,1544,NA,NA,NA,99.5,NA
drug_resistant_pathogen,2012,year,F-CH,linguistic_region,all,agegroup_anresis,all,CRE,positive,7,NA,NA,NA,0.5,NA
drug_resistant_pathogen,2012,year,F-CH,linguistic_region,all,agegroup_anresis,all,ESCR-E.coli,negative,971,NA,NA,NA,92,NA
drug_resistant_pathogen,2012,year,F-CH,linguistic_region,all,agegroup_anresis,all,ESCR-E.coli,positive,85,NA,NA,NA,8,NA
drug_resistant_pathogen,2012,year,F-CH,linguistic_region,all,agegroup_anresis,all,ESCR-K.pneumoniae,negative,172,NA,NA,NA,90.1,NA
drug_resistant_pathogen,2012,year,F-CH,linguistic_region,all,agegroup_anresis,all,ESCR-K.pneumoniae,positive,19,NA,NA,NA,9.9,NA
drug_resistant_pathogen,2012,year,F-CH,linguistic_region,all,agegroup_anresis,all,FQR-E.coli,negative,878,NA,NA,NA,83.2,NA
drug_resistant_pathogen,2012,year,F-CH,linguistic_region,all,agegroup_anresis,all,FQR-E.coli,positive,177,NA,NA,NA,16.8,NA
drug_resistant_pathogen,2012,year,F-CH,linguistic_region,all,agegroup_anresis,all,MRSA,negative,300,NA,NA,NA,86,NA
drug_resistant_pathogen,2012,year,F-CH,linguistic_region,all,agegroup_anresis,all,MRSA,positive,49,NA,NA,NA,14,NA
drug_resistant_pathogen,2012,year,F-CH,linguistic_region,all,agegroup_anresis,all,VRE,negative,117,NA,NA,NA,99.2,NA
drug_resistant_pathogen,2012,year,F-CH,linguistic_region,all,agegroup_anresis,all,VRE,positive,1,NA,NA,NA,0.8,NA
drug_resistant_pathogen,2012,year,I-CH,linguistic_region,all,agegroup_anresis,all,CRE,negative,406,NA,NA,NA,99.8,NA
drug_resistant_pathogen,2012,year,I-CH,linguistic_region,all,agegroup_anresis,all,CRE,positive,1,NA,NA,NA,0.2,NA
drug_resistant_pathogen,2012,year,I-CH,linguistic_region,all,agegroup_anresis,all,ESCR-E.coli,negative,248,NA,NA,NA,87.9,NA
drug_resistant_pathogen,2012,year,I-CH,linguistic_region,all,agegroup_anresis,all,ESCR-E.coli,positive,34,NA,NA,NA,12.1,NA
drug_resistant_pathogen,2012,year,I-CH,linguistic_region,all,agegroup_anresis,all,ESCR-K.pneumoniae,negative,39,NA,NA,NA,92.9,NA
drug_resistant_pathogen,2012,year,I-CH,linguistic_region,all,agegroup_anresis,all,ESCR-K.pneumoniae,positive,3,NA,NA,NA,7.1,NA
drug_resistant_pathogen,2012,year,I-CH,linguistic_region,all,agegroup_anresis,all,FQR-E.coli,negative,216,NA,NA,NA,76.6,NA
drug_resistant_pathogen,2012,year,I-CH,linguistic_region,all,agegroup_anresis,all,FQR-E.coli,positive,66,NA,NA,NA,23.4,NA
drug_resistant_pathogen,2012,year,I-CH,linguistic_region,all,agegroup_anresis,all,MRSA,negative,92,NA,NA,NA,86.8,NA
drug_resistant_pathogen,2012,year,I-CH,linguistic_region,all,agegroup_anresis,all,MRSA,positive,14,NA,NA,NA,13.2,NA
drug_resistant_pathogen,2012,year,I-CH,linguistic_region,all,agegroup_anresis,all,VRE,negative,15,NA,NA,NA,100,NA
drug_resistant_pathogen,2012,year,I-CH,linguistic_region,all,agegroup_anresis,all,VRE,positive,0,NA,NA,NA,0,NA
drug_resistant_pathogen,2012,year,unknown,linguistic_region,all,agegroup_anresis,all,CRE,negative,414,NA,NA,NA,NA,NA
drug_resistant_pathogen,2012,year,unknown,linguistic_region,all,agegroup_anresis,all,CRE,positive,1,NA,NA,NA,NA,NA
drug_resistant_pathogen,2012,year,unknown,linguistic_region,all,agegroup_anresis,all,ESCR-E.coli,negative,271,NA,NA,NA,NA,NA
drug_resistant_pathogen,2012,year,unknown,linguistic_region,all,agegroup_anresis,all,ESCR-E.coli,positive,30,NA,NA,NA,NA,NA
drug_resistant_pathogen,2012,year,unknown,linguistic_region,all,agegroup_anresis,all,ESCR-K.pneumoniae,negative,46,NA,NA,NA,NA,NA
drug_resistant_pathogen,2012,year,unknown,linguistic_region,all,agegroup_anresis,all,ESCR-K.pneumoniae,positive,3,NA,NA,NA,NA,NA
drug_resistant_pathogen,2012,year,unknown,linguistic_region,all,agegroup_anresis,all,FQR-E.coli,negative,239,NA,NA,NA,NA,NA
drug_resistant_pathogen,2012,year,unknown,linguistic_region,all,agegroup_anresis,all,FQR-E.coli,positive,61,NA,NA,NA,NA,NA
drug_resistant_pathogen,2012,year,unknown,linguistic_region,all,agegroup_anresis,all,MRSA,negative,78,NA,NA,NA,NA,NA
drug_resistant_pathogen,2012,year,unknown,linguistic_region,all,agegroup_anresis,all,MRSA,positive,9,NA,NA,NA,NA,NA
drug_resistant_pathogen,2012,year,unknown,linguistic_region,all,agegroup_anresis,all,VRE,negative,7,NA,NA,NA,NA,NA
drug_resistant_pathogen,2012,year,unknown,linguistic_region,all,agegroup_anresis,all,VRE,positive,0,NA,NA,NA,NA,NA
drug_resistant_pathogen,2013,year,D-CH,linguistic_region,all,agegroup_anresis,all,CRE,negative,2824,NA,NA,NA,99.8,NA
drug_resistant_pathogen,2013,year,D-CH,linguistic_region,all,agegroup_anresis,all,CRE,positive,5,NA,NA,NA,0.2,NA
drug_resistant_pathogen,2013,year,D-CH,linguistic_region,all,agegroup_anresis,all,ESCR-E.coli,negative,1742,NA,NA,NA,92.7,NA
drug_resistant_pathogen,2013,year,D-CH,linguistic_region,all,agegroup_anresis,all,ESCR-E.coli,positive,137,NA,NA,NA,7.3,NA
drug_resistant_pathogen,2013,year,D-CH,linguistic_region,all,agegroup_anresis,all,ESCR-K.pneumoniae,negative,329,NA,NA,NA,94,NA
drug_resistant_pathogen,2013,year,D-CH,linguistic_region,all,agegroup_anresis,all,ESCR-K.pneumoniae,positive,21,NA,NA,NA,6,NA
drug_resistant_pathogen,2013,year,D-CH,linguistic_region,all,agegroup_anresis,all,FQR-E.coli,negative,1539,NA,NA,NA,82,NA
drug_resistant_pathogen,2013,year,D-CH,linguistic_region,all,agegroup_anresis,all,FQR-E.coli,positive,337,NA,NA,NA,18,NA
drug_resistant_pathogen,2013,year,D-CH,linguistic_region,all,agegroup_anresis,all,MRSA,negative,729,NA,NA,NA,97.2,NA
drug_resistant_pathogen,2013,year,D-CH,linguistic_region,all,agegroup_anresis,all,MRSA,positive,21,NA,NA,NA,2.8,NA
drug_resistant_pathogen,2013,year,D-CH,linguistic_region,all,agegroup_anresis,all,VRE,negative,201,NA,NA,NA,100,NA
drug_resistant_pathogen,2013,year,D-CH,linguistic_region,all,agegroup_anresis,all,VRE,positive,0,NA,NA,NA,0,NA
drug_resistant_pathogen,2013,year,F-CH,linguistic_region,all,agegroup_anresis,all,CRE,negative,1666,NA,NA,NA,99.8,NA
drug_resistant_pathogen,2013,year,F-CH,linguistic_region,all,agegroup_anresis,all,CRE,positive,4,NA,NA,NA,0.2,NA
drug_resistant_pathogen,2013,year,F-CH,linguistic_region,all,agegroup_anresis,all,ESCR-E.coli,negative,1007,NA,NA,NA,90.9,NA
drug_resistant_pathogen,2013,year,F-CH,linguistic_region,all,agegroup_anresis,all,ESCR-E.coli,positive,101,NA,NA,NA,9.1,NA
drug_resistant_pathogen,2013,year,F-CH,linguistic_region,all,agegroup_anresis,all,ESCR-K.pneumoniae,negative,192,NA,NA,NA,90.6,NA
drug_resistant_pathogen,2013,year,F-CH,linguistic_region,all,agegroup_anresis,all,ESCR-K.pneumoniae,positive,20,NA,NA,NA,9.4,NA
drug_resistant_pathogen,2013,year,F-CH,linguistic_region,all,agegroup_anresis,all,FQR-E.coli,negative,912,NA,NA,NA,82.4,NA
drug_resistant_pathogen,2013,year,F-CH,linguistic_region,all,agegroup_anresis,all,FQR-E.coli,positive,195,NA,NA,NA,17.6,NA
drug_resistant_pathogen,2013,year,F-CH,linguistic_region,all,agegroup_anresis,all,MRSA,negative,325,NA,NA,NA,91.3,NA
drug_resistant_pathogen,2013,year,F-CH,linguistic_region,all,agegroup_anresis,all,MRSA,positive,31,NA,NA,NA,8.7,NA
drug_resistant_pathogen,2013,year,F-CH,linguistic_region,all,agegroup_anresis,all,VRE,negative,134,NA,NA,NA,100,NA
drug_resistant_pathogen,2013,year,F-CH,linguistic_region,all,agegroup_anresis,all,VRE,positive,0,NA,NA,NA,0,NA
drug_resistant_pathogen,2013,year,I-CH,linguistic_region,all,agegroup_anresis,all,CRE,negative,383,NA,NA,NA,100,NA
drug_resistant_pathogen,2013,year,I-CH,linguistic_region,all,agegroup_anresis,all,CRE,positive,0,NA,NA,NA,0,NA
drug_resistant_pathogen,2013,year,I-CH,linguistic_region,all,agegroup_anresis,all,ESCR-E.coli,negative,255,NA,NA,NA,91.4,NA
drug_resistant_pathogen,2013,year,I-CH,linguistic_region,all,agegroup_anresis,all,ESCR-E.coli,positive,24,NA,NA,NA,8.6,NA
drug_resistant_pathogen,2013,year,I-CH,linguistic_region,all,agegroup_anresis,all,ESCR-K.pneumoniae,negative,29,NA,NA,NA,93.5,NA
drug_resistant_pathogen,2013,year,I-CH,linguistic_region,all,agegroup_anresis,all,ESCR-K.pneumoniae,positive,2,NA,NA,NA,6.5,NA
drug_resistant_pathogen,2013,year,I-CH,linguistic_region,all,agegroup_anresis,all,FQR-E.coli,negative,232,NA,NA,NA,82.9,NA
drug_resistant_pathogen,2013,year,I-CH,linguistic_region,all,agegroup_anresis,all,FQR-E.coli,positive,48,NA,NA,NA,17.1,NA
drug_resistant_pathogen,2013,year,I-CH,linguistic_region,all,agegroup_anresis,all,MRSA,negative,82,NA,NA,NA,89.1,NA
drug_resistant_pathogen,2013,year,I-CH,linguistic_region,all,agegroup_anresis,all,MRSA,positive,10,NA,NA,NA,10.9,NA
drug_resistant_pathogen,2013,year,I-CH,linguistic_region,all,agegroup_anresis,all,VRE,negative,23,NA,NA,NA,100,NA
drug_resistant_pathogen,2013,year,I-CH,linguistic_region,all,agegroup_anresis,all,VRE,positive,0,NA,NA,NA,0,NA
drug_resistant_pathogen,2013,year,unknown,linguistic_region,all,agegroup_anresis,all,CRE,negative,627,NA,NA,NA,NA,NA
drug_resistant_pathogen,2013,year,unknown,linguistic_region,all,agegroup_anresis,all,CRE,positive,2,NA,NA,NA,NA,NA
drug_resistant_pathogen,2013,year,unknown,linguistic_region,all,agegroup_anresis,all,ESCR-E.coli,negative,418,NA,NA,NA,NA,NA
drug_resistant_pathogen,2013,year,unknown,linguistic_region,all,agegroup_anresis,all,ESCR-E.coli,positive,35,NA,NA,NA,NA,NA
drug_resistant_pathogen,2013,year,unknown,linguistic_region,all,agegroup_anresis,all,ESCR-K.pneumoniae,negative,67,NA,NA,NA,NA,NA
drug_resistant_pathogen,2013,year,unknown,linguistic_region,all,agegroup_anresis,all,ESCR-K.pneumoniae,positive,5,NA,NA,NA,NA,NA
drug_resistant_pathogen,2013,year,unknown,linguistic_region,all,agegroup_anresis,all,FQR-E.coli,negative,378,NA,NA,NA,NA,NA
drug_resistant_pathogen,2013,year,unknown,linguistic_region,all,agegroup_anresis,all,FQR-E.coli,positive,76,NA,NA,NA,NA,NA
drug_resistant_pathogen,2013,year,unknown,linguistic_region,all,agegroup_anresis,all,MRSA,negative,113,NA,NA,NA,NA,NA
drug_resistant_pathogen,2013,year,unknown,linguistic_region,all,agegroup_anresis,all,MRSA,positive,11,NA,NA,NA,NA,NA
drug_resistant_pathogen,2013,year,unknown,linguistic_region,all,agegroup_anresis,all,VRE,negative,26,NA,NA,NA,NA,NA
drug_resistant_pathogen,2013,year,unknown,linguistic_region,all,agegroup_anresis,all,VRE,positive,1,NA,NA,NA,NA,NA
drug_resistant_pathogen,2014,year,D-CH,linguistic_region,all,agegroup_anresis,all,CRE,negative,3727,NA,NA,NA,99.9,NA
drug_resistant_pathogen,2014,year,D-CH,linguistic_region,all,agegroup_anresis,all,CRE,positive,5,NA,NA,NA,0.1,NA
drug_resistant_pathogen,2014,year,D-CH,linguistic_region,all,agegroup_anresis,all,ESCR-E.coli,negative,2234,NA,NA,NA,90.9,NA
drug_resistant_pathogen,2014,year,D-CH,linguistic_region,all,agegroup_anresis,all,ESCR-E.coli,positive,224,NA,NA,NA,9.1,NA
drug_resistant_pathogen,2014,year,D-CH,linguistic_region,all,agegroup_anresis,all,ESCR-K.pneumoniae,negative,459,NA,NA,NA,92.2,NA
drug_resistant_pathogen,2014,year,D-CH,linguistic_region,all,agegroup_anresis,all,ESCR-K.pneumoniae,positive,39,NA,NA,NA,7.8,NA
drug_resistant_pathogen,2014,year,D-CH,linguistic_region,all,agegroup_anresis,all,FQR-E.coli,negative,2041,NA,NA,NA,83.2,NA
drug_resistant_pathogen,2014,year,D-CH,linguistic_region,all,agegroup_anresis,all,FQR-E.coli,positive,412,NA,NA,NA,16.8,NA
drug_resistant_pathogen,2014,year,D-CH,linguistic_region,all,agegroup_anresis,all,MRSA,negative,959,NA,NA,NA,97.1,NA
drug_resistant_pathogen,2014,year,D-CH,linguistic_region,all,agegroup_anresis,all,MRSA,positive,29,NA,NA,NA,2.9,NA
drug_resistant_pathogen,2014,year,D-CH,linguistic_region,all,agegroup_anresis,all,VRE,negative,292,NA,NA,NA,99.7,NA
drug_resistant_pathogen,2014,year,D-CH,linguistic_region,all,agegroup_anresis,all,VRE,positive,1,NA,NA,NA,0.3,NA
drug_resistant_pathogen,2014,year,F-CH,linguistic_region,all,agegroup_anresis,all,CRE,negative,1774,NA,NA,NA,99.9,NA
drug_resistant_pathogen,2014,year,F-CH,linguistic_region,all,agegroup_anresis,all,CRE,positive,2,NA,NA,NA,0.1,NA
drug_resistant_pathogen,2014,year,F-CH,linguistic_region,all,agegroup_anresis,all,ESCR-E.coli,negative,1050,NA,NA,NA,89.4,NA
drug_resistant_pathogen,2014,year,F-CH,linguistic_region,all,agegroup_anresis,all,ESCR-E.coli,positive,124,NA,NA,NA,10.6,NA
drug_resistant_pathogen,2014,year,F-CH,linguistic_region,all,agegroup_anresis,all,ESCR-K.pneumoniae,negative,185,NA,NA,NA,86.9,NA
drug_resistant_pathogen,2014,year,F-CH,linguistic_region,all,agegroup_anresis,all,ESCR-K.pneumoniae,positive,28,NA,NA,NA,13.1,NA
drug_resistant_pathogen,2014,year,F-CH,linguistic_region,all,agegroup_anresis,all,FQR-E.coli,negative,935,NA,NA,NA,79.7,NA
drug_resistant_pathogen,2014,year,F-CH,linguistic_region,all,agegroup_anresis,all,FQR-E.coli,positive,238,NA,NA,NA,20.3,NA
drug_resistant_pathogen,2014,year,F-CH,linguistic_region,all,agegroup_anresis,all,MRSA,negative,348,NA,NA,NA,87.9,NA
drug_resistant_pathogen,2014,year,F-CH,linguistic_region,all,agegroup_anresis,all,MRSA,positive,48,NA,NA,NA,12.1,NA
drug_resistant_pathogen,2014,year,F-CH,linguistic_region,all,agegroup_anresis,all,VRE,negative,139,NA,NA,NA,100,NA
drug_resistant_pathogen,2014,year,F-CH,linguistic_region,all,agegroup_anresis,all,VRE,positive,0,NA,NA,NA,0,NA
drug_resistant_pathogen,2014,year,I-CH,linguistic_region,all,agegroup_anresis,all,CRE,negative,508,NA,NA,NA,100,NA
drug_resistant_pathogen,2014,year,I-CH,linguistic_region,all,agegroup_anresis,all,CRE,positive,0,NA,NA,NA,0,NA
drug_resistant_pathogen,2014,year,I-CH,linguistic_region,all,agegroup_anresis,all,ESCR-E.coli,negative,340,NA,NA,NA,90.7,NA
drug_resistant_pathogen,2014,year,I-CH,linguistic_region,all,agegroup_anresis,all,ESCR-E.coli,positive,35,NA,NA,NA,9.3,NA
drug_resistant_pathogen,2014,year,I-CH,linguistic_region,all,agegroup_anresis,all,ESCR-K.pneumoniae,negative,50,NA,NA,NA,96.2,NA
drug_resistant_pathogen,2014,year,I-CH,linguistic_region,all,agegroup_anresis,all,ESCR-K.pneumoniae,positive,2,NA,NA,NA,3.8,NA
drug_resistant_pathogen,2014,year,I-CH,linguistic_region,all,agegroup_anresis,all,FQR-E.coli,negative,288,NA,NA,NA,76.8,NA
drug_resistant_pathogen,2014,year,I-CH,linguistic_region,all,agegroup_anresis,all,FQR-E.coli,positive,87,NA,NA,NA,23.2,NA
drug_resistant_pathogen,2014,year,I-CH,linguistic_region,all,agegroup_anresis,all,MRSA,negative,99,NA,NA,NA,90,NA
drug_resistant_pathogen,2014,year,I-CH,linguistic_region,all,agegroup_anresis,all,MRSA,positive,11,NA,NA,NA,10,NA
drug_resistant_pathogen,2014,year,I-CH,linguistic_region,all,agegroup_anresis,all,VRE,negative,24,NA,NA,NA,100,NA
drug_resistant_pathogen,2014,year,I-CH,linguistic_region,all,agegroup_anresis,all,VRE,positive,0,NA,NA,NA,0,NA
drug_resistant_pathogen,2014,year,unknown,linguistic_region,all,agegroup_anresis,all,CRE,negative,647,NA,NA,NA,NA,NA
drug_resistant_pathogen,2014,year,unknown,linguistic_region,all,agegroup_anresis,all,CRE,positive,2,NA,NA,NA,NA,NA
drug_resistant_pathogen,2014,year,unknown,linguistic_region,all,agegroup_anresis,all,ESCR-E.coli,negative,452,NA,NA,NA,NA,NA
drug_resistant_pathogen,2014,year,unknown,linguistic_region,all,agegroup_anresis,all,ESCR-E.coli,positive,33,NA,NA,NA,NA,NA
drug_resistant_pathogen,2014,year,unknown,linguistic_region,all,agegroup_anresis,all,ESCR-K.pneumoniae,negative,63,NA,NA,NA,NA,NA
drug_resistant_pathogen,2014,year,unknown,linguistic_region,all,agegroup_anresis,all,ESCR-K.pneumoniae,positive,9,NA,NA,NA,NA,NA
drug_resistant_pathogen,2014,year,unknown,linguistic_region,all,agegroup_anresis,all,FQR-E.coli,negative,407,NA,NA,NA,NA,NA
drug_resistant_pathogen,2014,year,unknown,linguistic_region,all,agegroup_anresis,all,FQR-E.coli,positive,78,NA,NA,NA,NA,NA
drug_resistant_pathogen,2014,year,unknown,linguistic_region,all,agegroup_anresis,all,MRSA,negative,128,NA,NA,NA,NA,NA
drug_resistant_pathogen,2014,year,unknown,linguistic_region,all,agegroup_anresis,all,MRSA,positive,6,NA,NA,NA,NA,NA
drug_resistant_pathogen,2014,year,unknown,linguistic_region,all,agegroup_anresis,all,VRE,negative,27,NA,NA,NA,NA,NA
drug_resistant_pathogen,2014,year,unknown,linguistic_region,all,agegroup_anresis,all,VRE,positive,3,NA,NA,NA,NA,NA
drug_resistant_pathogen,2015,year,D-CH,linguistic_region,all,agegroup_anresis,all,CRE,negative,4431,NA,NA,NA,100,NA
drug_resistant_pathogen,2015,year,D-CH,linguistic_region,all,agegroup_anresis,all,CRE,positive,0,NA,NA,NA,0,NA
drug_resistant_pathogen,2015,year,D-CH,linguistic_region,all,agegroup_anresis,all,ESCR-E.coli,negative,2639,NA,NA,NA,90.4,NA
drug_resistant_pathogen,2015,year,D-CH,linguistic_region,all,agegroup_anresis,all,ESCR-E.coli,positive,281,NA,NA,NA,9.6,NA
drug_resistant_pathogen,2015,year,D-CH,linguistic_region,all,agegroup_anresis,all,ESCR-K.pneumoniae,negative,538,NA,NA,NA,94.7,NA
drug_resistant_pathogen,2015,year,D-CH,linguistic_region,all,agegroup_anresis,all,ESCR-K.pneumoniae,positive,30,NA,NA,NA,5.3,NA
drug_resistant_pathogen,2015,year,D-CH,linguistic_region,all,agegroup_anresis,all,FQR-E.coli,negative,2392,NA,NA,NA,81.9,NA
drug_resistant_pathogen,2015,year,D-CH,linguistic_region,all,agegroup_anresis,all,FQR-E.coli,positive,529,NA,NA,NA,18.1,NA
drug_resistant_pathogen,2015,year,D-CH,linguistic_region,all,agegroup_anresis,all,MRSA,negative,1106,NA,NA,NA,97,NA
drug_resistant_pathogen,2015,year,D-CH,linguistic_region,all,agegroup_anresis,all,MRSA,positive,34,NA,NA,NA,3,NA
drug_resistant_pathogen,2015,year,D-CH,linguistic_region,all,agegroup_anresis,all,VRE,negative,372,NA,NA,NA,99.7,NA
drug_resistant_pathogen,2015,year,D-CH,linguistic_region,all,agegroup_anresis,all,VRE,positive,1,NA,NA,NA,0.3,NA
drug_resistant_pathogen,2015,year,F-CH,linguistic_region,all,agegroup_anresis,all,CRE,negative,2006,NA,NA,NA,99.9,NA
drug_resistant_pathogen,2015,year,F-CH,linguistic_region,all,agegroup_anresis,all,CRE,positive,3,NA,NA,NA,0.1,NA
drug_resistant_pathogen,2015,year,F-CH,linguistic_region,all,agegroup_anresis,all,ESCR-E.coli,negative,1170,NA,NA,NA,88,NA
drug_resistant_pathogen,2015,year,F-CH,linguistic_region,all,agegroup_anresis,all,ESCR-E.coli,positive,159,NA,NA,NA,12,NA
drug_resistant_pathogen,2015,year,F-CH,linguistic_region,all,agegroup_anresis,all,ESCR-K.pneumoniae,negative,214,NA,NA,NA,86.6,NA
drug_resistant_pathogen,2015,year,F-CH,linguistic_region,all,agegroup_anresis,all,ESCR-K.pneumoniae,positive,33,NA,NA,NA,13.4,NA
drug_resistant_pathogen,2015,year,F-CH,linguistic_region,all,agegroup_anresis,all,FQR-E.coli,negative,1035,NA,NA,NA,77.9,NA
drug_resistant_pathogen,2015,year,F-CH,linguistic_region,all,agegroup_anresis,all,FQR-E.coli,positive,294,NA,NA,NA,22.1,NA
drug_resistant_pathogen,2015,year,F-CH,linguistic_region,all,agegroup_anresis,all,MRSA,negative,408,NA,NA,NA,93.6,NA
drug_resistant_pathogen,2015,year,F-CH,linguistic_region,all,agegroup_anresis,all,MRSA,positive,28,NA,NA,NA,6.4,NA
drug_resistant_pathogen,2015,year,F-CH,linguistic_region,all,agegroup_anresis,all,VRE,negative,173,NA,NA,NA,97.7,NA
drug_resistant_pathogen,2015,year,F-CH,linguistic_region,all,agegroup_anresis,all,VRE,positive,4,NA,NA,NA,2.3,NA
drug_resistant_pathogen,2015,year,I-CH,linguistic_region,all,agegroup_anresis,all,CRE,negative,463,NA,NA,NA,99.8,NA
drug_resistant_pathogen,2015,year,I-CH,linguistic_region,all,agegroup_anresis,all,CRE,positive,1,NA,NA,NA,0.2,NA
drug_resistant_pathogen,2015,year,I-CH,linguistic_region,all,agegroup_anresis,all,ESCR-E.coli,negative,287,NA,NA,NA,88.9,NA
drug_resistant_pathogen,2015,year,I-CH,linguistic_region,all,agegroup_anresis,all,ESCR-E.coli,positive,36,NA,NA,NA,11.1,NA
drug_resistant_pathogen,2015,year,I-CH,linguistic_region,all,agegroup_anresis,all,ESCR-K.pneumoniae,negative,53,NA,NA,NA,93,NA
drug_resistant_pathogen,2015,year,I-CH,linguistic_region,all,agegroup_anresis,all,ESCR-K.pneumoniae,positive,4,NA,NA,NA,7,NA
drug_resistant_pathogen,2015,year,I-CH,linguistic_region,all,agegroup_anresis,all,FQR-E.coli,negative,251,NA,NA,NA,77.7,NA
drug_resistant_pathogen,2015,year,I-CH,linguistic_region,all,agegroup_anresis,all,FQR-E.coli,positive,72,NA,NA,NA,22.3,NA
drug_resistant_pathogen,2015,year,I-CH,linguistic_region,all,agegroup_anresis,all,MRSA,negative,94,NA,NA,NA,91.3,NA
drug_resistant_pathogen,2015,year,I-CH,linguistic_region,all,agegroup_anresis,all,MRSA,positive,9,NA,NA,NA,8.7,NA
drug_resistant_pathogen,2015,year,I-CH,linguistic_region,all,agegroup_anresis,all,VRE,negative,31,NA,NA,NA,93.9,NA
drug_resistant_pathogen,2015,year,I-CH,linguistic_region,all,agegroup_anresis,all,VRE,positive,2,NA,NA,NA,6.1,NA
drug_resistant_pathogen,2015,year,unknown,linguistic_region,all,agegroup_anresis,all,CRE,negative,816,NA,NA,NA,NA,NA
drug_resistant_pathogen,2015,year,unknown,linguistic_region,all,agegroup_anresis,all,CRE,positive,1,NA,NA,NA,NA,NA
drug_resistant_pathogen,2015,year,unknown,linguistic_region,all,agegroup_anresis,all,ESCR-E.coli,negative,535,NA,NA,NA,NA,NA
drug_resistant_pathogen,2015,year,unknown,linguistic_region,all,agegroup_anresis,all,ESCR-E.coli,positive,65,NA,NA,NA,NA,NA
drug_resistant_pathogen,2015,year,unknown,linguistic_region,all,agegroup_anresis,all,ESCR-K.pneumoniae,negative,66,NA,NA,NA,NA,NA
drug_resistant_pathogen,2015,year,unknown,linguistic_region,all,agegroup_anresis,all,ESCR-K.pneumoniae,positive,9,NA,NA,NA,NA,NA
drug_resistant_pathogen,2015,year,unknown,linguistic_region,all,agegroup_anresis,all,FQR-E.coli,negative,507,NA,NA,NA,NA,NA
drug_resistant_pathogen,2015,year,unknown,linguistic_region,all,agegroup_anresis,all,FQR-E.coli,positive,96,NA,NA,NA,NA,NA
drug_resistant_pathogen,2015,year,unknown,linguistic_region,all,agegroup_anresis,all,MRSA,negative,126,NA,NA,NA,NA,NA
drug_resistant_pathogen,2015,year,unknown,linguistic_region,all,agegroup_anresis,all,MRSA,positive,9,NA,NA,NA,NA,NA
drug_resistant_pathogen,2015,year,unknown,linguistic_region,all,agegroup_anresis,all,VRE,negative,33,NA,NA,NA,NA,NA
drug_resistant_pathogen,2015,year,unknown,linguistic_region,all,agegroup_anresis,all,VRE,positive,1,NA,NA,NA,NA,NA
drug_resistant_pathogen,2016,year,D-CH,linguistic_region,all,agegroup_anresis,all,CRE,negative,4882,NA,NA,NA,99.9,NA
drug_resistant_pathogen,2016,year,D-CH,linguistic_region,all,agegroup_anresis,all,CRE,positive,6,NA,NA,NA,0.1,NA
drug_resistant_pathogen,2016,year,D-CH,linguistic_region,all,agegroup_anresis,all,ESCR-E.coli,negative,2827,NA,NA,NA,90.7,NA
drug_resistant_pathogen,2016,year,D-CH,linguistic_region,all,agegroup_anresis,all,ESCR-E.coli,positive,289,NA,NA,NA,9.3,NA
drug_resistant_pathogen,2016,year,D-CH,linguistic_region,all,agegroup_anresis,all,ESCR-K.pneumoniae,negative,621,NA,NA,NA,94.1,NA
drug_resistant_pathogen,2016,year,D-CH,linguistic_region,all,agegroup_anresis,all,ESCR-K.pneumoniae,positive,39,NA,NA,NA,5.9,NA
drug_resistant_pathogen,2016,year,D-CH,linguistic_region,all,agegroup_anresis,all,FQR-E.coli,negative,2593,NA,NA,NA,83.2,NA
drug_resistant_pathogen,2016,year,D-CH,linguistic_region,all,agegroup_anresis,all,FQR-E.coli,positive,522,NA,NA,NA,16.8,NA
drug_resistant_pathogen,2016,year,D-CH,linguistic_region,all,agegroup_anresis,all,MRSA,negative,1158,NA,NA,NA,97.5,NA
drug_resistant_pathogen,2016,year,D-CH,linguistic_region,all,agegroup_anresis,all,MRSA,positive,30,NA,NA,NA,2.5,NA
drug_resistant_pathogen,2016,year,D-CH,linguistic_region,all,agegroup_anresis,all,VRE,negative,344,NA,NA,NA,99.4,NA
drug_resistant_pathogen,2016,year,D-CH,linguistic_region,all,agegroup_anresis,all,VRE,positive,2,NA,NA,NA,0.6,NA
drug_resistant_pathogen,2016,year,F-CH,linguistic_region,all,agegroup_anresis,all,CRE,negative,2246,NA,NA,NA,99.9,NA
drug_resistant_pathogen,2016,year,F-CH,linguistic_region,all,agegroup_anresis,all,CRE,positive,2,NA,NA,NA,0.1,NA
drug_resistant_pathogen,2016,year,F-CH,linguistic_region,all,agegroup_anresis,all,ESCR-E.coli,negative,1338,NA,NA,NA,88.3,NA
drug_resistant_pathogen,2016,year,F-CH,linguistic_region,all,agegroup_anresis,all,ESCR-E.coli,positive,177,NA,NA,NA,11.7,NA
drug_resistant_pathogen,2016,year,F-CH,linguistic_region,all,agegroup_anresis,all,ESCR-K.pneumoniae,negative,236,NA,NA,NA,87.7,NA
drug_resistant_pathogen,2016,year,F-CH,linguistic_region,all,agegroup_anresis,all,ESCR-K.pneumoniae,positive,33,NA,NA,NA,12.3,NA
drug_resistant_pathogen,2016,year,F-CH,linguistic_region,all,agegroup_anresis,all,FQR-E.coli,negative,1213,NA,NA,NA,80.3,NA
drug_resistant_pathogen,2016,year,F-CH,linguistic_region,all,agegroup_anresis,all,FQR-E.coli,positive,298,NA,NA,NA,19.7,NA
drug_resistant_pathogen,2016,year,F-CH,linguistic_region,all,agegroup_anresis,all,MRSA,negative,438,NA,NA,NA,92.2,NA
drug_resistant_pathogen,2016,year,F-CH,linguistic_region,all,agegroup_anresis,all,MRSA,positive,37,NA,NA,NA,7.8,NA
drug_resistant_pathogen,2016,year,F-CH,linguistic_region,all,agegroup_anresis,all,VRE,negative,182,NA,NA,NA,97.3,NA
drug_resistant_pathogen,2016,year,F-CH,linguistic_region,all,agegroup_anresis,all,VRE,positive,5,NA,NA,NA,2.7,NA
drug_resistant_pathogen,2016,year,I-CH,linguistic_region,all,agegroup_anresis,all,CRE,negative,512,NA,NA,NA,99.8,NA
drug_resistant_pathogen,2016,year,I-CH,linguistic_region,all,agegroup_anresis,all,CRE,positive,1,NA,NA,NA,0.2,NA
drug_resistant_pathogen,2016,year,I-CH,linguistic_region,all,agegroup_anresis,all,ESCR-E.coli,negative,329,NA,NA,NA,91.4,NA
drug_resistant_pathogen,2016,year,I-CH,linguistic_region,all,agegroup_anresis,all,ESCR-E.coli,positive,31,NA,NA,NA,8.6,NA
drug_resistant_pathogen,2016,year,I-CH,linguistic_region,all,agegroup_anresis,all,ESCR-K.pneumoniae,negative,51,NA,NA,NA,96.2,NA
drug_resistant_pathogen,2016,year,I-CH,linguistic_region,all,agegroup_anresis,all,ESCR-K.pneumoniae,positive,2,NA,NA,NA,3.8,NA
drug_resistant_pathogen,2016,year,I-CH,linguistic_region,all,agegroup_anresis,all,FQR-E.coli,negative,295,NA,NA,NA,81.9,NA
drug_resistant_pathogen,2016,year,I-CH,linguistic_region,all,agegroup_anresis,all,FQR-E.coli,positive,65,NA,NA,NA,18.1,NA
drug_resistant_pathogen,2016,year,I-CH,linguistic_region,all,agegroup_anresis,all,MRSA,negative,103,NA,NA,NA,91.2,NA
drug_resistant_pathogen,2016,year,I-CH,linguistic_region,all,agegroup_anresis,all,MRSA,positive,10,NA,NA,NA,8.8,NA
drug_resistant_pathogen,2016,year,I-CH,linguistic_region,all,agegroup_anresis,all,VRE,negative,22,NA,NA,NA,100,NA
drug_resistant_pathogen,2016,year,I-CH,linguistic_region,all,agegroup_anresis,all,VRE,positive,0,NA,NA,NA,0,NA
drug_resistant_pathogen,2016,year,unknown,linguistic_region,all,agegroup_anresis,all,CRE,negative,462,NA,NA,NA,NA,NA
drug_resistant_pathogen,2016,year,unknown,linguistic_region,all,agegroup_anresis,all,CRE,positive,4,NA,NA,NA,NA,NA
drug_resistant_pathogen,2016,year,unknown,linguistic_region,all,agegroup_anresis,all,ESCR-E.coli,negative,301,NA,NA,NA,NA,NA
drug_resistant_pathogen,2016,year,unknown,linguistic_region,all,agegroup_anresis,all,ESCR-E.coli,positive,27,NA,NA,NA,NA,NA
drug_resistant_pathogen,2016,year,unknown,linguistic_region,all,agegroup_anresis,all,ESCR-K.pneumoniae,negative,48,NA,NA,NA,NA,NA
drug_resistant_pathogen,2016,year,unknown,linguistic_region,all,agegroup_anresis,all,ESCR-K.pneumoniae,positive,4,NA,NA,NA,NA,NA
drug_resistant_pathogen,2016,year,unknown,linguistic_region,all,agegroup_anresis,all,FQR-E.coli,negative,281,NA,NA,NA,NA,NA
drug_resistant_pathogen,2016,year,unknown,linguistic_region,all,agegroup_anresis,all,FQR-E.coli,positive,48,NA,NA,NA,NA,NA
drug_resistant_pathogen,2016,year,unknown,linguistic_region,all,agegroup_anresis,all,MRSA,negative,87,NA,NA,NA,NA,NA
drug_resistant_pathogen,2016,year,unknown,linguistic_region,all,agegroup_anresis,all,MRSA,positive,8,NA,NA,NA,NA,NA
drug_resistant_pathogen,2016,year,unknown,linguistic_region,all,agegroup_anresis,all,VRE,negative,18,NA,NA,NA,NA,NA
drug_resistant_pathogen,2016,year,unknown,linguistic_region,all,agegroup_anresis,all,VRE,positive,1,NA,NA,NA,NA,NA
drug_resistant_pathogen,2017,year,D-CH,linguistic_region,all,agegroup_anresis,all,CRE,negative,5135,NA,NA,NA,99.9,NA
drug_resistant_pathogen,2017,year,D-CH,linguistic_region,all,agegroup_anresis,all,CRE,positive,5,NA,NA,NA,0.1,NA
drug_resistant_pathogen,2017,year,D-CH,linguistic_region,all,agegroup_anresis,all,ESCR-E.coli,negative,3085,NA,NA,NA,90.5,NA
drug_resistant_pathogen,2017,year,D-CH,linguistic_region,all,agegroup_anresis,all,ESCR-E.coli,positive,325,NA,NA,NA,9.5,NA
drug_resistant_pathogen,2017,year,D-CH,linguistic_region,all,agegroup_anresis,all,ESCR-K.pneumoniae,negative,644,NA,NA,NA,94.4,NA
drug_resistant_pathogen,2017,year,D-CH,linguistic_region,all,agegroup_anresis,all,ESCR-K.pneumoniae,positive,38,NA,NA,NA,5.6,NA
drug_resistant_pathogen,2017,year,D-CH,linguistic_region,all,agegroup_anresis,all,FQR-E.coli,negative,2803,NA,NA,NA,82.2,NA
drug_resistant_pathogen,2017,year,D-CH,linguistic_region,all,agegroup_anresis,all,FQR-E.coli,positive,608,NA,NA,NA,17.8,NA
drug_resistant_pathogen,2017,year,D-CH,linguistic_region,all,agegroup_anresis,all,MRSA,negative,1283,NA,NA,NA,96.2,NA
drug_resistant_pathogen,2017,year,D-CH,linguistic_region,all,agegroup_anresis,all,MRSA,positive,51,NA,NA,NA,3.8,NA
drug_resistant_pathogen,2017,year,D-CH,linguistic_region,all,agegroup_anresis,all,VRE,negative,346,NA,NA,NA,98.3,NA
drug_resistant_pathogen,2017,year,D-CH,linguistic_region,all,agegroup_anresis,all,VRE,positive,6,NA,NA,NA,1.7,NA
drug_resistant_pathogen,2017,year,F-CH,linguistic_region,all,agegroup_anresis,all,CRE,negative,2352,NA,NA,NA,99.9,NA
drug_resistant_pathogen,2017,year,F-CH,linguistic_region,all,agegroup_anresis,all,CRE,positive,2,NA,NA,NA,0.1,NA
drug_resistant_pathogen,2017,year,F-CH,linguistic_region,all,agegroup_anresis,all,ESCR-E.coli,negative,1425,NA,NA,NA,89,NA
drug_resistant_pathogen,2017,year,F-CH,linguistic_region,all,agegroup_anresis,all,ESCR-E.coli,positive,177,NA,NA,NA,11,NA
drug_resistant_pathogen,2017,year,F-CH,linguistic_region,all,agegroup_anresis,all,ESCR-K.pneumoniae,negative,259,NA,NA,NA,90.6,NA
drug_resistant_pathogen,2017,year,F-CH,linguistic_region,all,agegroup_anresis,all,ESCR-K.pneumoniae,positive,27,NA,NA,NA,9.4,NA
drug_resistant_pathogen,2017,year,F-CH,linguistic_region,all,agegroup_anresis,all,FQR-E.coli,negative,1253,NA,NA,NA,78.5,NA
drug_resistant_pathogen,2017,year,F-CH,linguistic_region,all,agegroup_anresis,all,FQR-E.coli,positive,344,NA,NA,NA,21.5,NA
drug_resistant_pathogen,2017,year,F-CH,linguistic_region,all,agegroup_anresis,all,MRSA,negative,505,NA,NA,NA,95.1,NA
drug_resistant_pathogen,2017,year,F-CH,linguistic_region,all,agegroup_anresis,all,MRSA,positive,26,NA,NA,NA,4.9,NA
drug_resistant_pathogen,2017,year,F-CH,linguistic_region,all,agegroup_anresis,all,VRE,negative,188,NA,NA,NA,98.4,NA
drug_resistant_pathogen,2017,year,F-CH,linguistic_region,all,agegroup_anresis,all,VRE,positive,3,NA,NA,NA,1.6,NA
drug_resistant_pathogen,2017,year,I-CH,linguistic_region,all,agegroup_anresis,all,CRE,negative,503,NA,NA,NA,99.8,NA
drug_resistant_pathogen,2017,year,I-CH,linguistic_region,all,agegroup_anresis,all,CRE,positive,1,NA,NA,NA,0.2,NA
drug_resistant_pathogen,2017,year,I-CH,linguistic_region,all,agegroup_anresis,all,ESCR-E.coli,negative,323,NA,NA,NA,91,NA
drug_resistant_pathogen,2017,year,I-CH,linguistic_region,all,agegroup_anresis,all,ESCR-E.coli,positive,32,NA,NA,NA,9,NA
drug_resistant_pathogen,2017,year,I-CH,linguistic_region,all,agegroup_anresis,all,ESCR-K.pneumoniae,negative,48,NA,NA,NA,92.3,NA
drug_resistant_pathogen,2017,year,I-CH,linguistic_region,all,agegroup_anresis,all,ESCR-K.pneumoniae,positive,4,NA,NA,NA,7.7,NA
drug_resistant_pathogen,2017,year,I-CH,linguistic_region,all,agegroup_anresis,all,FQR-E.coli,negative,287,NA,NA,NA,80.8,NA
drug_resistant_pathogen,2017,year,I-CH,linguistic_region,all,agegroup_anresis,all,FQR-E.coli,positive,68,NA,NA,NA,19.2,NA
drug_resistant_pathogen,2017,year,I-CH,linguistic_region,all,agegroup_anresis,all,MRSA,negative,76,NA,NA,NA,89.4,NA
drug_resistant_pathogen,2017,year,I-CH,linguistic_region,all,agegroup_anresis,all,MRSA,positive,9,NA,NA,NA,10.6,NA
drug_resistant_pathogen,2017,year,I-CH,linguistic_region,all,agegroup_anresis,all,VRE,negative,27,NA,NA,NA,93.1,NA
drug_resistant_pathogen,2017,year,I-CH,linguistic_region,all,agegroup_anresis,all,VRE,positive,2,NA,NA,NA,6.9,NA
drug_resistant_pathogen,2017,year,unknown,linguistic_region,all,agegroup_anresis,all,CRE,negative,336,NA,NA,NA,NA,NA
drug_resistant_pathogen,2017,year,unknown,linguistic_region,all,agegroup_anresis,all,CRE,positive,1,NA,NA,NA,NA,NA
drug_resistant_pathogen,2017,year,unknown,linguistic_region,all,agegroup_anresis,all,ESCR-E.coli,negative,204,NA,NA,NA,NA,NA
drug_resistant_pathogen,2017,year,unknown,linguistic_region,all,agegroup_anresis,all,ESCR-E.coli,positive,28,NA,NA,NA,NA,NA
drug_resistant_pathogen,2017,year,unknown,linguistic_region,all,agegroup_anresis,all,ESCR-K.pneumoniae,negative,32,NA,NA,NA,NA,NA
drug_resistant_pathogen,2017,year,unknown,linguistic_region,all,agegroup_anresis,all,ESCR-K.pneumoniae,positive,2,NA,NA,NA,NA,NA
drug_resistant_pathogen,2017,year,unknown,linguistic_region,all,agegroup_anresis,all,FQR-E.coli,negative,194,NA,NA,NA,NA,NA
drug_resistant_pathogen,2017,year,unknown,linguistic_region,all,agegroup_anresis,all,FQR-E.coli,positive,38,NA,NA,NA,NA,NA
drug_resistant_pathogen,2017,year,unknown,linguistic_region,all,agegroup_anresis,all,MRSA,negative,70,NA,NA,NA,NA,NA
drug_resistant_pathogen,2017,year,unknown,linguistic_region,all,agegroup_anresis,all,MRSA,positive,4,NA,NA,NA,NA,NA
drug_resistant_pathogen,2017,year,unknown,linguistic_region,all,agegroup_anresis,all,VRE,negative,14,NA,NA,NA,NA,NA
drug_resistant_pathogen,2017,year,unknown,linguistic_region,all,agegroup_anresis,all,VRE,positive,0,NA,NA,NA,NA,NA
drug_resistant_pathogen,2018,year,D-CH,linguistic_region,all,agegroup_anresis,all,CRE,negative,5835,NA,NA,NA,99.8,NA
drug_resistant_pathogen,2018,year,D-CH,linguistic_region,all,agegroup_anresis,all,CRE,positive,11,NA,NA,NA,0.2,NA
drug_resistant_pathogen,2018,year,D-CH,linguistic_region,all,agegroup_anresis,all,ESCR-E.coli,negative,3518,NA,NA,NA,90.3,NA
drug_resistant_pathogen,2018,year,D-CH,linguistic_region,all,agegroup_anresis,all,ESCR-E.coli,positive,376,NA,NA,NA,9.7,NA
drug_resistant_pathogen,2018,year,D-CH,linguistic_region,all,agegroup_anresis,all,ESCR-K.pneumoniae,negative,698,NA,NA,NA,93.8,NA
drug_resistant_pathogen,2018,year,D-CH,linguistic_region,all,agegroup_anresis,all,ESCR-K.pneumoniae,positive,46,NA,NA,NA,6.2,NA
drug_resistant_pathogen,2018,year,D-CH,linguistic_region,all,agegroup_anresis,all,FQR-E.coli,negative,3206,NA,NA,NA,82.4,NA
drug_resistant_pathogen,2018,year,D-CH,linguistic_region,all,agegroup_anresis,all,FQR-E.coli,positive,684,NA,NA,NA,17.6,NA
drug_resistant_pathogen,2018,year,D-CH,linguistic_region,all,agegroup_anresis,all,MRSA,negative,1338,NA,NA,NA,96.6,NA
drug_resistant_pathogen,2018,year,D-CH,linguistic_region,all,agegroup_anresis,all,MRSA,positive,47,NA,NA,NA,3.4,NA
drug_resistant_pathogen,2018,year,D-CH,linguistic_region,all,agegroup_anresis,all,VRE,negative,332,NA,NA,NA,96.5,NA
drug_resistant_pathogen,2018,year,D-CH,linguistic_region,all,agegroup_anresis,all,VRE,positive,12,NA,NA,NA,3.5,NA
drug_resistant_pathogen,2018,year,F-CH,linguistic_region,all,agegroup_anresis,all,CRE,negative,2670,NA,NA,NA,99.9,NA
drug_resistant_pathogen,2018,year,F-CH,linguistic_region,all,agegroup_anresis,all,CRE,positive,3,NA,NA,NA,0.1,NA
drug_resistant_pathogen,2018,year,F-CH,linguistic_region,all,agegroup_anresis,all,ESCR-E.coli,negative,1583,NA,NA,NA,86.7,NA
drug_resistant_pathogen,2018,year,F-CH,linguistic_region,all,agegroup_anresis,all,ESCR-E.coli,positive,242,NA,NA,NA,13.3,NA
drug_resistant_pathogen,2018,year,F-CH,linguistic_region,all,agegroup_anresis,all,ESCR-K.pneumoniae,negative,307,NA,NA,NA,89,NA
drug_resistant_pathogen,2018,year,F-CH,linguistic_region,all,agegroup_anresis,all,ESCR-K.pneumoniae,positive,38,NA,NA,NA,11,NA
drug_resistant_pathogen,2018,year,F-CH,linguistic_region,all,agegroup_anresis,all,FQR-E.coli,negative,1452,NA,NA,NA,79.6,NA
drug_resistant_pathogen,2018,year,F-CH,linguistic_region,all,agegroup_anresis,all,FQR-E.coli,positive,372,NA,NA,NA,20.4,NA
drug_resistant_pathogen,2018,year,F-CH,linguistic_region,all,agegroup_anresis,all,MRSA,negative,494,NA,NA,NA,92.5,NA
drug_resistant_pathogen,2018,year,F-CH,linguistic_region,all,agegroup_anresis,all,MRSA,positive,40,NA,NA,NA,7.5,NA
drug_resistant_pathogen,2018,year,F-CH,linguistic_region,all,agegroup_anresis,all,VRE,negative,182,NA,NA,NA,98.4,NA
drug_resistant_pathogen,2018,year,F-CH,linguistic_region,all,agegroup_anresis,all,VRE,positive,3,NA,NA,NA,1.6,NA
drug_resistant_pathogen,2018,year,I-CH,linguistic_region,all,agegroup_anresis,all,CRE,negative,438,NA,NA,NA,99.5,NA
drug_resistant_pathogen,2018,year,I-CH,linguistic_region,all,agegroup_anresis,all,CRE,positive,2,NA,NA,NA,0.5,NA
drug_resistant_pathogen,2018,year,I-CH,linguistic_region,all,agegroup_anresis,all,ESCR-E.coli,negative,256,NA,NA,NA,88,NA
drug_resistant_pathogen,2018,year,I-CH,linguistic_region,all,agegroup_anresis,all,ESCR-E.coli,positive,35,NA,NA,NA,12,NA
drug_resistant_pathogen,2018,year,I-CH,linguistic_region,all,agegroup_anresis,all,ESCR-K.pneumoniae,negative,55,NA,NA,NA,88.7,NA
drug_resistant_pathogen,2018,year,I-CH,linguistic_region,all,agegroup_anresis,all,ESCR-K.pneumoniae,positive,7,NA,NA,NA,11.3,NA
drug_resistant_pathogen,2018,year,I-CH,linguistic_region,all,agegroup_anresis,all,FQR-E.coli,negative,231,NA,NA,NA,79.4,NA
drug_resistant_pathogen,2018,year,I-CH,linguistic_region,all,agegroup_anresis,all,FQR-E.coli,positive,60,NA,NA,NA,20.6,NA
drug_resistant_pathogen,2018,year,I-CH,linguistic_region,all,agegroup_anresis,all,MRSA,negative,60,NA,NA,NA,84.5,NA
drug_resistant_pathogen,2018,year,I-CH,linguistic_region,all,agegroup_anresis,all,MRSA,positive,11,NA,NA,NA,15.5,NA
drug_resistant_pathogen,2018,year,I-CH,linguistic_region,all,agegroup_anresis,all,VRE,negative,46,NA,NA,NA,100,NA
drug_resistant_pathogen,2018,year,I-CH,linguistic_region,all,agegroup_anresis,all,VRE,positive,0,NA,NA,NA,0,NA
drug_resistant_pathogen,2018,year,unknown,linguistic_region,all,agegroup_anresis,all,CRE,negative,276,NA,NA,NA,NA,NA
drug_resistant_pathogen,2018,year,unknown,linguistic_region,all,agegroup_anresis,all,CRE,positive,0,NA,NA,NA,NA,NA
drug_resistant_pathogen,2018,year,unknown,linguistic_region,all,agegroup_anresis,all,ESCR-E.coli,negative,184,NA,NA,NA,NA,NA
drug_resistant_pathogen,2018,year,unknown,linguistic_region,all,agegroup_anresis,all,ESCR-E.coli,positive,32,NA,NA,NA,NA,NA
drug_resistant_pathogen,2018,year,unknown,linguistic_region,all,agegroup_anresis,all,ESCR-K.pneumoniae,negative,29,NA,NA,NA,NA,NA
drug_resistant_pathogen,2018,year,unknown,linguistic_region,all,agegroup_anresis,all,ESCR-K.pneumoniae,positive,6,NA,NA,NA,NA,NA
drug_resistant_pathogen,2018,year,unknown,linguistic_region,all,agegroup_anresis,all,FQR-E.coli,negative,172,NA,NA,NA,NA,NA
drug_resistant_pathogen,2018,year,unknown,linguistic_region,all,agegroup_anresis,all,FQR-E.coli,positive,44,NA,NA,NA,NA,NA
drug_resistant_pathogen,2018,year,unknown,linguistic_region,all,agegroup_anresis,all,MRSA,negative,51,NA,NA,NA,NA,NA
drug_resistant_pathogen,2018,year,unknown,linguistic_region,all,agegroup_anresis,all,MRSA,positive,6,NA,NA,NA,NA,NA
drug_resistant_pathogen,2018,year,unknown,linguistic_region,all,agegroup_anresis,all,VRE,negative,20,NA,NA,NA,NA,NA
drug_resistant_pathogen,2018,year,unknown,linguistic_region,all,agegroup_anresis,all,VRE,positive,0,NA,NA,NA,NA,NA
drug_resistant_pathogen,2019,year,D-CH,linguistic_region,all,agegroup_anresis,all,CRE,negative,6644,NA,NA,NA,99.8,NA
drug_resistant_pathogen,2019,year,D-CH,linguistic_region,all,agegroup_anresis,all,CRE,positive,10,NA,NA,NA,0.2,NA
drug_resistant_pathogen,2019,year,D-CH,linguistic_region,all,agegroup_anresis,all,ESCR-E.coli,negative,3930,NA,NA,NA,90.4,NA
drug_resistant_pathogen,2019,year,D-CH,linguistic_region,all,agegroup_anresis,all,ESCR-E.coli,positive,415,NA,NA,NA,9.6,NA
drug_resistant_pathogen,2019,year,D-CH,linguistic_region,all,agegroup_anresis,all,ESCR-K.pneumoniae,negative,857,NA,NA,NA,94.3,NA
drug_resistant_pathogen,2019,year,D-CH,linguistic_region,all,agegroup_anresis,all,ESCR-K.pneumoniae,positive,52,NA,NA,NA,5.7,NA
drug_resistant_pathogen,2019,year,D-CH,linguistic_region,all,agegroup_anresis,all,FQR-E.coli,negative,3687,NA,NA,NA,85,NA
drug_resistant_pathogen,2019,year,D-CH,linguistic_region,all,agegroup_anresis,all,FQR-E.coli,positive,652,NA,NA,NA,15,NA
drug_resistant_pathogen,2019,year,D-CH,linguistic_region,all,agegroup_anresis,all,MRSA,negative,1664,NA,NA,NA,97.2,NA
drug_resistant_pathogen,2019,year,D-CH,linguistic_region,all,agegroup_anresis,all,MRSA,positive,48,NA,NA,NA,2.8,NA
drug_resistant_pathogen,2019,year,D-CH,linguistic_region,all,agegroup_anresis,all,VRE,negative,359,NA,NA,NA,98.6,NA
drug_resistant_pathogen,2019,year,D-CH,linguistic_region,all,agegroup_anresis,all,VRE,positive,5,NA,NA,NA,1.4,NA
drug_resistant_pathogen,2019,year,F-CH,linguistic_region,all,agegroup_anresis,all,CRE,negative,2370,NA,NA,NA,99.8,NA
drug_resistant_pathogen,2019,year,F-CH,linguistic_region,all,agegroup_anresis,all,CRE,positive,4,NA,NA,NA,0.2,NA
drug_resistant_pathogen,2019,year,F-CH,linguistic_region,all,agegroup_anresis,all,ESCR-E.coli,negative,1318,NA,NA,NA,85.8,NA
drug_resistant_pathogen,2019,year,F-CH,linguistic_region,all,agegroup_anresis,all,ESCR-E.coli,positive,218,NA,NA,NA,14.2,NA
drug_resistant_pathogen,2019,year,F-CH,linguistic_region,all,agegroup_anresis,all,ESCR-K.pneumoniae,negative,292,NA,NA,NA,89.8,NA
drug_resistant_pathogen,2019,year,F-CH,linguistic_region,all,agegroup_anresis,all,ESCR-K.pneumoniae,positive,33,NA,NA,NA,10.2,NA
drug_resistant_pathogen,2019,year,F-CH,linguistic_region,all,agegroup_anresis,all,FQR-E.coli,negative,1187,NA,NA,NA,77.3,NA
drug_resistant_pathogen,2019,year,F-CH,linguistic_region,all,agegroup_anresis,all,FQR-E.coli,positive,349,NA,NA,NA,22.7,NA
drug_resistant_pathogen,2019,year,F-CH,linguistic_region,all,agegroup_anresis,all,MRSA,negative,452,NA,NA,NA,94.4,NA
drug_resistant_pathogen,2019,year,F-CH,linguistic_region,all,agegroup_anresis,all,MRSA,positive,27,NA,NA,NA,5.6,NA
drug_resistant_pathogen,2019,year,F-CH,linguistic_region,all,agegroup_anresis,all,VRE,negative,106,NA,NA,NA,100,NA
drug_resistant_pathogen,2019,year,F-CH,linguistic_region,all,agegroup_anresis,all,VRE,positive,0,NA,NA,NA,0,NA
drug_resistant_pathogen,2019,year,I-CH,linguistic_region,all,agegroup_anresis,all,CRE,negative,543,NA,NA,NA,99.5,NA
drug_resistant_pathogen,2019,year,I-CH,linguistic_region,all,agegroup_anresis,all,CRE,positive,3,NA,NA,NA,0.5,NA
drug_resistant_pathogen,2019,year,I-CH,linguistic_region,all,agegroup_anresis,all,ESCR-E.coli,negative,328,NA,NA,NA,89.9,NA
drug_resistant_pathogen,2019,year,I-CH,linguistic_region,all,agegroup_anresis,all,ESCR-E.coli,positive,37,NA,NA,NA,10.1,NA
drug_resistant_pathogen,2019,year,I-CH,linguistic_region,all,agegroup_anresis,all,ESCR-K.pneumoniae,negative,57,NA,NA,NA,89.1,NA
drug_resistant_pathogen,2019,year,I-CH,linguistic_region,all,agegroup_anresis,all,ESCR-K.pneumoniae,positive,7,NA,NA,NA,10.9,NA
drug_resistant_pathogen,2019,year,I-CH,linguistic_region,all,agegroup_anresis,all,FQR-E.coli,negative,308,NA,NA,NA,84.4,NA
drug_resistant_pathogen,2019,year,I-CH,linguistic_region,all,agegroup_anresis,all,FQR-E.coli,positive,57,NA,NA,NA,15.6,NA
drug_resistant_pathogen,2019,year,I-CH,linguistic_region,all,agegroup_anresis,all,MRSA,negative,70,NA,NA,NA,92.1,NA
drug_resistant_pathogen,2019,year,I-CH,linguistic_region,all,agegroup_anresis,all,MRSA,positive,6,NA,NA,NA,7.9,NA
drug_resistant_pathogen,2019,year,I-CH,linguistic_region,all,agegroup_anresis,all,VRE,negative,36,NA,NA,NA,90,NA
drug_resistant_pathogen,2019,year,I-CH,linguistic_region,all,agegroup_anresis,all,VRE,positive,4,NA,NA,NA,10,NA
drug_resistant_pathogen,2019,year,unknown,linguistic_region,all,agegroup_anresis,all,CRE,negative,330,NA,NA,NA,NA,NA
drug_resistant_pathogen,2019,year,unknown,linguistic_region,all,agegroup_anresis,all,CRE,positive,2,NA,NA,NA,NA,NA
drug_resistant_pathogen,2019,year,unknown,linguistic_region,all,agegroup_anresis,all,ESCR-E.coli,negative,221,NA,NA,NA,NA,NA
drug_resistant_pathogen,2019,year,unknown,linguistic_region,all,agegroup_anresis,all,ESCR-E.coli,positive,35,NA,NA,NA,NA,NA
drug_resistant_pathogen,2019,year,unknown,linguistic_region,all,agegroup_anresis,all,ESCR-K.pneumoniae,negative,39,NA,NA,NA,NA,NA
drug_resistant_pathogen,2019,year,unknown,linguistic_region,all,agegroup_anresis,all,ESCR-K.pneumoniae,positive,11,NA,NA,NA,NA,NA
drug_resistant_pathogen,2019,year,unknown,linguistic_region,all,agegroup_anresis,all,FQR-E.coli,negative,222,NA,NA,NA,NA,NA
drug_resistant_pathogen,2019,year,unknown,linguistic_region,all,agegroup_anresis,all,FQR-E.coli,positive,35,NA,NA,NA,NA,NA
drug_resistant_pathogen,2019,year,unknown,linguistic_region,all,agegroup_anresis,all,MRSA,negative,65,NA,NA,NA,NA,NA
drug_resistant_pathogen,2019,year,unknown,linguistic_region,all,agegroup_anresis,all,MRSA,positive,4,NA,NA,NA,NA,NA
drug_resistant_pathogen,2019,year,unknown,linguistic_region,all,agegroup_anresis,all,VRE,negative,9,NA,NA,NA,NA,NA
drug_resistant_pathogen,2019,year,unknown,linguistic_region,all,agegroup_anresis,all,VRE,positive,0,NA,NA,NA,NA,NA
drug_resistant_pathogen,2020,year,D-CH,linguistic_region,all,agegroup_anresis,all,CRE,negative,6676,NA,NA,NA,99.7,NA
drug_resistant_pathogen,2020,year,D-CH,linguistic_region,all,agegroup_anresis,all,CRE,positive,20,NA,NA,NA,0.3,NA
drug_resistant_pathogen,2020,year,D-CH,linguistic_region,all,agegroup_anresis,all,ESCR-E.coli,negative,3846,NA,NA,NA,90.3,NA
drug_resistant_pathogen,2020,year,D-CH,linguistic_region,all,agegroup_anresis,all,ESCR-E.coli,positive,415,NA,NA,NA,9.7,NA
drug_resistant_pathogen,2020,year,D-CH,linguistic_region,all,agegroup_anresis,all,ESCR-K.pneumoniae,negative,904,NA,NA,NA,93.7,NA
drug_resistant_pathogen,2020,year,D-CH,linguistic_region,all,agegroup_anresis,all,ESCR-K.pneumoniae,positive,61,NA,NA,NA,6.3,NA
drug_resistant_pathogen,2020,year,D-CH,linguistic_region,all,agegroup_anresis,all,FQR-E.coli,negative,3561,NA,NA,NA,83.7,NA
drug_resistant_pathogen,2020,year,D-CH,linguistic_region,all,agegroup_anresis,all,FQR-E.coli,positive,692,NA,NA,NA,16.3,NA
drug_resistant_pathogen,2020,year,D-CH,linguistic_region,all,agegroup_anresis,all,MRSA,negative,1627,NA,NA,NA,96.6,NA
drug_resistant_pathogen,2020,year,D-CH,linguistic_region,all,agegroup_anresis,all,MRSA,positive,58,NA,NA,NA,3.4,NA
drug_resistant_pathogen,2020,year,D-CH,linguistic_region,all,agegroup_anresis,all,VRE,negative,395,NA,NA,NA,96.3,NA
drug_resistant_pathogen,2020,year,D-CH,linguistic_region,all,agegroup_anresis,all,VRE,positive,15,NA,NA,NA,3.7,NA
drug_resistant_pathogen,2020,year,F-CH,linguistic_region,all,agegroup_anresis,all,CRE,negative,2323,NA,NA,NA,99.8,NA
drug_resistant_pathogen,2020,year,F-CH,linguistic_region,all,agegroup_anresis,all,CRE,positive,4,NA,NA,NA,0.2,NA
drug_resistant_pathogen,2020,year,F-CH,linguistic_region,all,agegroup_anresis,all,ESCR-E.coli,negative,1294,NA,NA,NA,87.6,NA
drug_resistant_pathogen,2020,year,F-CH,linguistic_region,all,agegroup_anresis,all,ESCR-E.coli,positive,183,NA,NA,NA,12.4,NA
drug_resistant_pathogen,2020,year,F-CH,linguistic_region,all,agegroup_anresis,all,ESCR-K.pneumoniae,negative,293,NA,NA,NA,90.7,NA
drug_resistant_pathogen,2020,year,F-CH,linguistic_region,all,agegroup_anresis,all,ESCR-K.pneumoniae,positive,30,NA,NA,NA,9.3,NA
drug_resistant_pathogen,2020,year,F-CH,linguistic_region,all,agegroup_anresis,all,FQR-E.coli,negative,1163,NA,NA,NA,78.7,NA
drug_resistant_pathogen,2020,year,F-CH,linguistic_region,all,agegroup_anresis,all,FQR-E.coli,positive,314,NA,NA,NA,21.3,NA
drug_resistant_pathogen,2020,year,F-CH,linguistic_region,all,agegroup_anresis,all,MRSA,negative,453,NA,NA,NA,91.7,NA
drug_resistant_pathogen,2020,year,F-CH,linguistic_region,all,agegroup_anresis,all,MRSA,positive,41,NA,NA,NA,8.3,NA
drug_resistant_pathogen,2020,year,F-CH,linguistic_region,all,agegroup_anresis,all,VRE,negative,153,NA,NA,NA,100,NA
drug_resistant_pathogen,2020,year,F-CH,linguistic_region,all,agegroup_anresis,all,VRE,positive,0,NA,NA,NA,0,NA
drug_resistant_pathogen,2020,year,I-CH,linguistic_region,all,agegroup_anresis,all,CRE,negative,532,NA,NA,NA,100,NA
drug_resistant_pathogen,2020,year,I-CH,linguistic_region,all,agegroup_anresis,all,CRE,positive,0,NA,NA,NA,0,NA
drug_resistant_pathogen,2020,year,I-CH,linguistic_region,all,agegroup_anresis,all,ESCR-E.coli,negative,306,NA,NA,NA,90.3,NA
drug_resistant_pathogen,2020,year,I-CH,linguistic_region,all,agegroup_anresis,all,ESCR-E.coli,positive,33,NA,NA,NA,9.7,NA
drug_resistant_pathogen,2020,year,I-CH,linguistic_region,all,agegroup_anresis,all,ESCR-K.pneumoniae,negative,55,NA,NA,NA,94.8,NA
drug_resistant_pathogen,2020,year,I-CH,linguistic_region,all,agegroup_anresis,all,ESCR-K.pneumoniae,positive,3,NA,NA,NA,5.2,NA
drug_resistant_pathogen,2020,year,I-CH,linguistic_region,all,agegroup_anresis,all,FQR-E.coli,negative,283,NA,NA,NA,83.5,NA
drug_resistant_pathogen,2020,year,I-CH,linguistic_region,all,agegroup_anresis,all,FQR-E.coli,positive,56,NA,NA,NA,16.5,NA
drug_resistant_pathogen,2020,year,I-CH,linguistic_region,all,agegroup_anresis,all,MRSA,negative,64,NA,NA,NA,86.5,NA
drug_resistant_pathogen,2020,year,I-CH,linguistic_region,all,agegroup_anresis,all,MRSA,positive,10,NA,NA,NA,13.5,NA
drug_resistant_pathogen,2020,year,I-CH,linguistic_region,all,agegroup_anresis,all,VRE,negative,58,NA,NA,NA,96.7,NA
drug_resistant_pathogen,2020,year,I-CH,linguistic_region,all,agegroup_anresis,all,VRE,positive,2,NA,NA,NA,3.3,NA
drug_resistant_pathogen,2020,year,unknown,linguistic_region,all,agegroup_anresis,all,CRE,negative,322,NA,NA,NA,NA,NA
drug_resistant_pathogen,2020,year,unknown,linguistic_region,all,agegroup_anresis,all,CRE,positive,2,NA,NA,NA,NA,NA
drug_resistant_pathogen,2020,year,unknown,linguistic_region,all,agegroup_anresis,all,ESCR-E.coli,negative,221,NA,NA,NA,NA,NA
drug_resistant_pathogen,2020,year,unknown,linguistic_region,all,agegroup_anresis,all,ESCR-E.coli,positive,20,NA,NA,NA,NA,NA
drug_resistant_pathogen,2020,year,unknown,linguistic_region,all,agegroup_anresis,all,ESCR-K.pneumoniae,negative,44,NA,NA,NA,NA,NA
drug_resistant_pathogen,2020,year,unknown,linguistic_region,all,agegroup_anresis,all,ESCR-K.pneumoniae,positive,5,NA,NA,NA,NA,NA
drug_resistant_pathogen,2020,year,unknown,linguistic_region,all,agegroup_anresis,all,FQR-E.coli,negative,202,NA,NA,NA,NA,NA
drug_resistant_pathogen,2020,year,unknown,linguistic_region,all,agegroup_anresis,all,FQR-E.coli,positive,37,NA,NA,NA,NA,NA
drug_resistant_pathogen,2020,year,unknown,linguistic_region,all,agegroup_anresis,all,MRSA,negative,79,NA,NA,NA,NA,NA
drug_resistant_pathogen,2020,year,unknown,linguistic_region,all,agegroup_anresis,all,MRSA,positive,1,NA,NA,NA,NA,NA
drug_resistant_pathogen,2020,year,unknown,linguistic_region,all,agegroup_anresis,all,VRE,negative,21,NA,NA,NA,NA,NA
drug_resistant_pathogen,2020,year,unknown,linguistic_region,all,agegroup_anresis,all,VRE,positive,0,NA,NA,NA,NA,NA
drug_resistant_pathogen,2021,year,D-CH,linguistic_region,all,agegroup_anresis,all,CRE,negative,6383,NA,NA,NA,99.7,NA
drug_resistant_pathogen,2021,year,D-CH,linguistic_region,all,agegroup_anresis,all,CRE,positive,19,NA,NA,NA,0.3,NA
drug_resistant_pathogen,2021,year,D-CH,linguistic_region,all,agegroup_anresis,all,ESCR-E.coli,negative,3633,NA,NA,NA,89.9,NA
drug_resistant_pathogen,2021,year,D-CH,linguistic_region,all,agegroup_anresis,all,ESCR-E.coli,positive,406,NA,NA,NA,10.1,NA
drug_resistant_pathogen,2021,year,D-CH,linguistic_region,all,agegroup_anresis,all,ESCR-K.pneumoniae,negative,855,NA,NA,NA,92.9,NA
drug_resistant_pathogen,2021,year,D-CH,linguistic_region,all,agegroup_anresis,all,ESCR-K.pneumoniae,positive,65,NA,NA,NA,7.1,NA
drug_resistant_pathogen,2021,year,D-CH,linguistic_region,all,agegroup_anresis,all,FQR-E.coli,negative,3392,NA,NA,NA,84.6,NA
drug_resistant_pathogen,2021,year,D-CH,linguistic_region,all,agegroup_anresis,all,FQR-E.coli,positive,619,NA,NA,NA,15.4,NA
drug_resistant_pathogen,2021,year,D-CH,linguistic_region,all,agegroup_anresis,all,MRSA,negative,1683,NA,NA,NA,96.2,NA
drug_resistant_pathogen,2021,year,D-CH,linguistic_region,all,agegroup_anresis,all,MRSA,positive,67,NA,NA,NA,3.8,NA
drug_resistant_pathogen,2021,year,D-CH,linguistic_region,all,agegroup_anresis,all,VRE,negative,386,NA,NA,NA,98,NA
drug_resistant_pathogen,2021,year,D-CH,linguistic_region,all,agegroup_anresis,all,VRE,positive,8,NA,NA,NA,2,NA
drug_resistant_pathogen,2021,year,F-CH,linguistic_region,all,agegroup_anresis,all,CRE,negative,2221,NA,NA,NA,99.8,NA
drug_resistant_pathogen,2021,year,F-CH,linguistic_region,all,agegroup_anresis,all,CRE,positive,5,NA,NA,NA,0.2,NA
drug_resistant_pathogen,2021,year,F-CH,linguistic_region,all,agegroup_anresis,all,ESCR-E.coli,negative,1291,NA,NA,NA,87.2,NA
drug_resistant_pathogen,2021,year,F-CH,linguistic_region,all,agegroup_anresis,all,ESCR-E.coli,positive,190,NA,NA,NA,12.8,NA
drug_resistant_pathogen,2021,year,F-CH,linguistic_region,all,agegroup_anresis,all,ESCR-K.pneumoniae,negative,362,NA,NA,NA,90,NA
drug_resistant_pathogen,2021,year,F-CH,linguistic_region,all,agegroup_anresis,all,ESCR-K.pneumoniae,positive,40,NA,NA,NA,10,NA
drug_resistant_pathogen,2021,year,F-CH,linguistic_region,all,agegroup_anresis,all,FQR-E.coli,negative,1160,NA,NA,NA,78.6,NA
drug_resistant_pathogen,2021,year,F-CH,linguistic_region,all,agegroup_anresis,all,FQR-E.coli,positive,316,NA,NA,NA,21.4,NA
drug_resistant_pathogen,2021,year,F-CH,linguistic_region,all,agegroup_anresis,all,MRSA,negative,488,NA,NA,NA,94.8,NA
drug_resistant_pathogen,2021,year,F-CH,linguistic_region,all,agegroup_anresis,all,MRSA,positive,27,NA,NA,NA,5.2,NA
drug_resistant_pathogen,2021,year,F-CH,linguistic_region,all,agegroup_anresis,all,VRE,negative,213,NA,NA,NA,97.3,NA
drug_resistant_pathogen,2021,year,F-CH,linguistic_region,all,agegroup_anresis,all,VRE,positive,6,NA,NA,NA,2.7,NA
drug_resistant_pathogen,2021,year,I-CH,linguistic_region,all,agegroup_anresis,all,CRE,negative,500,NA,NA,NA,99.6,NA
drug_resistant_pathogen,2021,year,I-CH,linguistic_region,all,agegroup_anresis,all,CRE,positive,2,NA,NA,NA,0.4,NA
drug_resistant_pathogen,2021,year,I-CH,linguistic_region,all,agegroup_anresis,all,ESCR-E.coli,negative,300,NA,NA,NA,91.5,NA
drug_resistant_pathogen,2021,year,I-CH,linguistic_region,all,agegroup_anresis,all,ESCR-E.coli,positive,28,NA,NA,NA,8.5,NA
drug_resistant_pathogen,2021,year,I-CH,linguistic_region,all,agegroup_anresis,all,ESCR-K.pneumoniae,negative,51,NA,NA,NA,91.1,NA
drug_resistant_pathogen,2021,year,I-CH,linguistic_region,all,agegroup_anresis,all,ESCR-K.pneumoniae,positive,5,NA,NA,NA,8.9,NA
drug_resistant_pathogen,2021,year,I-CH,linguistic_region,all,agegroup_anresis,all,FQR-E.coli,negative,273,NA,NA,NA,83.2,NA
drug_resistant_pathogen,2021,year,I-CH,linguistic_region,all,agegroup_anresis,all,FQR-E.coli,positive,55,NA,NA,NA,16.8,NA
drug_resistant_pathogen,2021,year,I-CH,linguistic_region,all,agegroup_anresis,all,MRSA,negative,32,NA,NA,NA,74.4,NA
drug_resistant_pathogen,2021,year,I-CH,linguistic_region,all,agegroup_anresis,all,MRSA,positive,11,NA,NA,NA,25.6,NA
drug_resistant_pathogen,2021,year,I-CH,linguistic_region,all,agegroup_anresis,all,VRE,negative,79,NA,NA,NA,100,NA
drug_resistant_pathogen,2021,year,I-CH,linguistic_region,all,agegroup_anresis,all,VRE,positive,0,NA,NA,NA,0,NA
drug_resistant_pathogen,2021,year,unknown,linguistic_region,all,agegroup_anresis,all,CRE,negative,750,NA,NA,NA,NA,NA
drug_resistant_pathogen,2021,year,unknown,linguistic_region,all,agegroup_anresis,all,CRE,positive,3,NA,NA,NA,NA,NA
drug_resistant_pathogen,2021,year,unknown,linguistic_region,all,agegroup_anresis,all,ESCR-E.coli,negative,475,NA,NA,NA,NA,NA
drug_resistant_pathogen,2021,year,unknown,linguistic_region,all,agegroup_anresis,all,ESCR-E.coli,positive,37,NA,NA,NA,NA,NA
drug_resistant_pathogen,2021,year,unknown,linguistic_region,all,agegroup_anresis,all,ESCR-K.pneumoniae,negative,99,NA,NA,NA,NA,NA
drug_resistant_pathogen,2021,year,unknown,linguistic_region,all,agegroup_anresis,all,ESCR-K.pneumoniae,positive,5,NA,NA,NA,NA,NA
drug_resistant_pathogen,2021,year,unknown,linguistic_region,all,agegroup_anresis,all,FQR-E.coli,negative,444,NA,NA,NA,NA,NA
drug_resistant_pathogen,2021,year,unknown,linguistic_region,all,agegroup_anresis,all,FQR-E.coli,positive,63,NA,NA,NA,NA,NA
drug_resistant_pathogen,2021,year,unknown,linguistic_region,all,agegroup_anresis,all,MRSA,negative,128,NA,NA,NA,NA,NA
drug_resistant_pathogen,2021,year,unknown,linguistic_region,all,agegroup_anresis,all,MRSA,positive,8,NA,NA,NA,NA,NA
drug_resistant_pathogen,2021,year,unknown,linguistic_region,all,agegroup_anresis,all,VRE,negative,70,NA,NA,NA,NA,NA
drug_resistant_pathogen,2021,year,unknown,linguistic_region,all,agegroup_anresis,all,VRE,positive,1,NA,NA,NA,NA,NA
drug_resistant_pathogen,2022,year,D-CH,linguistic_region,all,agegroup_anresis,all,CRE,negative,6426,NA,NA,NA,99.7,NA
drug_resistant_pathogen,2022,year,D-CH,linguistic_region,all,agegroup_anresis,all,CRE,positive,22,NA,NA,NA,0.3,NA
drug_resistant_pathogen,2022,year,D-CH,linguistic_region,all,agegroup_anresis,all,ESCR-E.coli,negative,3714,NA,NA,NA,89.3,NA
drug_resistant_pathogen,2022,year,D-CH,linguistic_region,all,agegroup_anresis,all,ESCR-E.coli,positive,447,NA,NA,NA,10.7,NA
drug_resistant_pathogen,2022,year,D-CH,linguistic_region,all,agegroup_anresis,all,ESCR-K.pneumoniae,negative,878,NA,NA,NA,89.1,NA
drug_resistant_pathogen,2022,year,D-CH,linguistic_region,all,agegroup_anresis,all,ESCR-K.pneumoniae,positive,107,NA,NA,NA,10.9,NA
drug_resistant_pathogen,2022,year,D-CH,linguistic_region,all,agegroup_anresis,all,FQR-E.coli,negative,3480,NA,NA,NA,85.3,NA
drug_resistant_pathogen,2022,year,D-CH,linguistic_region,all,agegroup_anresis,all,FQR-E.coli,positive,598,NA,NA,NA,14.7,NA
drug_resistant_pathogen,2022,year,D-CH,linguistic_region,all,agegroup_anresis,all,MRSA,negative,1705,NA,NA,NA,97,NA
drug_resistant_pathogen,2022,year,D-CH,linguistic_region,all,agegroup_anresis,all,MRSA,positive,53,NA,NA,NA,3,NA
drug_resistant_pathogen,2022,year,D-CH,linguistic_region,all,agegroup_anresis,all,VRE,negative,437,NA,NA,NA,96.7,NA
drug_resistant_pathogen,2022,year,D-CH,linguistic_region,all,agegroup_anresis,all,VRE,positive,15,NA,NA,NA,3.3,NA
drug_resistant_pathogen,2022,year,F-CH,linguistic_region,all,agegroup_anresis,all,CRE,negative,2248,NA,NA,NA,99.7,NA
drug_resistant_pathogen,2022,year,F-CH,linguistic_region,all,agegroup_anresis,all,CRE,positive,6,NA,NA,NA,0.3,NA
drug_resistant_pathogen,2022,year,F-CH,linguistic_region,all,agegroup_anresis,all,ESCR-E.coli,negative,1461,NA,NA,NA,86.2,NA
drug_resistant_pathogen,2022,year,F-CH,linguistic_region,all,agegroup_anresis,all,ESCR-E.coli,positive,234,NA,NA,NA,13.8,NA
drug_resistant_pathogen,2022,year,F-CH,linguistic_region,all,agegroup_anresis,all,ESCR-K.pneumoniae,negative,396,NA,NA,NA,90.2,NA
drug_resistant_pathogen,2022,year,F-CH,linguistic_region,all,agegroup_anresis,all,ESCR-K.pneumoniae,positive,43,NA,NA,NA,9.8,NA
drug_resistant_pathogen,2022,year,F-CH,linguistic_region,all,agegroup_anresis,all,FQR-E.coli,negative,1330,NA,NA,NA,78.9,NA
drug_resistant_pathogen,2022,year,F-CH,linguistic_region,all,agegroup_anresis,all,FQR-E.coli,positive,355,NA,NA,NA,21.1,NA
drug_resistant_pathogen,2022,year,F-CH,linguistic_region,all,agegroup_anresis,all,MRSA,negative,581,NA,NA,NA,94.8,NA
drug_resistant_pathogen,2022,year,F-CH,linguistic_region,all,agegroup_anresis,all,MRSA,positive,32,NA,NA,NA,5.2,NA
drug_resistant_pathogen,2022,year,F-CH,linguistic_region,all,agegroup_anresis,all,VRE,negative,212,NA,NA,NA,96.8,NA
drug_resistant_pathogen,2022,year,F-CH,linguistic_region,all,agegroup_anresis,all,VRE,positive,7,NA,NA,NA,3.2,NA
drug_resistant_pathogen,2022,year,I-CH,linguistic_region,all,agegroup_anresis,all,CRE,negative,689,NA,NA,NA,99.3,NA
drug_resistant_pathogen,2022,year,I-CH,linguistic_region,all,agegroup_anresis,all,CRE,positive,5,NA,NA,NA,0.7,NA
drug_resistant_pathogen,2022,year,I-CH,linguistic_region,all,agegroup_anresis,all,ESCR-E.coli,negative,401,NA,NA,NA,89.7,NA
drug_resistant_pathogen,2022,year,I-CH,linguistic_region,all,agegroup_anresis,all,ESCR-E.coli,positive,46,NA,NA,NA,10.3,NA
drug_resistant_pathogen,2022,year,I-CH,linguistic_region,all,agegroup_anresis,all,ESCR-K.pneumoniae,negative,87,NA,NA,NA,89.7,NA
drug_resistant_pathogen,2022,year,I-CH,linguistic_region,all,agegroup_anresis,all,ESCR-K.pneumoniae,positive,10,NA,NA,NA,10.3,NA
drug_resistant_pathogen,2022,year,I-CH,linguistic_region,all,agegroup_anresis,all,FQR-E.coli,negative,361,NA,NA,NA,82.6,NA
drug_resistant_pathogen,2022,year,I-CH,linguistic_region,all,agegroup_anresis,all,FQR-E.coli,positive,76,NA,NA,NA,17.4,NA
drug_resistant_pathogen,2022,year,I-CH,linguistic_region,all,agegroup_anresis,all,MRSA,negative,32,NA,NA,NA,71.1,NA
drug_resistant_pathogen,2022,year,I-CH,linguistic_region,all,agegroup_anresis,all,MRSA,positive,13,NA,NA,NA,28.9,NA
drug_resistant_pathogen,2022,year,I-CH,linguistic_region,all,agegroup_anresis,all,VRE,negative,66,NA,NA,NA,100,NA
drug_resistant_pathogen,2022,year,I-CH,linguistic_region,all,agegroup_anresis,all,VRE,positive,0,NA,NA,NA,0,NA
drug_resistant_pathogen,2022,year,unknown,linguistic_region,all,agegroup_anresis,all,CRE,negative,611,NA,NA,NA,NA,NA
drug_resistant_pathogen,2022,year,unknown,linguistic_region,all,agegroup_anresis,all,CRE,positive,1,NA,NA,NA,NA,NA
drug_resistant_pathogen,2022,year,unknown,linguistic_region,all,agegroup_anresis,all,ESCR-E.coli,negative,405,NA,NA,NA,NA,NA
drug_resistant_pathogen,2022,year,unknown,linguistic_region,all,agegroup_anresis,all,ESCR-E.coli,positive,47,NA,NA,NA,NA,NA
drug_resistant_pathogen,2022,year,unknown,linguistic_region,all,agegroup_anresis,all,ESCR-K.pneumoniae,negative,89,NA,NA,NA,NA,NA
drug_resistant_pathogen,2022,year,unknown,linguistic_region,all,agegroup_anresis,all,ESCR-K.pneumoniae,positive,9,NA,NA,NA,NA,NA
drug_resistant_pathogen,2022,year,unknown,linguistic_region,all,agegroup_anresis,all,FQR-E.coli,negative,394,NA,NA,NA,NA,NA
drug_resistant_pathogen,2022,year,unknown,linguistic_region,all,agegroup_anresis,all,FQR-E.coli,positive,51,NA,NA,NA,NA,NA
drug_resistant_pathogen,2022,year,unknown,linguistic_region,all,agegroup_anresis,all,MRSA,negative,108,NA,NA,NA,NA,NA
drug_resistant_pathogen,2022,year,unknown,linguistic_region,all,agegroup_anresis,all,MRSA,positive,1,NA,NA,NA,NA,NA
drug_resistant_pathogen,2022,year,unknown,linguistic_region,all,agegroup_anresis,all,VRE,negative,55,NA,NA,NA,NA,NA
drug_resistant_pathogen,2022,year,unknown,linguistic_region,all,agegroup_anresis,all,VRE,positive,2,NA,NA,NA,NA,NA
drug_resistant_pathogen,2023,year,D-CH,linguistic_region,all,agegroup_anresis,all,CRE,negative,6621,NA,NA,NA,99.5,NA
drug_resistant_pathogen,2023,year,D-CH,linguistic_region,all,agegroup_anresis,all,CRE,positive,33,NA,NA,NA,0.5,NA
drug_resistant_pathogen,2023,year,D-CH,linguistic_region,all,agegroup_anresis,all,ESCR-E.coli,negative,3755,NA,NA,NA,87.4,NA
drug_resistant_pathogen,2023,year,D-CH,linguistic_region,all,agegroup_anresis,all,ESCR-E.coli,positive,539,NA,NA,NA,12.6,NA
drug_resistant_pathogen,2023,year,D-CH,linguistic_region,all,agegroup_anresis,all,ESCR-K.pneumoniae,negative,958,NA,NA,NA,91.9,NA
drug_resistant_pathogen,2023,year,D-CH,linguistic_region,all,agegroup_anresis,all,ESCR-K.pneumoniae,positive,85,NA,NA,NA,8.1,NA
drug_resistant_pathogen,2023,year,D-CH,linguistic_region,all,agegroup_anresis,all,FQR-E.coli,negative,3470,NA,NA,NA,82.2,NA
drug_resistant_pathogen,2023,year,D-CH,linguistic_region,all,agegroup_anresis,all,FQR-E.coli,positive,751,NA,NA,NA,17.8,NA
drug_resistant_pathogen,2023,year,D-CH,linguistic_region,all,agegroup_anresis,all,MRSA,negative,1749,NA,NA,NA,96.5,NA
drug_resistant_pathogen,2023,year,D-CH,linguistic_region,all,agegroup_anresis,all,MRSA,positive,63,NA,NA,NA,3.5,NA
drug_resistant_pathogen,2023,year,D-CH,linguistic_region,all,agegroup_anresis,all,VRE,negative,381,NA,NA,NA,97.2,NA
drug_resistant_pathogen,2023,year,D-CH,linguistic_region,all,agegroup_anresis,all,VRE,positive,11,NA,NA,NA,2.8,NA
drug_resistant_pathogen,2023,year,F-CH,linguistic_region,all,agegroup_anresis,all,CRE,negative,2062,NA,NA,NA,99.4,NA
drug_resistant_pathogen,2023,year,F-CH,linguistic_region,all,agegroup_anresis,all,CRE,positive,13,NA,NA,NA,0.6,NA
drug_resistant_pathogen,2023,year,F-CH,linguistic_region,all,agegroup_anresis,all,ESCR-E.coli,negative,1345,NA,NA,NA,85.5,NA
drug_resistant_pathogen,2023,year,F-CH,linguistic_region,all,agegroup_anresis,all,ESCR-E.coli,positive,228,NA,NA,NA,14.5,NA
drug_resistant_pathogen,2023,year,F-CH,linguistic_region,all,agegroup_anresis,all,ESCR-K.pneumoniae,negative,358,NA,NA,NA,85.4,NA
drug_resistant_pathogen,2023,year,F-CH,linguistic_region,all,agegroup_anresis,all,ESCR-K.pneumoniae,positive,61,NA,NA,NA,14.6,NA
drug_resistant_pathogen,2023,year,F-CH,linguistic_region,all,agegroup_anresis,all,FQR-E.coli,negative,1171,NA,NA,NA,75.4,NA
drug_resistant_pathogen,2023,year,F-CH,linguistic_region,all,agegroup_anresis,all,FQR-E.coli,positive,382,NA,NA,NA,24.6,NA
drug_resistant_pathogen,2023,year,F-CH,linguistic_region,all,agegroup_anresis,all,MRSA,negative,573,NA,NA,NA,94.9,NA
drug_resistant_pathogen,2023,year,F-CH,linguistic_region,all,agegroup_anresis,all,MRSA,positive,31,NA,NA,NA,5.1,NA
drug_resistant_pathogen,2023,year,F-CH,linguistic_region,all,agegroup_anresis,all,VRE,negative,210,NA,NA,NA,97.2,NA
drug_resistant_pathogen,2023,year,F-CH,linguistic_region,all,agegroup_anresis,all,VRE,positive,6,NA,NA,NA,2.8,NA
drug_resistant_pathogen,2023,year,I-CH,linguistic_region,all,agegroup_anresis,all,CRE,negative,732,NA,NA,NA,99.6,NA
drug_resistant_pathogen,2023,year,I-CH,linguistic_region,all,agegroup_anresis,all,CRE,positive,3,NA,NA,NA,0.4,NA
drug_resistant_pathogen,2023,year,I-CH,linguistic_region,all,agegroup_anresis,all,ESCR-E.coli,negative,412,NA,NA,NA,88.8,NA
drug_resistant_pathogen,2023,year,I-CH,linguistic_region,all,agegroup_anresis,all,ESCR-E.coli,positive,52,NA,NA,NA,11.2,NA
drug_resistant_pathogen,2023,year,I-CH,linguistic_region,all,agegroup_anresis,all,ESCR-K.pneumoniae,negative,119,NA,NA,NA,93.7,NA
drug_resistant_pathogen,2023,year,I-CH,linguistic_region,all,agegroup_anresis,all,ESCR-K.pneumoniae,positive,8,NA,NA,NA,6.3,NA
drug_resistant_pathogen,2023,year,I-CH,linguistic_region,all,agegroup_anresis,all,FQR-E.coli,negative,355,NA,NA,NA,80.9,NA
drug_resistant_pathogen,2023,year,I-CH,linguistic_region,all,agegroup_anresis,all,FQR-E.coli,positive,84,NA,NA,NA,19.1,NA
drug_resistant_pathogen,2023,year,I-CH,linguistic_region,all,agegroup_anresis,all,MRSA,negative,38,NA,NA,NA,86.4,NA
drug_resistant_pathogen,2023,year,I-CH,linguistic_region,all,agegroup_anresis,all,MRSA,positive,6,NA,NA,NA,13.6,NA
drug_resistant_pathogen,2023,year,I-CH,linguistic_region,all,agegroup_anresis,all,VRE,negative,55,NA,NA,NA,96.5,NA
drug_resistant_pathogen,2023,year,I-CH,linguistic_region,all,agegroup_anresis,all,VRE,positive,2,NA,NA,NA,3.5,NA
drug_resistant_pathogen,2023,year,unknown,linguistic_region,all,agegroup_anresis,all,CRE,negative,661,NA,NA,NA,NA,NA
drug_resistant_pathogen,2023,year,unknown,linguistic_region,all,agegroup_anresis,all,CRE,positive,3,NA,NA,NA,NA,NA
drug_resistant_pathogen,2023,year,unknown,linguistic_region,all,agegroup_anresis,all,ESCR-E.coli,negative,482,NA,NA,NA,NA,NA
drug_resistant_pathogen,2023,year,unknown,linguistic_region,all,agegroup_anresis,all,ESCR-E.coli,positive,38,NA,NA,NA,NA,NA
drug_resistant_pathogen,2023,year,unknown,linguistic_region,all,agegroup_anresis,all,ESCR-K.pneumoniae,negative,80,NA,NA,NA,NA,NA
drug_resistant_pathogen,2023,year,unknown,linguistic_region,all,agegroup_anresis,all,ESCR-K.pneumoniae,positive,7,NA,NA,NA,NA,NA
drug_resistant_pathogen,2023,year,unknown,linguistic_region,all,agegroup_anresis,all,FQR-E.coli,negative,446,NA,NA,NA,NA,NA
drug_resistant_pathogen,2023,year,unknown,linguistic_region,all,agegroup_anresis,all,FQR-E.coli,positive,58,NA,NA,NA,NA,NA
drug_resistant_pathogen,2023,year,unknown,linguistic_region,all,agegroup_anresis,all,MRSA,negative,118,NA,NA,NA,NA,NA
drug_resistant_pathogen,2023,year,unknown,linguistic_region,all,agegroup_anresis,all,MRSA,positive,2,NA,NA,NA,NA,NA
drug_resistant_pathogen,2023,year,unknown,linguistic_region,all,agegroup_anresis,all,VRE,negative,69,NA,NA,NA,NA,NA
drug_resistant_pathogen,2023,year,unknown,linguistic_region,all,agegroup_anresis,all,VRE,positive,2,NA,NA,NA,NA,NA
drug_resistant_pathogen,2024,year,D-CH,linguistic_region,all,agegroup_anresis,all,CRE,negative,6843,NA,NA,NA,99.6,NA
drug_resistant_pathogen,2024,year,D-CH,linguistic_region,all,agegroup_anresis,all,CRE,positive,28,NA,NA,NA,0.4,NA
drug_resistant_pathogen,2024,year,D-CH,linguistic_region,all,agegroup_anresis,all,ESCR-E.coli,negative,3832,NA,NA,NA,87.8,NA
drug_resistant_pathogen,2024,year,D-CH,linguistic_region,all,agegroup_anresis,all,ESCR-E.coli,positive,530,NA,NA,NA,12.2,NA
drug_resistant_pathogen,2024,year,D-CH,linguistic_region,all,agegroup_anresis,all,ESCR-K.pneumoniae,negative,992,NA,NA,NA,89.1,NA
drug_resistant_pathogen,2024,year,D-CH,linguistic_region,all,agegroup_anresis,all,ESCR-K.pneumoniae,positive,121,NA,NA,NA,10.9,NA
drug_resistant_pathogen,2024,year,D-CH,linguistic_region,all,agegroup_anresis,all,FQR-E.coli,negative,3608,NA,NA,NA,84,NA
drug_resistant_pathogen,2024,year,D-CH,linguistic_region,all,agegroup_anresis,all,FQR-E.coli,positive,689,NA,NA,NA,16,NA
drug_resistant_pathogen,2024,year,D-CH,linguistic_region,all,agegroup_anresis,all,MRSA,negative,1778,NA,NA,NA,97.2,NA
drug_resistant_pathogen,2024,year,D-CH,linguistic_region,all,agegroup_anresis,all,MRSA,positive,52,NA,NA,NA,2.8,NA
drug_resistant_pathogen,2024,year,D-CH,linguistic_region,all,agegroup_anresis,all,VRE,negative,324,NA,NA,NA,97.3,NA
drug_resistant_pathogen,2024,year,D-CH,linguistic_region,all,agegroup_anresis,all,VRE,positive,9,NA,NA,NA,2.7,NA
drug_resistant_pathogen,2024,year,F-CH,linguistic_region,all,agegroup_anresis,all,CRE,negative,2112,NA,NA,NA,99.4,NA
drug_resistant_pathogen,2024,year,F-CH,linguistic_region,all,agegroup_anresis,all,CRE,positive,12,NA,NA,NA,0.6,NA
drug_resistant_pathogen,2024,year,F-CH,linguistic_region,all,agegroup_anresis,all,ESCR-E.coli,negative,1326,NA,NA,NA,84.6,NA
drug_resistant_pathogen,2024,year,F-CH,linguistic_region,all,agegroup_anresis,all,ESCR-E.coli,positive,241,NA,NA,NA,15.4,NA
drug_resistant_pathogen,2024,year,F-CH,linguistic_region,all,agegroup_anresis,all,ESCR-K.pneumoniae,negative,351,NA,NA,NA,87.5,NA
drug_resistant_pathogen,2024,year,F-CH,linguistic_region,all,agegroup_anresis,all,ESCR-K.pneumoniae,positive,50,NA,NA,NA,12.5,NA
drug_resistant_pathogen,2024,year,F-CH,linguistic_region,all,agegroup_anresis,all,FQR-E.coli,negative,1196,NA,NA,NA,77.3,NA
drug_resistant_pathogen,2024,year,F-CH,linguistic_region,all,agegroup_anresis,all,FQR-E.coli,positive,351,NA,NA,NA,22.7,NA
drug_resistant_pathogen,2024,year,F-CH,linguistic_region,all,agegroup_anresis,all,MRSA,negative,559,NA,NA,NA,94.7,NA
drug_resistant_pathogen,2024,year,F-CH,linguistic_region,all,agegroup_anresis,all,MRSA,positive,31,NA,NA,NA,5.3,NA
drug_resistant_pathogen,2024,year,F-CH,linguistic_region,all,agegroup_anresis,all,VRE,negative,203,NA,NA,NA,97.1,NA
drug_resistant_pathogen,2024,year,F-CH,linguistic_region,all,agegroup_anresis,all,VRE,positive,6,NA,NA,NA,2.9,NA
drug_resistant_pathogen,2024,year,I-CH,linguistic_region,all,agegroup_anresis,all,CRE,negative,689,NA,NA,NA,99.6,NA
drug_resistant_pathogen,2024,year,I-CH,linguistic_region,all,agegroup_anresis,all,CRE,positive,3,NA,NA,NA,0.4,NA
drug_resistant_pathogen,2024,year,I-CH,linguistic_region,all,agegroup_anresis,all,ESCR-E.coli,negative,403,NA,NA,NA,89.6,NA
drug_resistant_pathogen,2024,year,I-CH,linguistic_region,all,agegroup_anresis,all,ESCR-E.coli,positive,47,NA,NA,NA,10.4,NA
drug_resistant_pathogen,2024,year,I-CH,linguistic_region,all,agegroup_anresis,all,ESCR-K.pneumoniae,negative,96,NA,NA,NA,88.9,NA
drug_resistant_pathogen,2024,year,I-CH,linguistic_region,all,agegroup_anresis,all,ESCR-K.pneumoniae,positive,12,NA,NA,NA,11.1,NA
drug_resistant_pathogen,2024,year,I-CH,linguistic_region,all,agegroup_anresis,all,FQR-E.coli,negative,366,NA,NA,NA,86.1,NA
drug_resistant_pathogen,2024,year,I-CH,linguistic_region,all,agegroup_anresis,all,FQR-E.coli,positive,59,NA,NA,NA,13.9,NA
drug_resistant_pathogen,2024,year,I-CH,linguistic_region,all,agegroup_anresis,all,MRSA,negative,44,NA,NA,NA,68.8,NA
drug_resistant_pathogen,2024,year,I-CH,linguistic_region,all,agegroup_anresis,all,MRSA,positive,20,NA,NA,NA,31.2,NA
drug_resistant_pathogen,2024,year,I-CH,linguistic_region,all,agegroup_anresis,all,VRE,negative,31,NA,NA,NA,93.9,NA
drug_resistant_pathogen,2024,year,I-CH,linguistic_region,all,agegroup_anresis,all,VRE,positive,2,NA,NA,NA,6.1,NA
drug_resistant_pathogen,2024,year,unknown,linguistic_region,all,agegroup_anresis,all,CRE,negative,605,NA,NA,NA,NA,NA
drug_resistant_pathogen,2024,year,unknown,linguistic_region,all,agegroup_anresis,all,CRE,positive,5,NA,NA,NA,NA,NA
drug_resistant_pathogen,2024,year,unknown,linguistic_region,all,agegroup_anresis,all,ESCR-E.coli,negative,397,NA,NA,NA,NA,NA
drug_resistant_pathogen,2024,year,unknown,linguistic_region,all,agegroup_anresis,all,ESCR-E.coli,positive,38,NA,NA,NA,NA,NA
drug_resistant_pathogen,2024,year,unknown,linguistic_region,all,agegroup_anresis,all,ESCR-K.pneumoniae,negative,81,NA,NA,NA,NA,NA
drug_resistant_pathogen,2024,year,unknown,linguistic_region,all,agegroup_anresis,all,ESCR-K.pneumoniae,positive,4,NA,NA,NA,NA,NA
drug_resistant_pathogen,2024,year,unknown,linguistic_region,all,agegroup_anresis,all,FQR-E.coli,negative,365,NA,NA,NA,NA,NA
drug_resistant_pathogen,2024,year,unknown,linguistic_region,all,agegroup_anresis,all,FQR-E.coli,positive,60,NA,NA,NA,NA,NA
drug_resistant_pathogen,2024,year,unknown,linguistic_region,all,agegroup_anresis,all,MRSA,negative,103,NA,NA,NA,NA,NA
drug_resistant_pathogen,2024,year,unknown,linguistic_region,all,agegroup_anresis,all,MRSA,positive,3,NA,NA,NA,NA,NA
drug_resistant_pathogen,2024,year,unknown,linguistic_region,all,agegroup_anresis,all,VRE,negative,45,NA,NA,NA,NA,NA
drug_resistant_pathogen,2024,year,unknown,linguistic_region,all,agegroup_anresis,all,VRE,positive,0,NA,NA,NA,NA,NA
drug_resistant_pathogen,2025,year,D-CH,linguistic_region,all,agegroup_anresis,all,CRE,negative,6520,NA,NA,NA,99.5,NA
drug_resistant_pathogen,2025,year,D-CH,linguistic_region,all,agegroup_anresis,all,CRE,positive,36,NA,NA,NA,0.5,NA
drug_resistant_pathogen,2025,year,D-CH,linguistic_region,all,agegroup_anresis,all,ESCR-E.coli,negative,3743,NA,NA,NA,86.7,NA
drug_resistant_pathogen,2025,year,D-CH,linguistic_region,all,agegroup_anresis,all,ESCR-E.coli,positive,576,NA,NA,NA,13.3,NA
drug_resistant_pathogen,2025,year,D-CH,linguistic_region,all,agegroup_anresis,all,ESCR-K.pneumoniae,negative,1054,NA,NA,NA,86.5,NA
drug_resistant_pathogen,2025,year,D-CH,linguistic_region,all,agegroup_anresis,all,ESCR-K.pneumoniae,positive,165,NA,NA,NA,13.5,NA
drug_resistant_pathogen,2025,year,D-CH,linguistic_region,all,agegroup_anresis,all,FQR-E.coli,negative,3459,NA,NA,NA,84.5,NA
drug_resistant_pathogen,2025,year,D-CH,linguistic_region,all,agegroup_anresis,all,FQR-E.coli,positive,634,NA,NA,NA,15.5,NA
drug_resistant_pathogen,2025,year,D-CH,linguistic_region,all,agegroup_anresis,all,MRSA,negative,1697,NA,NA,NA,95.7,NA
drug_resistant_pathogen,2025,year,D-CH,linguistic_region,all,agegroup_anresis,all,MRSA,positive,76,NA,NA,NA,4.3,NA
drug_resistant_pathogen,2025,year,D-CH,linguistic_region,all,agegroup_anresis,all,VRE,negative,369,NA,NA,NA,97.9,NA
drug_resistant_pathogen,2025,year,D-CH,linguistic_region,all,agegroup_anresis,all,VRE,positive,8,NA,NA,NA,2.1,NA
drug_resistant_pathogen,2025,year,F-CH,linguistic_region,all,agegroup_anresis,all,CRE,negative,2017,NA,NA,NA,99.5,NA
drug_resistant_pathogen,2025,year,F-CH,linguistic_region,all,agegroup_anresis,all,CRE,positive,11,NA,NA,NA,0.5,NA
drug_resistant_pathogen,2025,year,F-CH,linguistic_region,all,agegroup_anresis,all,ESCR-E.coli,negative,1283,NA,NA,NA,84.5,NA
drug_resistant_pathogen,2025,year,F-CH,linguistic_region,all,agegroup_anresis,all,ESCR-E.coli,positive,236,NA,NA,NA,15.5,NA
drug_resistant_pathogen,2025,year,F-CH,linguistic_region,all,agegroup_anresis,all,ESCR-K.pneumoniae,negative,353,NA,NA,NA,86.7,NA
drug_resistant_pathogen,2025,year,F-CH,linguistic_region,all,agegroup_anresis,all,ESCR-K.pneumoniae,positive,54,NA,NA,NA,13.3,NA
drug_resistant_pathogen,2025,year,F-CH,linguistic_region,all,agegroup_anresis,all,FQR-E.coli,negative,1192,NA,NA,NA,79.4,NA
drug_resistant_pathogen,2025,year,F-CH,linguistic_region,all,agegroup_anresis,all,FQR-E.coli,positive,309,NA,NA,NA,20.6,NA
drug_resistant_pathogen,2025,year,F-CH,linguistic_region,all,agegroup_anresis,all,MRSA,negative,530,NA,NA,NA,93.6,NA
drug_resistant_pathogen,2025,year,F-CH,linguistic_region,all,agegroup_anresis,all,MRSA,positive,36,NA,NA,NA,6.4,NA
drug_resistant_pathogen,2025,year,F-CH,linguistic_region,all,agegroup_anresis,all,VRE,negative,189,NA,NA,NA,99,NA
drug_resistant_pathogen,2025,year,F-CH,linguistic_region,all,agegroup_anresis,all,VRE,positive,2,NA,NA,NA,1,NA
drug_resistant_pathogen,2025,year,I-CH,linguistic_region,all,agegroup_anresis,all,CRE,negative,132,NA,NA,NA,100,NA
drug_resistant_pathogen,2025,year,I-CH,linguistic_region,all,agegroup_anresis,all,CRE,positive,0,NA,NA,NA,0,NA
drug_resistant_pathogen,2025,year,I-CH,linguistic_region,all,agegroup_anresis,all,ESCR-E.coli,negative,80,NA,NA,NA,79.2,NA
drug_resistant_pathogen,2025,year,I-CH,linguistic_region,all,agegroup_anresis,all,ESCR-E.coli,positive,21,NA,NA,NA,20.8,NA
drug_resistant_pathogen,2025,year,I-CH,linguistic_region,all,agegroup_anresis,all,ESCR-K.pneumoniae,negative,16,NA,NA,NA,76.2,NA
drug_resistant_pathogen,2025,year,I-CH,linguistic_region,all,agegroup_anresis,all,ESCR-K.pneumoniae,positive,5,NA,NA,NA,23.8,NA
drug_resistant_pathogen,2025,year,I-CH,linguistic_region,all,agegroup_anresis,all,FQR-E.coli,negative,66,NA,NA,NA,72.5,NA
drug_resistant_pathogen,2025,year,I-CH,linguistic_region,all,agegroup_anresis,all,FQR-E.coli,positive,25,NA,NA,NA,27.5,NA
drug_resistant_pathogen,2025,year,I-CH,linguistic_region,all,agegroup_anresis,all,MRSA,negative,22,NA,NA,NA,84.6,NA
drug_resistant_pathogen,2025,year,I-CH,linguistic_region,all,agegroup_anresis,all,MRSA,positive,4,NA,NA,NA,15.4,NA
drug_resistant_pathogen,2025,year,I-CH,linguistic_region,all,agegroup_anresis,all,VRE,negative,3,NA,NA,NA,100,NA
drug_resistant_pathogen,2025,year,I-CH,linguistic_region,all,agegroup_anresis,all,VRE,positive,0,NA,NA,NA,0,NA
drug_resistant_pathogen,2025,year,unknown,linguistic_region,all,agegroup_anresis,all,CRE,negative,689,NA,NA,NA,NA,NA
drug_resistant_pathogen,2025,year,unknown,linguistic_region,all,agegroup_anresis,all,CRE,positive,3,NA,NA,NA,NA,NA
drug_resistant_pathogen,2025,year,unknown,linguistic_region,all,agegroup_anresis,all,ESCR-E.coli,negative,453,NA,NA,NA,NA,NA
drug_resistant_pathogen,2025,year,unknown,linguistic_region,all,agegroup_anresis,all,ESCR-E.coli,positive,33,NA,NA,NA,NA,NA
drug_resistant_pathogen,2025,year,unknown,linguistic_region,all,agegroup_anresis,all,ESCR-K.pneumoniae,negative,86,NA,NA,NA,NA,NA
drug_resistant_pathogen,2025,year,unknown,linguistic_region,all,agegroup_anresis,all,ESCR-K.pneumoniae,positive,9,NA,NA,NA,NA,NA
drug_resistant_pathogen,2025,year,unknown,linguistic_region,all,agegroup_anresis,all,FQR-E.coli,negative,398,NA,NA,NA,NA,NA
drug_resistant_pathogen,2025,year,unknown,linguistic_region,all,agegroup_anresis,all,FQR-E.coli,positive,66,NA,NA,NA,NA,NA
drug_resistant_pathogen,2025,year,unknown,linguistic_region,all,agegroup_anresis,all,MRSA,negative,111,NA,NA,NA,NA,NA
drug_resistant_pathogen,2025,year,unknown,linguistic_region,all,agegroup_anresis,all,MRSA,positive,7,NA,NA,NA,NA,NA
drug_resistant_pathogen,2025,year,unknown,linguistic_region,all,agegroup_anresis,all,VRE,negative,104,NA,NA,NA,NA,NA
drug_resistant_pathogen,2025,year,unknown,linguistic_region,all,agegroup_anresis,all,VRE,positive,1,NA,NA,NA,NA,NA
