valueCategory,temporal,temporal_type,georegion,georegion_type,agegroup,agegroup_type,sex,value,popExtrapolation,totalConsultationsExtrapolation,incValue,prctConsultations,trend,prct,deltaValue,deltaIncValue,incValuePrctChange,valueMean5y,dataComplete
consultations,2020-W10,week,CH,country,all,agegroup_ili_ari,all,NA,174546.4,12328,NA,NA,NA,NA,NA,NA,NA,NA,TRUE
consultations,2020-W10,week,region_1,sentinella_region,all,agegroup_ili_ari,all,NA,35892.1,2641,NA,NA,NA,NA,NA,NA,NA,NA,TRUE
consultations,2020-W10,week,region_2,sentinella_region,all,agegroup_ili_ari,all,NA,30816,2127,NA,NA,NA,NA,NA,NA,NA,NA,TRUE
consultations,2020-W10,week,region_3,sentinella_region,all,agegroup_ili_ari,all,NA,18751.2,1277,NA,NA,NA,NA,NA,NA,NA,NA,TRUE
consultations,2020-W10,week,region_4,sentinella_region,all,agegroup_ili_ari,all,NA,22754,1425,NA,NA,NA,NA,NA,NA,NA,NA,TRUE
consultations,2020-W10,week,region_5,sentinella_region,all,agegroup_ili_ari,all,NA,52642.9,3605,NA,NA,NA,NA,NA,NA,NA,NA,TRUE
consultations,2020-W10,week,region_6,sentinella_region,all,agegroup_ili_ari,all,NA,13690.3,1253,NA,NA,NA,NA,NA,NA,NA,NA,TRUE
consultations,2020-W11,week,CH,country,all,agegroup_ili_ari,all,NA,183424.3,13124,NA,NA,NA,NA,NA,NA,NA,NA,TRUE
consultations,2020-W11,week,region_1,sentinella_region,all,agegroup_ili_ari,all,NA,29207.3,2195,NA,NA,NA,NA,NA,NA,NA,NA,TRUE
consultations,2020-W11,week,region_2,sentinella_region,all,agegroup_ili_ari,all,NA,34581.5,2419,NA,NA,NA,NA,NA,NA,NA,NA,TRUE
consultations,2020-W11,week,region_3,sentinella_region,all,agegroup_ili_ari,all,NA,27838,1933,NA,NA,NA,NA,NA,NA,NA,NA,TRUE
consultations,2020-W11,week,region_4,sentinella_region,all,agegroup_ili_ari,all,NA,23352.5,1487,NA,NA,NA,NA,NA,NA,NA,NA,TRUE
consultations,2020-W11,week,region_5,sentinella_region,all,agegroup_ili_ari,all,NA,55288.5,3862,NA,NA,NA,NA,NA,NA,NA,NA,TRUE
consultations,2020-W11,week,region_6,sentinella_region,all,agegroup_ili_ari,all,NA,13156.5,1228,NA,NA,NA,NA,NA,NA,NA,NA,TRUE
consultations,2020-W12,week,CH,country,all,agegroup_ili_ari,all,NA,145948.4,10322,NA,NA,NA,NA,NA,NA,NA,NA,TRUE
consultations,2020-W12,week,region_1,sentinella_region,all,agegroup_ili_ari,all,NA,22507,1677,NA,NA,NA,NA,NA,NA,NA,NA,TRUE
consultations,2020-W12,week,region_2,sentinella_region,all,agegroup_ili_ari,all,NA,25271.4,1750,NA,NA,NA,NA,NA,NA,NA,NA,TRUE
consultations,2020-W12,week,region_3,sentinella_region,all,agegroup_ili_ari,all,NA,21772.3,1502,NA,NA,NA,NA,NA,NA,NA,NA,TRUE
consultations,2020-W12,week,region_4,sentinella_region,all,agegroup_ili_ari,all,NA,19871.9,1258,NA,NA,NA,NA,NA,NA,NA,NA,TRUE
consultations,2020-W12,week,region_5,sentinella_region,all,agegroup_ili_ari,all,NA,47640,3307,NA,NA,NA,NA,NA,NA,NA,NA,TRUE
consultations,2020-W12,week,region_6,sentinella_region,all,agegroup_ili_ari,all,NA,8885.8,828,NA,NA,NA,NA,NA,NA,NA,NA,TRUE
consultations,2020-W13,week,CH,country,all,agegroup_ili_ari,all,26656,122299.6,8313,307.44,4.52,NA,100,NA,NA,NA,NA,TRUE
consultations,2020-W13,week,region_1,sentinella_region,all,agegroup_ili_ari,all,7270.2,18277.1,1300,393.94,5.54,NA,28.3,NA,NA,NA,NA,TRUE
consultations,2020-W13,week,region_2,sentinella_region,all,agegroup_ili_ari,all,1713.4,20204,1346,118.79,1.78,NA,6.7,NA,NA,NA,NA,TRUE
consultations,2020-W13,week,region_3,sentinella_region,all,agegroup_ili_ari,all,859.6,18671,1236,58.91,0.89,NA,3.3,NA,NA,NA,NA,TRUE
consultations,2020-W13,week,region_4,sentinella_region,all,agegroup_ili_ari,all,4052.1,16710.3,1012,490.72,8.1,NA,15.8,NA,NA,NA,NA,TRUE
consultations,2020-W13,week,region_5,sentinella_region,all,agegroup_ili_ari,all,7606.6,39166.6,2596,298.72,4.51,NA,29.6,NA,NA,NA,NA,TRUE
consultations,2020-W13,week,region_6,sentinella_region,all,agegroup_ili_ari,all,4161.1,9270.6,823,755.08,8.51,NA,16.2,NA,NA,NA,NA,TRUE
consultations,2020-W14,week,CH,country,all,agegroup_ili_ari,all,23043.9,122658.6,7717,265.78,4.22,falling,100,NA,NA,NA,NA,TRUE
consultations,2020-W14,week,region_1,sentinella_region,all,agegroup_ili_ari,all,6161.6,19768,1299,333.87,5.08,falling,27.4,NA,NA,NA,NA,TRUE
consultations,2020-W14,week,region_2,sentinella_region,all,agegroup_ili_ari,all,1389.8,20755.4,1249,96.36,1.6,falling,6.2,NA,NA,NA,NA,TRUE
consultations,2020-W14,week,region_3,sentinella_region,all,agegroup_ili_ari,all,372.1,19611,1193,25.5,0.42,falling,1.7,NA,NA,NA,NA,TRUE
consultations,2020-W14,week,region_4,sentinella_region,all,agegroup_ili_ari,all,4324.7,15084,842,523.73,9.38,rising,19.2,NA,NA,NA,NA,TRUE
consultations,2020-W14,week,region_5,sentinella_region,all,agegroup_ili_ari,all,7136,39251.5,2452,280.24,4.49,falling,31.7,NA,NA,NA,NA,TRUE
consultations,2020-W14,week,region_6,sentinella_region,all,agegroup_ili_ari,all,3095.7,8188.7,682,561.75,6.74,falling,13.8,NA,NA,NA,NA,TRUE
consultations,2020-W15,week,CH,country,all,agegroup_ili_ari,all,10061.9,132695.9,6823,116.05,2.26,falling,100,NA,NA,NA,NA,TRUE
consultations,2020-W15,week,region_1,sentinella_region,all,agegroup_ili_ari,all,1885.4,22514.1,1208,102.16,1.9,falling,19.9,NA,NA,NA,NA,TRUE
consultations,2020-W15,week,region_2,sentinella_region,all,agegroup_ili_ari,all,545.1,21167,1025,37.79,0.78,falling,5.8,NA,NA,NA,NA,TRUE
consultations,2020-W15,week,region_3,sentinella_region,all,agegroup_ili_ari,all,71.8,20341,1022,4.92,0.1,falling,0.8,NA,NA,NA,NA,TRUE
consultations,2020-W15,week,region_4,sentinella_region,all,agegroup_ili_ari,all,1465,17472.7,791,177.42,3.92,falling,15.5,NA,NA,NA,NA,TRUE
consultations,2020-W15,week,region_5,sentinella_region,all,agegroup_ili_ari,all,4402.5,41644,2127,172.89,3.39,falling,46.5,NA,NA,NA,NA,TRUE
consultations,2020-W15,week,region_6,sentinella_region,all,agegroup_ili_ari,all,1095.6,9557.2,650,198.8,2.92,falling,11.6,NA,NA,NA,NA,TRUE
consultations,2020-W16,week,CH,country,all,agegroup_ili_ari,all,6088.3,129597.4,6302,70.22,1.44,falling,100,NA,NA,NA,NA,TRUE
consultations,2020-W16,week,region_1,sentinella_region,all,agegroup_ili_ari,all,1983.9,21394.9,1085,107.5,2.12,falling,32.7,NA,NA,NA,NA,TRUE
consultations,2020-W16,week,region_2,sentinella_region,all,agegroup_ili_ari,all,444.5,19470.1,881,30.82,0.68,falling,7.3,NA,NA,NA,NA,TRUE
consultations,2020-W16,week,region_3,sentinella_region,all,agegroup_ili_ari,all,215.2,20332.3,984,14.75,0.3,falling,3.5,NA,NA,NA,NA,TRUE
consultations,2020-W16,week,region_4,sentinella_region,all,agegroup_ili_ari,all,629.1,19691,852,76.18,1.76,falling,10.4,NA,NA,NA,NA,TRUE
consultations,2020-W16,week,region_5,sentinella_region,all,agegroup_ili_ari,all,2168.5,39926.5,1934,85.16,1.76,falling,35.7,NA,NA,NA,NA,TRUE
consultations,2020-W16,week,region_6,sentinella_region,all,agegroup_ili_ari,all,627.5,8782.5,566,113.86,1.77,falling,10.3,NA,NA,NA,NA,TRUE
consultations,2020-W17,week,CH,country,all,agegroup_ili_ari,all,7897.8,144916.5,8666,91.09,1.52,falling,100,NA,NA,NA,NA,TRUE
consultations,2020-W17,week,region_1,sentinella_region,all,agegroup_ili_ari,all,1828.2,23217.5,1457,99.06,1.58,falling,23.7,NA,NA,NA,NA,TRUE
consultations,2020-W17,week,region_2,sentinella_region,all,agegroup_ili_ari,all,690.6,29239.4,1718,47.88,0.81,falling,9,NA,NA,NA,NA,TRUE
consultations,2020-W17,week,region_3,sentinella_region,all,agegroup_ili_ari,all,130.5,22364.7,1308,8.94,0.15,falling,1.7,NA,NA,NA,NA,TRUE
consultations,2020-W17,week,region_4,sentinella_region,all,agegroup_ili_ari,all,1614.2,18415.8,985,195.48,3.65,falling,20.9,NA,NA,NA,NA,TRUE
consultations,2020-W17,week,region_5,sentinella_region,all,agegroup_ili_ari,all,2426.5,43027.3,2520,95.29,1.63,falling,31.5,NA,NA,NA,NA,TRUE
consultations,2020-W17,week,region_6,sentinella_region,all,agegroup_ili_ari,all,1019.1,8651.8,678,184.93,2.36,falling,13.2,NA,NA,NA,NA,TRUE
consultations,2020-W18,week,CH,country,all,agegroup_ili_ari,all,5583.7,142860.8,8736,64.4,1.05,falling,100,NA,NA,NA,NA,TRUE
consultations,2020-W18,week,region_1,sentinella_region,all,agegroup_ili_ari,all,890.6,26937.7,1721,48.26,0.76,falling,16.2,NA,NA,NA,NA,TRUE
consultations,2020-W18,week,region_2,sentinella_region,all,agegroup_ili_ari,all,702.4,26693.5,1603,48.7,0.81,falling,12.8,NA,NA,NA,NA,TRUE
consultations,2020-W18,week,region_3,sentinella_region,all,agegroup_ili_ari,all,73.5,19849.6,1187,5.04,0.08,falling,1.3,NA,NA,NA,NA,TRUE
consultations,2020-W18,week,region_4,sentinella_region,all,agegroup_ili_ari,all,500.7,19789.4,1082,60.64,1.11,falling,9.1,NA,NA,NA,NA,TRUE
consultations,2020-W18,week,region_5,sentinella_region,all,agegroup_ili_ari,all,2411.7,41180.3,2470,94.71,1.58,falling,43.9,NA,NA,NA,NA,TRUE
consultations,2020-W18,week,region_6,sentinella_region,all,agegroup_ili_ari,all,917.3,8410.3,673,166.46,2.08,falling,16.7,NA,NA,NA,NA,TRUE
consultations,2020-W19,week,CH,country,all,agegroup_ili_ari,all,4943.8,164846,10429,57.02,0.9,falling,100,NA,NA,NA,NA,TRUE
consultations,2020-W19,week,region_1,sentinella_region,all,agegroup_ili_ari,all,831.6,31069,2043,45.06,0.69,falling,17.2,NA,NA,NA,NA,TRUE
consultations,2020-W19,week,region_2,sentinella_region,all,agegroup_ili_ari,all,819.2,29928.2,1843,56.8,0.92,rising,16.9,NA,NA,NA,NA,TRUE
consultations,2020-W19,week,region_3,sentinella_region,all,agegroup_ili_ari,all,422,24208.3,1491,28.92,0.47,rising,8.7,NA,NA,NA,NA,TRUE
consultations,2020-W19,week,region_4,sentinella_region,all,agegroup_ili_ari,all,405.9,20344.1,1144,49.15,0.87,falling,8.4,NA,NA,NA,NA,TRUE
consultations,2020-W19,week,region_5,sentinella_region,all,agegroup_ili_ari,all,1653.9,47730.4,2956,64.95,1.05,falling,34.1,NA,NA,NA,NA,TRUE
consultations,2020-W19,week,region_6,sentinella_region,all,agegroup_ili_ari,all,714.7,11566.2,952,129.69,1.58,falling,14.7,NA,NA,NA,NA,TRUE
consultations,2020-W20,week,CH,country,all,agegroup_ili_ari,all,6129,174009.9,10837,70.69,1.14,falling,100,NA,NA,NA,NA,TRUE
consultations,2020-W20,week,region_1,sentinella_region,all,agegroup_ili_ari,all,837.9,33038.6,2143,45.4,0.7,falling,13.9,NA,NA,NA,NA,TRUE
consultations,2020-W20,week,region_2,sentinella_region,all,agegroup_ili_ari,all,1021.5,31066.4,1901,70.82,1.16,rising,17,NA,NA,NA,NA,TRUE
consultations,2020-W20,week,region_3,sentinella_region,all,agegroup_ili_ari,all,494.4,26560.8,1608,33.88,0.56,rising,8.2,NA,NA,NA,NA,TRUE
consultations,2020-W20,week,region_4,sentinella_region,all,agegroup_ili_ari,all,616.5,21430.3,1188,74.66,1.35,falling,10.2,NA,NA,NA,NA,TRUE
consultations,2020-W20,week,region_5,sentinella_region,all,agegroup_ili_ari,all,2355.9,50799.5,3095,92.52,1.52,falling,39.1,NA,NA,NA,NA,TRUE
consultations,2020-W20,week,region_6,sentinella_region,all,agegroup_ili_ari,all,694.1,11114.4,902,125.96,1.55,stagnant,11.5,NA,NA,NA,NA,TRUE
consultations,2020-W21,week,CH,country,all,agegroup_ili_ari,all,5617.5,148172.1,8288,64.79,1.16,falling,100,NA,NA,NA,NA,TRUE
consultations,2020-W21,week,region_1,sentinella_region,all,agegroup_ili_ari,all,426.3,25975.4,1515,23.1,0.4,falling,7.8,NA,NA,NA,NA,TRUE
consultations,2020-W21,week,region_2,sentinella_region,all,agegroup_ili_ari,all,1427.2,27285.3,1507,98.95,1.79,rising,26.1,NA,NA,NA,NA,TRUE
consultations,2020-W21,week,region_3,sentinella_region,all,agegroup_ili_ari,all,895.2,21188.8,1154,61.35,1.13,rising,16.3,NA,NA,NA,NA,TRUE
consultations,2020-W21,week,region_4,sentinella_region,all,agegroup_ili_ari,all,338.7,19503.6,973,41.02,0.82,falling,6.2,NA,NA,NA,NA,TRUE
consultations,2020-W21,week,region_5,sentinella_region,all,agegroup_ili_ari,all,1725.2,44279.8,2414,67.75,1.24,falling,31.5,NA,NA,NA,NA,TRUE
consultations,2020-W21,week,region_6,sentinella_region,all,agegroup_ili_ari,all,665.3,9939.2,725,120.73,1.66,falling,12.1,NA,NA,NA,NA,TRUE
consultations,2020-W22,week,CH,country,all,agegroup_ili_ari,all,6190.6,191865.7,11871,71.4,1.15,rising,100,NA,NA,NA,NA,TRUE
consultations,2020-W22,week,region_1,sentinella_region,all,agegroup_ili_ari,all,829.6,33370.4,2155,44.95,0.7,falling,13.6,NA,NA,NA,NA,TRUE
consultations,2020-W22,week,region_2,sentinella_region,all,agegroup_ili_ari,all,1984.9,34877.4,2113,137.62,2.27,rising,32.5,NA,NA,NA,NA,TRUE
consultations,2020-W22,week,region_3,sentinella_region,all,agegroup_ili_ari,all,785.1,29740.5,1786,53.8,0.9,rising,12.9,NA,NA,NA,NA,TRUE
consultations,2020-W22,week,region_4,sentinella_region,all,agegroup_ili_ari,all,268,24654.4,1359,32.45,0.59,falling,4.4,NA,NA,NA,NA,TRUE
consultations,2020-W22,week,region_5,sentinella_region,all,agegroup_ili_ari,all,1858.4,56181.1,3404,72.98,1.2,falling,30.4,NA,NA,NA,NA,TRUE
consultations,2020-W22,week,region_6,sentinella_region,all,agegroup_ili_ari,all,380.3,13041.9,1054,69.01,0.85,falling,6.2,NA,NA,NA,NA,TRUE
consultations,2020-W23,week,CH,country,all,agegroup_ili_ari,all,7531,166943.6,10050,86.86,1.44,rising,100,NA,NA,NA,NA,TRUE
consultations,2020-W23,week,region_1,sentinella_region,all,agegroup_ili_ari,all,465.3,27770,1753,25.21,0.4,falling,6.4,NA,NA,NA,NA,TRUE
consultations,2020-W23,week,region_2,sentinella_region,all,agegroup_ili_ari,all,2346.2,30737.9,1807,162.67,2.77,rising,32.2,NA,NA,NA,NA,TRUE
consultations,2020-W23,week,region_3,sentinella_region,all,agegroup_ili_ari,all,1426.8,24544.6,1431,97.78,1.68,rising,19.6,NA,NA,NA,NA,TRUE
consultations,2020-W23,week,region_4,sentinella_region,all,agegroup_ili_ari,all,497.5,23238.1,1250,60.25,1.12,falling,6.8,NA,NA,NA,NA,TRUE
consultations,2020-W23,week,region_5,sentinella_region,all,agegroup_ili_ari,all,2102.8,49649.5,2940,82.58,1.39,rising,28.8,NA,NA,NA,NA,TRUE
consultations,2020-W23,week,region_6,sentinella_region,all,agegroup_ili_ari,all,450.7,11003.4,869,81.79,1.04,falling,6.2,NA,NA,NA,NA,TRUE
consultations,2020-W24,week,CH,country,all,agegroup_ili_ari,all,10959.3,190668.6,12125,126.4,1.99,rising,100,NA,NA,NA,NA,TRUE
consultations,2020-W24,week,region_1,sentinella_region,all,agegroup_ili_ari,all,2565.1,35254.9,2347,138.99,2.09,rising,23,NA,NA,NA,NA,TRUE
consultations,2020-W24,week,region_2,sentinella_region,all,agegroup_ili_ari,all,3257.2,33211.2,2065,225.83,3.63,rising,29.2,NA,NA,NA,NA,TRUE
consultations,2020-W24,week,region_3,sentinella_region,all,agegroup_ili_ari,all,1992.6,28560.8,1760,136.55,2.22,rising,17.8,NA,NA,NA,NA,TRUE
consultations,2020-W24,week,region_4,sentinella_region,all,agegroup_ili_ari,all,367.8,24699.6,1404,44.54,0.78,falling,3.3,NA,NA,NA,NA,TRUE
consultations,2020-W24,week,region_5,sentinella_region,all,agegroup_ili_ari,all,2627.9,58137.9,3648,103.2,1.64,rising,23.5,NA,NA,NA,NA,TRUE
consultations,2020-W24,week,region_6,sentinella_region,all,agegroup_ili_ari,all,357,10804.3,901,64.79,0.78,falling,3.2,NA,NA,NA,NA,TRUE
consultations,2020-W25,week,CH,country,all,agegroup_ili_ari,all,14513.2,192961.3,12576,167.39,2.57,rising,100,NA,NA,NA,NA,TRUE
consultations,2020-W25,week,region_1,sentinella_region,all,agegroup_ili_ari,all,2789.3,37712.6,2575,151.14,2.21,rising,18.8,NA,NA,NA,NA,TRUE
consultations,2020-W25,week,region_2,sentinella_region,all,agegroup_ili_ari,all,3228.8,33056.7,2113,223.86,3.5,rising,21.8,NA,NA,NA,NA,TRUE
consultations,2020-W25,week,region_3,sentinella_region,all,agegroup_ili_ari,all,2276,28851.9,1816,155.97,2.48,rising,15.4,NA,NA,NA,NA,TRUE
consultations,2020-W25,week,region_4,sentinella_region,all,agegroup_ili_ari,all,649.8,26686.4,1549,78.69,1.36,rising,4.4,NA,NA,NA,NA,TRUE
consultations,2020-W25,week,region_5,sentinella_region,all,agegroup_ili_ari,all,4888.3,54695.5,3505,191.97,3,rising,33,NA,NA,NA,NA,TRUE
consultations,2020-W25,week,region_6,sentinella_region,all,agegroup_ili_ari,all,967.8,11958.2,1018,175.61,2.06,rising,6.5,NA,NA,NA,NA,TRUE
consultations,2020-W26,week,CH,country,all,agegroup_ili_ari,all,14142.1,191900.5,12568,163.11,2.49,rising,100,NA,NA,NA,NA,TRUE
consultations,2020-W26,week,region_1,sentinella_region,all,agegroup_ili_ari,all,3367.3,33431.1,2287,182.46,2.67,rising,23.6,NA,NA,NA,NA,TRUE
consultations,2020-W26,week,region_2,sentinella_region,all,agegroup_ili_ari,all,2137.5,33738,2163,148.2,2.31,rising,15,NA,NA,NA,NA,TRUE
consultations,2020-W26,week,region_3,sentinella_region,all,agegroup_ili_ari,all,1154.3,25285.7,1600,79.1,1.25,rising,8.1,NA,NA,NA,NA,TRUE
consultations,2020-W26,week,region_4,sentinella_region,all,agegroup_ili_ari,all,588.4,28065.1,1637,71.26,1.22,rising,4.1,NA,NA,NA,NA,TRUE
consultations,2020-W26,week,region_5,sentinella_region,all,agegroup_ili_ari,all,5839.9,57120.4,3663,229.34,3.58,rising,40.9,NA,NA,NA,NA,TRUE
consultations,2020-W26,week,region_6,sentinella_region,all,agegroup_ili_ari,all,1198,14260.2,1218,217.39,2.55,rising,8.4,NA,NA,NA,NA,TRUE
consultations,2020-W27,week,CH,country,all,agegroup_ili_ari,all,17344.1,184963.7,11826,200.04,3.13,rising,100,NA,NA,NA,NA,TRUE
consultations,2020-W27,week,region_1,sentinella_region,all,agegroup_ili_ari,all,1990.2,33382.6,2237,107.84,1.61,rising,11.6,NA,NA,NA,NA,TRUE
consultations,2020-W27,week,region_2,sentinella_region,all,agegroup_ili_ari,all,2550.1,33370.3,2058,176.8,2.87,falling,14.8,NA,NA,NA,NA,TRUE
consultations,2020-W27,week,region_3,sentinella_region,all,agegroup_ili_ari,all,1831.2,23109.8,1440,125.49,2.01,stagnant,10.6,NA,NA,NA,NA,TRUE
consultations,2020-W27,week,region_4,sentinella_region,all,agegroup_ili_ari,all,547.4,28661.8,1650,66.29,1.15,rising,3.2,NA,NA,NA,NA,TRUE
consultations,2020-W27,week,region_5,sentinella_region,all,agegroup_ili_ari,all,9371.2,57605.2,3688,368.02,5.75,rising,54.4,NA,NA,NA,NA,TRUE
consultations,2020-W27,week,region_6,sentinella_region,all,agegroup_ili_ari,all,935.7,8834,753,169.8,1.99,rising,5.4,NA,NA,NA,NA,TRUE
consultations,2020-W28,week,CH,country,all,agegroup_ili_ari,all,12278.9,185702.5,10582,141.62,2.49,rising,100,NA,NA,NA,NA,TRUE
consultations,2020-W28,week,region_1,sentinella_region,all,agegroup_ili_ari,all,1248.3,34003.3,2026,67.64,1.14,falling,10.1,NA,NA,NA,NA,TRUE
consultations,2020-W28,week,region_2,sentinella_region,all,agegroup_ili_ari,all,1857.9,32606.3,1811,128.81,2.32,falling,15.1,NA,NA,NA,NA,TRUE
consultations,2020-W28,week,region_3,sentinella_region,all,agegroup_ili_ari,all,1973.9,24395.3,1348,135.27,2.45,falling,16,NA,NA,NA,NA,TRUE
consultations,2020-W28,week,region_4,sentinella_region,all,agegroup_ili_ari,all,542.3,27403.9,1401,65.68,1.28,rising,4.4,NA,NA,NA,NA,TRUE
consultations,2020-W28,week,region_5,sentinella_region,all,agegroup_ili_ari,all,6039.3,56920.4,3222,237.17,4.19,rising,49.1,NA,NA,NA,NA,TRUE
consultations,2020-W28,week,region_6,sentinella_region,all,agegroup_ili_ari,all,637.5,10373.3,774,115.68,1.55,rising,5.2,NA,NA,NA,NA,TRUE
consultations,2020-W29,week,CH,country,all,agegroup_ili_ari,all,8487.4,177743.2,9178,97.89,1.9,falling,100,NA,NA,NA,NA,TRUE
consultations,2020-W29,week,region_1,sentinella_region,all,agegroup_ili_ari,all,696.5,34442.1,1856,37.74,0.7,falling,8.2,NA,NA,NA,NA,TRUE
consultations,2020-W29,week,region_2,sentinella_region,all,agegroup_ili_ari,all,823.4,29775.7,1487,57.09,1.14,falling,9.7,NA,NA,NA,NA,TRUE
consultations,2020-W29,week,region_3,sentinella_region,all,agegroup_ili_ari,all,1414,19608.5,978,96.9,1.94,falling,16.6,NA,NA,NA,NA,TRUE
consultations,2020-W29,week,region_4,sentinella_region,all,agegroup_ili_ari,all,395.8,27120.7,1240,47.93,1.05,falling,4.6,NA,NA,NA,NA,TRUE
consultations,2020-W29,week,region_5,sentinella_region,all,agegroup_ili_ari,all,3982.8,54984.1,2827,156.41,3.04,falling,46.7,NA,NA,NA,NA,TRUE
consultations,2020-W29,week,region_6,sentinella_region,all,agegroup_ili_ari,all,1213,11812.1,790,220.11,3.29,stagnant,14.2,NA,NA,NA,NA,TRUE
consultations,2020-W30,week,CH,country,all,agegroup_ili_ari,all,5574.1,169544.5,8019,64.29,1.36,falling,100,NA,NA,NA,NA,TRUE
consultations,2020-W30,week,region_1,sentinella_region,all,agegroup_ili_ari,all,217.4,25471.8,1240,11.78,0.24,falling,4,NA,NA,NA,NA,TRUE
consultations,2020-W30,week,region_2,sentinella_region,all,agegroup_ili_ari,all,743.7,31028.9,1363,51.56,1.17,falling,13.8,NA,NA,NA,NA,TRUE
consultations,2020-W30,week,region_3,sentinella_region,all,agegroup_ili_ari,all,469.3,24872.1,1125,32.16,0.71,falling,8.7,NA,NA,NA,NA,TRUE
consultations,2020-W30,week,region_4,sentinella_region,all,agegroup_ili_ari,all,37.2,22195.7,937,4.51,0.11,falling,0.7,NA,NA,NA,NA,TRUE
consultations,2020-W30,week,region_5,sentinella_region,all,agegroup_ili_ari,all,3412.9,48496.2,2279,134.03,2.85,falling,63.4,NA,NA,NA,NA,TRUE
consultations,2020-W30,week,region_6,sentinella_region,all,agegroup_ili_ari,all,504.4,17479.8,1075,91.53,1.49,falling,9.4,NA,NA,NA,NA,TRUE
consultations,2020-W31,week,CH,country,all,agegroup_ili_ari,all,4943.8,198192.5,8555,57.02,1.32,falling,100,NA,NA,NA,NA,TRUE
consultations,2020-W31,week,region_1,sentinella_region,all,agegroup_ili_ari,all,611.4,33206.2,1457,33.13,0.75,falling,11.6,NA,NA,NA,NA,TRUE
consultations,2020-W31,week,region_2,sentinella_region,all,agegroup_ili_ari,all,715,36314.9,1418,49.57,1.27,falling,13.6,NA,NA,NA,NA,TRUE
consultations,2020-W31,week,region_3,sentinella_region,all,agegroup_ili_ari,all,271.6,37607.5,1625,18.61,0.43,falling,5.2,NA,NA,NA,NA,TRUE
consultations,2020-W31,week,region_4,sentinella_region,all,agegroup_ili_ari,all,264.8,28063.3,1105,32.07,0.81,falling,5,NA,NA,NA,NA,TRUE
consultations,2020-W31,week,region_5,sentinella_region,all,agegroup_ili_ari,all,2863.9,46233,1995,112.47,2.61,falling,54.5,NA,NA,NA,NA,TRUE
consultations,2020-W31,week,region_6,sentinella_region,all,agegroup_ili_ari,all,525.8,16767.6,955,95.42,1.68,falling,10,NA,NA,NA,NA,TRUE
consultations,2020-W32,week,CH,country,all,agegroup_ili_ari,all,4251.9,189643.6,8255,49.04,1.13,falling,100,NA,NA,NA,NA,TRUE
consultations,2020-W32,week,region_1,sentinella_region,all,agegroup_ili_ari,all,634.7,26172.9,1197,34.39,0.75,falling,14.5,NA,NA,NA,NA,TRUE
consultations,2020-W32,week,region_2,sentinella_region,all,agegroup_ili_ari,all,671.7,38653.8,1518,46.57,1.19,falling,15.3,NA,NA,NA,NA,TRUE
consultations,2020-W32,week,region_3,sentinella_region,all,agegroup_ili_ari,all,218.2,33450.6,1464,14.95,0.34,falling,5,NA,NA,NA,NA,TRUE
consultations,2020-W32,week,region_4,sentinella_region,all,agegroup_ili_ari,all,285.9,31772.1,1272,34.62,0.86,falling,6.5,NA,NA,NA,NA,TRUE
consultations,2020-W32,week,region_5,sentinella_region,all,agegroup_ili_ari,all,2286.7,50109.1,2226,89.8,2.02,falling,52.1,NA,NA,NA,NA,TRUE
consultations,2020-W32,week,region_6,sentinella_region,all,agegroup_ili_ari,all,290.5,9485.1,578,52.71,0.87,falling,6.6,NA,NA,NA,NA,TRUE
consultations,2020-W33,week,CH,country,all,agegroup_ili_ari,all,6683.9,169933.7,9265,77.09,1.41,falling,100,NA,NA,NA,NA,TRUE
consultations,2020-W33,week,region_1,sentinella_region,all,agegroup_ili_ari,all,495.9,26048.2,1489,26.87,0.47,stagnant,7.8,NA,NA,NA,NA,TRUE
consultations,2020-W33,week,region_2,sentinella_region,all,agegroup_ili_ari,all,958.3,31605.9,1659,66.44,1.27,rising,15.1,NA,NA,NA,NA,TRUE
consultations,2020-W33,week,region_3,sentinella_region,all,agegroup_ili_ari,all,981.9,23778.1,1290,67.29,1.24,falling,15.4,NA,NA,NA,NA,TRUE
consultations,2020-W33,week,region_4,sentinella_region,all,agegroup_ili_ari,all,770.7,25716.2,1247,93.33,1.92,rising,12.1,NA,NA,NA,NA,TRUE
consultations,2020-W33,week,region_5,sentinella_region,all,agegroup_ili_ari,all,2461.1,54839.1,3005,96.65,1.76,falling,38.7,NA,NA,NA,NA,TRUE
consultations,2020-W33,week,region_6,sentinella_region,all,agegroup_ili_ari,all,693.5,7946.3,575,125.85,1.74,falling,10.9,NA,NA,NA,NA,TRUE
consultations,2020-W34,week,CH,country,all,agegroup_ili_ari,all,12719.3,176549.4,11206,146.7,2.31,rising,100,NA,NA,NA,NA,TRUE
consultations,2020-W34,week,region_1,sentinella_region,all,agegroup_ili_ari,all,1116.5,31404,2084,60.5,0.91,rising,8.8,NA,NA,NA,NA,TRUE
consultations,2020-W34,week,region_2,sentinella_region,all,agegroup_ili_ari,all,1835.1,34582.3,2126,127.23,2.07,rising,14.4,NA,NA,NA,NA,TRUE
consultations,2020-W34,week,region_3,sentinella_region,all,agegroup_ili_ari,all,3888.3,27020.7,1656,266.46,4.35,rising,30.5,NA,NA,NA,NA,TRUE
consultations,2020-W34,week,region_4,sentinella_region,all,agegroup_ili_ari,all,1006.9,22141.9,1252,121.94,2.16,rising,7.9,NA,NA,NA,NA,TRUE
consultations,2020-W34,week,region_5,sentinella_region,all,agegroup_ili_ari,all,3663.5,50741,3206,143.87,2.28,stagnant,28.7,NA,NA,NA,NA,TRUE
consultations,2020-W34,week,region_6,sentinella_region,all,agegroup_ili_ari,all,1240.8,10659.4,882,225.15,2.72,rising,9.7,NA,NA,NA,NA,TRUE
consultations,2020-W35,week,CH,country,all,agegroup_ili_ari,all,15975.9,176380.7,11507,184.26,2.82,rising,100,NA,NA,NA,NA,TRUE
consultations,2020-W35,week,region_1,sentinella_region,all,agegroup_ili_ari,all,1110.1,29927,2036,60.15,0.88,rising,7.1,NA,NA,NA,NA,TRUE
consultations,2020-W35,week,region_2,sentinella_region,all,agegroup_ili_ari,all,2574.9,34730.4,2219,178.52,2.79,rising,16.4,NA,NA,NA,NA,TRUE
consultations,2020-W35,week,region_3,sentinella_region,all,agegroup_ili_ari,all,2570.6,24977.5,1570,176.16,2.8,rising,16.3,NA,NA,NA,NA,TRUE
consultations,2020-W35,week,region_4,sentinella_region,all,agegroup_ili_ari,all,1149.6,24421.3,1416,139.22,2.4,rising,7.3,NA,NA,NA,NA,TRUE
consultations,2020-W35,week,region_5,sentinella_region,all,agegroup_ili_ari,all,7479.3,50728.5,3279,293.72,4.54,rising,47.5,NA,NA,NA,NA,TRUE
consultations,2020-W35,week,region_6,sentinella_region,all,agegroup_ili_ari,all,855.4,11596.1,987,155.22,1.82,rising,5.4,NA,NA,NA,NA,TRUE
consultations,2020-W36,week,CH,country,all,agegroup_ili_ari,all,18071.5,179439.8,11443,208.43,3.27,rising,100,NA,NA,NA,NA,TRUE
consultations,2020-W36,week,region_1,sentinella_region,all,agegroup_ili_ari,all,1365.7,31080.6,2069,74,1.11,rising,7.6,NA,NA,NA,NA,TRUE
consultations,2020-W36,week,region_2,sentinella_region,all,agegroup_ili_ari,all,2968.9,33034.6,2044,205.84,3.33,rising,16.4,NA,NA,NA,NA,TRUE
consultations,2020-W36,week,region_3,sentinella_region,all,agegroup_ili_ari,all,2436.1,25758.4,1588,166.94,2.71,rising,13.5,NA,NA,NA,NA,TRUE
consultations,2020-W36,week,region_4,sentinella_region,all,agegroup_ili_ari,all,1189.1,27778.6,1585,144,2.52,rising,6.6,NA,NA,NA,NA,TRUE
consultations,2020-W36,week,region_5,sentinella_region,all,agegroup_ili_ari,all,9067.7,49986.5,3168,356.1,5.62,rising,50.2,NA,NA,NA,NA,TRUE
consultations,2020-W36,week,region_6,sentinella_region,all,agegroup_ili_ari,all,1027.3,11801.1,989,186.42,2.22,rising,5.7,NA,NA,NA,NA,TRUE
consultations,2020-W37,week,CH,country,all,agegroup_ili_ari,all,20904.1,183737.4,11687,241.1,3.79,rising,100,NA,NA,NA,NA,TRUE
consultations,2020-W37,week,region_1,sentinella_region,all,agegroup_ili_ari,all,1819.7,32454.4,2145,98.6,1.49,rising,9,NA,NA,NA,NA,TRUE
consultations,2020-W37,week,region_2,sentinella_region,all,agegroup_ili_ari,all,2961.6,33116.9,2029,205.33,3.35,rising,14.6,NA,NA,NA,NA,TRUE
consultations,2020-W37,week,region_3,sentinella_region,all,agegroup_ili_ari,all,3264.2,27717.5,1692,223.69,3.66,rising,16.1,NA,NA,NA,NA,TRUE
consultations,2020-W37,week,region_4,sentinella_region,all,agegroup_ili_ari,all,1150.4,20097.8,1126,139.32,2.49,rising,5.7,NA,NA,NA,NA,TRUE
consultations,2020-W37,week,region_5,sentinella_region,all,agegroup_ili_ari,all,8636.6,55723.9,3485,339.17,5.42,rising,42.7,NA,NA,NA,NA,TRUE
consultations,2020-W37,week,region_6,sentinella_region,all,agegroup_ili_ari,all,2411.3,14627,1210,437.55,5.29,rising,11.9,NA,NA,NA,NA,TRUE
consultations,2020-W38,week,CH,country,all,agegroup_ili_ari,all,17495.8,187319.3,12137,201.79,3.11,rising,100,NA,NA,NA,NA,TRUE
consultations,2020-W38,week,region_1,sentinella_region,all,agegroup_ili_ari,all,1930.8,34411.5,2323,104.62,1.55,rising,11.2,NA,NA,NA,NA,TRUE
consultations,2020-W38,week,region_2,sentinella_region,all,agegroup_ili_ari,all,2156.4,33442.7,2102,149.51,2.38,rising,12.5,NA,NA,NA,NA,TRUE
consultations,2020-W38,week,region_3,sentinella_region,all,agegroup_ili_ari,all,1548.3,26389.5,1648,106.1,1.7,falling,8.9,NA,NA,NA,NA,TRUE
consultations,2020-W38,week,region_4,sentinella_region,all,agegroup_ili_ari,all,1162.6,26279.6,1517,140.79,2.44,rising,6.7,NA,NA,NA,NA,TRUE
consultations,2020-W38,week,region_5,sentinella_region,all,agegroup_ili_ari,all,8473.6,53489.9,3419,332.77,5.21,rising,49,NA,NA,NA,NA,TRUE
consultations,2020-W38,week,region_6,sentinella_region,all,agegroup_ili_ari,all,2029.4,13306.2,1128,368.25,4.34,rising,11.7,NA,NA,NA,NA,TRUE
consultations,2020-W39,week,CH,country,all,agegroup_ili_ari,all,14034.6,181005.9,11311,161.87,2.59,falling,100,NA,NA,NA,NA,TRUE
consultations,2020-W39,week,region_1,sentinella_region,all,agegroup_ili_ari,all,1061.5,29555.7,1927,57.52,0.88,rising,8,NA,NA,NA,NA,TRUE
consultations,2020-W39,week,region_2,sentinella_region,all,agegroup_ili_ari,all,1504.5,27802.3,1652,104.31,1.76,falling,11.3,NA,NA,NA,NA,TRUE
consultations,2020-W39,week,region_3,sentinella_region,all,agegroup_ili_ari,all,1649.2,27428.1,1656,113.02,1.87,falling,12.4,NA,NA,NA,NA,TRUE
consultations,2020-W39,week,region_4,sentinella_region,all,agegroup_ili_ari,all,1020.2,25900.5,1453,123.55,2.2,falling,7.6,NA,NA,NA,NA,TRUE
consultations,2020-W39,week,region_5,sentinella_region,all,agegroup_ili_ari,all,6728.3,57905,3606,264.23,4.24,falling,50.4,NA,NA,NA,NA,TRUE
consultations,2020-W39,week,region_6,sentinella_region,all,agegroup_ili_ari,all,1376.1,12414.3,1017,249.71,3.05,rising,10.3,NA,NA,NA,NA,TRUE
consultations,2020-W40,week,CH,country,all,agegroup_ili_ari,all,13434.6,173603.4,10128,154.95,2.66,falling,100,NA,NA,NA,NA,TRUE
consultations,2020-W40,week,region_1,sentinella_region,all,agegroup_ili_ari,all,1035.1,32092.3,1942,56.09,0.93,falling,8.5,NA,NA,NA,NA,TRUE
consultations,2020-W40,week,region_2,sentinella_region,all,agegroup_ili_ari,all,1894.1,22844.4,1295,131.32,2.32,falling,15.6,NA,NA,NA,NA,TRUE
consultations,2020-W40,week,region_3,sentinella_region,all,agegroup_ili_ari,all,631.6,20794.4,1162,43.28,0.77,falling,5.2,NA,NA,NA,NA,TRUE
consultations,2020-W40,week,region_4,sentinella_region,all,agegroup_ili_ari,all,1277.2,23275.2,1208,154.67,2.98,stagnant,10.5,NA,NA,NA,NA,TRUE
consultations,2020-W40,week,region_5,sentinella_region,all,agegroup_ili_ari,all,6198.2,61623.9,3528,243.41,4.25,falling,51.1,NA,NA,NA,NA,TRUE
consultations,2020-W40,week,region_6,sentinella_region,all,agegroup_ili_ari,all,1104.4,12973.2,993,200.41,2.62,falling,9.1,NA,NA,NA,NA,TRUE
consultations,2020-W41,week,CH,country,all,agegroup_ili_ari,all,11782.1,160427.6,8236,135.89,2.65,falling,100,NA,NA,NA,NA,TRUE
consultations,2020-W41,week,region_1,sentinella_region,all,agegroup_ili_ari,all,1108.6,34960,1855,60.07,1.13,falling,9,NA,NA,NA,NA,TRUE
consultations,2020-W41,week,region_2,sentinella_region,all,agegroup_ili_ari,all,1370.7,26306.2,1286,95.03,1.94,falling,11.1,NA,NA,NA,NA,TRUE
consultations,2020-W41,week,region_3,sentinella_region,all,agegroup_ili_ari,all,1144,24233.1,1196,78.4,1.59,falling,9.3,NA,NA,NA,NA,TRUE
consultations,2020-W41,week,region_4,sentinella_region,all,agegroup_ili_ari,all,1099.2,23287.3,1054,133.12,2.94,stagnant,8.9,NA,NA,NA,NA,TRUE
consultations,2020-W41,week,region_5,sentinella_region,all,agegroup_ili_ari,all,6542.5,35418.9,1769,256.93,5.14,falling,53.1,NA,NA,NA,NA,TRUE
consultations,2020-W41,week,region_6,sentinella_region,all,agegroup_ili_ari,all,1053.1,16222.1,1076,191.1,2.88,falling,8.5,NA,NA,NA,NA,TRUE
consultations,2020-W42,week,CH,country,all,agegroup_ili_ari,all,19412.8,184456.8,10321,223.9,4,rising,100,NA,NA,NA,NA,TRUE
consultations,2020-W42,week,region_1,sentinella_region,all,agegroup_ili_ari,all,2371.8,29568,1732,128.52,2.19,rising,11.7,NA,NA,NA,NA,TRUE
consultations,2020-W42,week,region_2,sentinella_region,all,agegroup_ili_ari,all,2924.6,40440.1,2205,202.77,3.72,rising,14.4,NA,NA,NA,NA,TRUE
consultations,2020-W42,week,region_3,sentinella_region,all,agegroup_ili_ari,all,1804.9,33148.5,1808,123.69,2.27,stagnant,8.9,NA,NA,NA,NA,TRUE
consultations,2020-W42,week,region_4,sentinella_region,all,agegroup_ili_ari,all,1480.4,30120.4,1516,179.28,3.56,rising,7.3,NA,NA,NA,NA,TRUE
consultations,2020-W42,week,region_5,sentinella_region,all,agegroup_ili_ari,all,9060.8,38782.8,2150,355.83,6.42,rising,44.6,NA,NA,NA,NA,TRUE
consultations,2020-W42,week,region_6,sentinella_region,all,agegroup_ili_ari,all,2667.1,12397.1,910,483.98,6.59,rising,13.1,NA,NA,NA,NA,TRUE
consultations,2020-W43,week,CH,country,all,agegroup_ili_ari,all,29486.8,187594.9,12248,340.09,5.21,rising,100,NA,NA,NA,NA,TRUE
consultations,2020-W43,week,region_1,sentinella_region,all,agegroup_ili_ari,all,4635.7,27071.6,1846,251.19,3.68,rising,16.2,NA,NA,NA,NA,TRUE
consultations,2020-W43,week,region_2,sentinella_region,all,agegroup_ili_ari,all,4524.9,35062.6,2210,313.72,4.98,rising,15.8,NA,NA,NA,NA,TRUE
consultations,2020-W43,week,region_3,sentinella_region,all,agegroup_ili_ari,all,2710.1,25845.9,1644,185.72,2.92,rising,9.5,NA,NA,NA,NA,TRUE
consultations,2020-W43,week,region_4,sentinella_region,all,agegroup_ili_ari,all,1840.8,26465.4,1534,222.93,3.85,rising,6.4,NA,NA,NA,NA,TRUE
consultations,2020-W43,week,region_5,sentinella_region,all,agegroup_ili_ari,all,12087.7,59195.6,3820,474.7,7.36,rising,42.2,NA,NA,NA,NA,TRUE
consultations,2020-W43,week,region_6,sentinella_region,all,agegroup_ili_ari,all,2843.5,13953.9,1194,515.99,6.03,rising,9.9,NA,NA,NA,NA,TRUE
consultations,2020-W44,week,CH,country,all,agegroup_ili_ari,all,37838.9,172998,12111,436.42,6.23,rising,100,NA,NA,NA,NA,TRUE
consultations,2020-W44,week,region_1,sentinella_region,all,agegroup_ili_ari,all,4439.4,31178.6,2263,240.55,3.31,rising,12.6,NA,NA,NA,NA,TRUE
consultations,2020-W44,week,region_2,sentinella_region,all,agegroup_ili_ari,all,7009.9,31892.6,2166,486.01,7.16,rising,19.9,NA,NA,NA,NA,TRUE
consultations,2020-W44,week,region_3,sentinella_region,all,agegroup_ili_ari,all,1335.2,19672.9,1329,91.5,1.35,rising,3.8,NA,NA,NA,NA,TRUE
consultations,2020-W44,week,region_4,sentinella_region,all,agegroup_ili_ari,all,2725.9,21811.1,1351,330.11,5.33,rising,7.7,NA,NA,NA,NA,TRUE
consultations,2020-W44,week,region_5,sentinella_region,all,agegroup_ili_ari,all,15343.3,56924.3,3941,602.55,8.7,rising,43.5,NA,NA,NA,NA,TRUE
consultations,2020-W44,week,region_6,sentinella_region,all,agegroup_ili_ari,all,4401.6,11518.4,1061,798.72,8.67,rising,12.5,NA,NA,NA,NA,TRUE
consultations,2020-W45,week,CH,country,all,agegroup_ili_ari,all,36316.4,185263.4,12574,418.86,6.17,rising,100,NA,NA,NA,NA,TRUE
consultations,2020-W45,week,region_1,sentinella_region,all,agegroup_ili_ari,all,3920.2,32483.5,2308,212.42,2.99,rising,11,NA,NA,NA,NA,TRUE
consultations,2020-W45,week,region_2,sentinella_region,all,agegroup_ili_ari,all,7187.6,34716.1,2305,498.33,7.51,rising,20.2,NA,NA,NA,NA,TRUE
consultations,2020-W45,week,region_3,sentinella_region,all,agegroup_ili_ari,all,3279.1,25366.5,1670,224.71,3.41,rising,9.2,NA,NA,NA,NA,TRUE
consultations,2020-W45,week,region_4,sentinella_region,all,agegroup_ili_ari,all,2086.9,25323.8,1531,252.73,4.18,rising,5.9,NA,NA,NA,NA,TRUE
consultations,2020-W45,week,region_5,sentinella_region,all,agegroup_ili_ari,all,15345.6,57248.6,3854,602.64,8.95,rising,43.2,NA,NA,NA,NA,TRUE
consultations,2020-W45,week,region_6,sentinella_region,all,agegroup_ili_ari,all,3701.1,10124.9,906,671.61,7.51,rising,10.4,NA,NA,NA,NA,TRUE
consultations,2020-W46,week,CH,country,all,agegroup_ili_ari,all,30946,179593.8,12714,356.92,5.04,rising,100,NA,NA,NA,NA,TRUE
consultations,2020-W46,week,region_1,sentinella_region,all,agegroup_ili_ari,all,2953,34372.5,2532,160.01,2.17,rising,9.7,NA,NA,NA,NA,TRUE
consultations,2020-W46,week,region_2,sentinella_region,all,agegroup_ili_ari,all,4352.4,30487.6,2115,301.76,4.35,rising,14.3,NA,NA,NA,NA,TRUE
consultations,2020-W46,week,region_3,sentinella_region,all,agegroup_ili_ari,all,2580.1,26581.6,1822,176.81,2.58,rising,8.4,NA,NA,NA,NA,TRUE
consultations,2020-W46,week,region_4,sentinella_region,all,agegroup_ili_ari,all,2174.8,23160.8,1457,263.38,4.19,rising,7.1,NA,NA,NA,NA,TRUE
consultations,2020-W46,week,region_5,sentinella_region,all,agegroup_ili_ari,all,15904.5,52354.3,3622,624.59,9.03,rising,52.1,NA,NA,NA,NA,TRUE
consultations,2020-W46,week,region_6,sentinella_region,all,agegroup_ili_ari,all,2572.9,12637.1,1166,466.88,5.06,rising,8.4,NA,NA,NA,NA,TRUE
consultations,2020-W47,week,CH,country,all,agegroup_ili_ari,all,25635.5,174859.9,12453,295.67,4.15,falling,100,NA,NA,NA,NA,TRUE
consultations,2020-W47,week,region_1,sentinella_region,all,agegroup_ili_ari,all,2174,31409,2333,117.8,1.59,falling,8.8,NA,NA,NA,NA,TRUE
consultations,2020-W47,week,region_2,sentinella_region,all,agegroup_ili_ari,all,3412,32126.7,2235,236.56,3.4,falling,13.7,NA,NA,NA,NA,TRUE
consultations,2020-W47,week,region_3,sentinella_region,all,agegroup_ili_ari,all,2547.4,25205.2,1746,174.57,2.52,rising,10.3,NA,NA,NA,NA,TRUE
consultations,2020-W47,week,region_4,sentinella_region,all,agegroup_ili_ari,all,2057.8,21267.5,1346,249.21,3.94,stagnant,8.3,NA,NA,NA,NA,TRUE
consultations,2020-W47,week,region_5,sentinella_region,all,agegroup_ili_ari,all,11593,52716.2,3666,455.27,6.55,stagnant,46.7,NA,NA,NA,NA,TRUE
consultations,2020-W47,week,region_6,sentinella_region,all,agegroup_ili_ari,all,3042.6,12135.3,1127,552.11,5.94,falling,12.3,NA,NA,NA,NA,TRUE
consultations,2020-W48,week,CH,country,all,agegroup_ili_ari,all,26087.2,170169.4,11842,300.88,4.32,falling,100,NA,NA,NA,NA,TRUE
consultations,2020-W48,week,region_1,sentinella_region,all,agegroup_ili_ari,all,1713.5,32309.1,2340,92.85,1.28,falling,6.8,NA,NA,NA,NA,TRUE
consultations,2020-W48,week,region_2,sentinella_region,all,agegroup_ili_ari,all,3820.8,32087.6,2184,264.9,3.89,falling,15.2,NA,NA,NA,NA,TRUE
consultations,2020-W48,week,region_3,sentinella_region,all,agegroup_ili_ari,all,3247,22920.2,1543,222.51,3.31,rising,12.9,NA,NA,NA,NA,TRUE
consultations,2020-W48,week,region_4,sentinella_region,all,agegroup_ili_ari,all,2174.8,17844.8,1102,263.38,4.26,falling,8.6,NA,NA,NA,NA,TRUE
consultations,2020-W48,week,region_5,sentinella_region,all,agegroup_ili_ari,all,11160.3,53162.9,3601,438.28,6.47,falling,44.3,NA,NA,NA,NA,TRUE
consultations,2020-W48,week,region_6,sentinella_region,all,agegroup_ili_ari,all,3070.7,11844.7,1072,557.21,6.16,falling,12.2,NA,NA,NA,NA,TRUE
consultations,2020-W49,week,CH,country,all,agegroup_ili_ari,all,29274.4,170893.6,12073,337.64,4.78,falling,100,NA,NA,NA,NA,TRUE
consultations,2020-W49,week,region_1,sentinella_region,all,agegroup_ili_ari,all,1584.7,33771.5,2486,85.87,1.17,falling,5.6,NA,NA,NA,NA,TRUE
consultations,2020-W49,week,region_2,sentinella_region,all,agegroup_ili_ari,all,4482.9,28956.4,2002,310.81,4.5,falling,15.9,NA,NA,NA,NA,TRUE
consultations,2020-W49,week,region_3,sentinella_region,all,agegroup_ili_ari,all,2570.7,23840.8,1629,176.17,2.58,falling,9.1,NA,NA,NA,NA,TRUE
consultations,2020-W49,week,region_4,sentinella_region,all,agegroup_ili_ari,all,2584.4,20128.8,1264,312.98,4.98,rising,9.1,NA,NA,NA,NA,TRUE
consultations,2020-W49,week,region_5,sentinella_region,all,agegroup_ili_ari,all,13903.3,52564.2,3622,546,7.92,falling,49.2,NA,NA,NA,NA,TRUE
consultations,2020-W49,week,region_6,sentinella_region,all,agegroup_ili_ari,all,3126.9,11631.9,1070,567.41,6.17,falling,11.1,NA,NA,NA,NA,TRUE
consultations,2020-W50,week,CH,country,all,agegroup_ili_ari,all,29367.2,176552.4,12289,338.71,4.87,stagnant,100,NA,NA,NA,NA,TRUE
consultations,2020-W50,week,region_1,sentinella_region,all,agegroup_ili_ari,all,1456.1,32955.2,2398,78.9,1.08,falling,5.1,NA,NA,NA,NA,TRUE
consultations,2020-W50,week,region_2,sentinella_region,all,agegroup_ili_ari,all,3652.1,33174.7,2279,253.21,3.69,stagnant,12.9,NA,NA,NA,NA,TRUE
consultations,2020-W50,week,region_3,sentinella_region,all,agegroup_ili_ari,all,3480.9,23895.6,1615,238.54,3.53,rising,12.3,NA,NA,NA,NA,TRUE
consultations,2020-W50,week,region_4,sentinella_region,all,agegroup_ili_ari,all,2069.9,19946.8,1240,250.67,4.03,rising,7.3,NA,NA,NA,NA,TRUE
consultations,2020-W50,week,region_5,sentinella_region,all,agegroup_ili_ari,all,15187.2,55665.7,3766,596.42,8.82,rising,53.6,NA,NA,NA,NA,TRUE
consultations,2020-W50,week,region_6,sentinella_region,all,agegroup_ili_ari,all,2474.1,10914.4,991,448.95,4.94,stagnant,8.7,NA,NA,NA,NA,TRUE
consultations,2020-W51,week,CH,country,all,agegroup_ili_ari,all,33415.3,177737.1,13299,385.4,5.15,rising,100,NA,NA,NA,NA,TRUE
consultations,2020-W51,week,region_1,sentinella_region,all,agegroup_ili_ari,all,1951.6,31204.2,2434,105.75,1.36,falling,6.1,NA,NA,NA,NA,TRUE
consultations,2020-W51,week,region_2,sentinella_region,all,agegroup_ili_ari,all,3874.3,31271.7,2311,268.61,3.63,rising,12.1,NA,NA,NA,NA,TRUE
consultations,2020-W51,week,region_3,sentinella_region,all,agegroup_ili_ari,all,2293,26090.8,1897,157.14,2.16,stagnant,7.2,NA,NA,NA,NA,TRUE
consultations,2020-W51,week,region_4,sentinella_region,all,agegroup_ili_ari,all,2286.7,22028,1470,276.92,4.15,rising,7.2,NA,NA,NA,NA,TRUE
consultations,2020-W51,week,region_5,sentinella_region,all,agegroup_ili_ari,all,18328.2,54461.7,3951,719.77,9.92,rising,57.4,NA,NA,NA,NA,TRUE
consultations,2020-W51,week,region_6,sentinella_region,all,agegroup_ili_ari,all,3215.9,12680.7,1236,583.56,5.99,stagnant,10.1,NA,NA,NA,NA,TRUE
consultations,2020-W52,week,CH,country,all,agegroup_ili_ari,all,18904.7,145845.8,7443,218.04,4.27,falling,100,NA,NA,NA,NA,TRUE
consultations,2020-W52,week,region_1,sentinella_region,all,agegroup_ili_ari,all,1011.7,23712.4,1254,54.82,1.04,falling,5.4,NA,NA,NA,NA,TRUE
consultations,2020-W52,week,region_2,sentinella_region,all,agegroup_ili_ari,all,2182.5,26434.1,1340,151.32,2.99,falling,11.7,NA,NA,NA,NA,TRUE
consultations,2020-W52,week,region_3,sentinella_region,all,agegroup_ili_ari,all,2410.2,21189.9,1058,165.17,3.31,falling,13,NA,NA,NA,NA,TRUE
consultations,2020-W52,week,region_4,sentinella_region,all,agegroup_ili_ari,all,1346.4,23305.8,1069,163.05,3.55,falling,7.2,NA,NA,NA,NA,TRUE
consultations,2020-W52,week,region_5,sentinella_region,all,agegroup_ili_ari,all,9791.1,40830.9,2029,384.51,7.74,rising,52.6,NA,NA,NA,NA,TRUE
consultations,2020-W52,week,region_6,sentinella_region,all,agegroup_ili_ari,all,1859.5,10372.7,693,337.42,5.05,falling,10,NA,NA,NA,NA,TRUE
consultations,2020-W53,week,CH,country,all,agegroup_ili_ari,all,13326.3,141188,4640,153.7,4.68,falling,100,NA,NA,NA,NA,TRUE
consultations,2020-W53,week,region_1,sentinella_region,all,agegroup_ili_ari,all,854.1,23767.9,794,46.28,1.39,falling,7.8,NA,NA,NA,NA,TRUE
consultations,2020-W53,week,region_2,sentinella_region,all,agegroup_ili_ari,all,2326.1,31004,993,161.27,5.04,falling,21.2,NA,NA,NA,NA,TRUE
consultations,2020-W53,week,region_3,sentinella_region,all,agegroup_ili_ari,all,0,7592.4,244,0,0,falling,0,NA,NA,NA,NA,TRUE
consultations,2020-W53,week,region_4,sentinella_region,all,agegroup_ili_ari,all,1094.1,20377.9,591,132.5,4.57,falling,10,NA,NA,NA,NA,TRUE
consultations,2020-W53,week,region_5,sentinella_region,all,agegroup_ili_ari,all,5236.9,42788.9,1353,205.66,6.5,falling,47.8,NA,NA,NA,NA,TRUE
consultations,2020-W53,week,region_6,sentinella_region,all,agegroup_ili_ari,all,1443.1,15656.9,665,261.86,6.17,falling,13.2,NA,NA,NA,NA,TRUE
consultations,2021-W01,week,CH,country,all,agegroup_ili_ari,all,15828.6,247341.7,10335,181.13,4.33,falling,100,NA,NA,NA,NA,TRUE
consultations,2021-W01,week,region_1,sentinella_region,all,agegroup_ili_ari,all,1154.7,37082,1713,62.02,1.34,falling,7.5,NA,NA,NA,NA,TRUE
consultations,2021-W01,week,region_2,sentinella_region,all,agegroup_ili_ari,all,2868.3,43000,1808,197.67,4.7,falling,18.6,NA,NA,NA,NA,TRUE
consultations,2021-W01,week,region_3,sentinella_region,all,agegroup_ili_ari,all,2212.7,55224.7,2258,150.3,3.68,falling,14.3,NA,NA,NA,NA,TRUE
consultations,2021-W01,week,region_4,sentinella_region,all,agegroup_ili_ari,all,1760.3,36445.2,1346,211.28,5.72,falling,11.4,NA,NA,NA,NA,TRUE
consultations,2021-W01,week,region_5,sentinella_region,all,agegroup_ili_ari,all,6134.4,64442.2,2591,238.97,5.94,falling,39.8,NA,NA,NA,NA,TRUE
consultations,2021-W01,week,region_6,sentinella_region,all,agegroup_ili_ari,all,1291.1,11147.6,619,233.23,4.2,falling,8.4,NA,NA,NA,NA,TRUE
consultations,2021-W02,week,CH,country,all,agegroup_ili_ari,all,18488.7,176772.2,12259,211.57,3.05,falling,100,NA,NA,NA,NA,TRUE
consultations,2021-W02,week,region_1,sentinella_region,all,agegroup_ili_ari,all,779.3,28669.5,2179,41.86,0.55,falling,4.3,NA,NA,NA,NA,TRUE
consultations,2021-W02,week,region_2,sentinella_region,all,agegroup_ili_ari,all,3631.6,36759.9,2526,250.27,3.64,stagnant,20,NA,NA,NA,NA,TRUE
consultations,2021-W02,week,region_3,sentinella_region,all,agegroup_ili_ari,all,2854.9,34550.9,2308,193.92,2.9,rising,15.7,NA,NA,NA,NA,TRUE
consultations,2021-W02,week,region_4,sentinella_region,all,agegroup_ili_ari,all,1428.3,22166.5,1338,171.43,2.84,falling,7.9,NA,NA,NA,NA,TRUE
consultations,2021-W02,week,region_5,sentinella_region,all,agegroup_ili_ari,all,7825.8,41986.6,2767,304.86,4.63,falling,43.1,NA,NA,NA,NA,TRUE
consultations,2021-W02,week,region_6,sentinella_region,all,agegroup_ili_ari,all,1620.5,12638.8,1141,292.75,3.24,falling,8.9,NA,NA,NA,NA,TRUE
consultations,2021-W03,week,CH,country,all,agegroup_ili_ari,all,19603.7,174741.9,12289,224.33,3.19,rising,100,NA,NA,NA,NA,TRUE
consultations,2021-W03,week,region_1,sentinella_region,all,agegroup_ili_ari,all,1636.7,26164,2028,87.91,1.13,rising,8.7,NA,NA,NA,NA,TRUE
consultations,2021-W03,week,region_2,sentinella_region,all,agegroup_ili_ari,all,3795.4,35937.8,2512,261.56,3.74,rising,20.1,NA,NA,NA,NA,TRUE
consultations,2021-W03,week,region_3,sentinella_region,all,agegroup_ili_ari,all,3116.3,36848.9,2497,211.68,3.12,rising,16.5,NA,NA,NA,NA,TRUE
consultations,2021-W03,week,region_4,sentinella_region,all,agegroup_ili_ari,all,1704.2,18089.2,1114,204.54,3.32,rising,9,NA,NA,NA,NA,TRUE
consultations,2021-W03,week,region_5,sentinella_region,all,agegroup_ili_ari,all,6687,46065.1,3072,260.5,3.91,falling,35.5,NA,NA,NA,NA,TRUE
consultations,2021-W03,week,region_6,sentinella_region,all,agegroup_ili_ari,all,1902.7,11637,1066,343.73,3.75,rising,10.1,NA,NA,NA,NA,TRUE
consultations,2021-W04,week,CH,country,all,agegroup_ili_ari,all,19179.9,175868.7,12113,219.48,3.19,rising,100,NA,NA,NA,NA,TRUE
consultations,2021-W04,week,region_1,sentinella_region,all,agegroup_ili_ari,all,1516.6,28236.1,2144,81.46,1.07,rising,8.3,NA,NA,NA,NA,TRUE
consultations,2021-W04,week,region_2,sentinella_region,all,agegroup_ili_ari,all,4124.3,36591.1,2518,284.22,4.13,rising,22.5,NA,NA,NA,NA,TRUE
consultations,2021-W04,week,region_3,sentinella_region,all,agegroup_ili_ari,all,3545.5,35710,2364,240.83,3.64,rising,19.4,NA,NA,NA,NA,TRUE
consultations,2021-W04,week,region_4,sentinella_region,all,agegroup_ili_ari,all,1714.5,17980.3,1087,205.78,3.4,rising,9.4,NA,NA,NA,NA,TRUE
consultations,2021-W04,week,region_5,sentinella_region,all,agegroup_ili_ari,all,6117.4,46157.7,2998,238.31,3.67,rising,33.4,NA,NA,NA,NA,TRUE
consultations,2021-W04,week,region_6,sentinella_region,all,agegroup_ili_ari,all,1285.7,11193.6,1002,232.27,2.59,rising,7,NA,NA,NA,NA,TRUE
consultations,2021-W05,week,CH,country,all,agegroup_ili_ari,all,17907.5,179094.8,12049,204.92,3.05,rising,100,NA,NA,NA,NA,TRUE
consultations,2021-W05,week,region_1,sentinella_region,all,agegroup_ili_ari,all,1551.2,28806.2,2141,83.32,1.12,rising,9,NA,NA,NA,NA,TRUE
consultations,2021-W05,week,region_2,sentinella_region,all,agegroup_ili_ari,all,3817.2,36873.9,2488,263.06,3.9,rising,22.3,NA,NA,NA,NA,TRUE
consultations,2021-W05,week,region_3,sentinella_region,all,agegroup_ili_ari,all,2537.5,31909.7,2066,172.36,2.66,rising,14.8,NA,NA,NA,NA,TRUE
consultations,2021-W05,week,region_4,sentinella_region,all,agegroup_ili_ari,all,1733.2,24997.7,1475,208.02,3.53,stagnant,10.1,NA,NA,NA,NA,TRUE
consultations,2021-W05,week,region_5,sentinella_region,all,agegroup_ili_ari,all,5557.8,44340.7,2815,216.51,3.41,falling,32.4,NA,NA,NA,NA,TRUE
consultations,2021-W05,week,region_6,sentinella_region,all,agegroup_ili_ari,all,1956.4,12166.6,1064,353.43,4.04,rising,11.4,NA,NA,NA,NA,TRUE
consultations,2021-W06,week,CH,country,all,agegroup_ili_ari,all,17385,161859.6,10882,198.94,2.96,falling,100,NA,NA,NA,NA,TRUE
consultations,2021-W06,week,region_1,sentinella_region,all,agegroup_ili_ari,all,1673.6,30038.2,2203,89.89,1.23,rising,10.1,NA,NA,NA,NA,TRUE
consultations,2021-W06,week,region_2,sentinella_region,all,agegroup_ili_ari,all,4046.3,29407,1976,278.85,4.15,rising,24.5,NA,NA,NA,NA,TRUE
consultations,2021-W06,week,region_3,sentinella_region,all,agegroup_ili_ari,all,3336.1,30007.6,1916,226.61,3.55,rising,20.2,NA,NA,NA,NA,TRUE
consultations,2021-W06,week,region_4,sentinella_region,all,agegroup_ili_ari,all,957.6,15662.1,917,114.93,1.96,falling,5.8,NA,NA,NA,NA,TRUE
consultations,2021-W06,week,region_5,sentinella_region,all,agegroup_ili_ari,all,4389.3,42691.5,2661,170.99,2.74,falling,26.6,NA,NA,NA,NA,TRUE
consultations,2021-W06,week,region_6,sentinella_region,all,agegroup_ili_ari,all,2127,14053.2,1209,384.25,4.47,rising,12.9,NA,NA,NA,NA,TRUE
consultations,2021-W07,week,CH,country,all,agegroup_ili_ari,all,14399.8,169927.7,11069,164.78,2.53,falling,100,NA,NA,NA,NA,TRUE
consultations,2021-W07,week,region_1,sentinella_region,all,agegroup_ili_ari,all,2086.7,30335.9,2192,112.08,1.55,rising,14.7,NA,NA,NA,NA,TRUE
consultations,2021-W07,week,region_2,sentinella_region,all,agegroup_ili_ari,all,3037.4,35352.4,2311,209.32,3.2,falling,21.4,NA,NA,NA,NA,TRUE
consultations,2021-W07,week,region_3,sentinella_region,all,agegroup_ili_ari,all,2395.8,33795.9,2120,162.74,2.59,falling,16.9,NA,NA,NA,NA,TRUE
consultations,2021-W07,week,region_4,sentinella_region,all,agegroup_ili_ari,all,1108.2,18043.9,1025,133.01,2.34,falling,7.8,NA,NA,NA,NA,TRUE
consultations,2021-W07,week,region_5,sentinella_region,all,agegroup_ili_ari,all,4407.5,43680.2,2685,171.7,2.79,falling,31.1,NA,NA,NA,NA,TRUE
consultations,2021-W07,week,region_6,sentinella_region,all,agegroup_ili_ari,all,1142.8,8719.4,736,206.44,2.45,falling,8.1,NA,NA,NA,NA,TRUE
consultations,2021-W08,week,CH,country,all,agegroup_ili_ari,all,13354.6,177986.3,11682,152.82,2.33,falling,100,NA,NA,NA,NA,TRUE
consultations,2021-W08,week,region_1,sentinella_region,all,agegroup_ili_ari,all,1499.9,27307.7,1958,80.56,1.12,rising,12,NA,NA,NA,NA,TRUE
consultations,2021-W08,week,region_2,sentinella_region,all,agegroup_ili_ari,all,2765.6,38827.5,2532,190.59,2.92,falling,22.1,NA,NA,NA,NA,TRUE
consultations,2021-W08,week,region_3,sentinella_region,all,agegroup_ili_ari,all,1860.1,26909.2,1698,126.35,2,falling,14.9,NA,NA,NA,NA,TRUE
consultations,2021-W08,week,region_4,sentinella_region,all,agegroup_ili_ari,all,893.3,24250.8,1386,107.21,1.88,falling,7.1,NA,NA,NA,NA,TRUE
consultations,2021-W08,week,region_5,sentinella_region,all,agegroup_ili_ari,all,3380.7,46316.3,2881,131.7,2.12,falling,27,NA,NA,NA,NA,TRUE
consultations,2021-W08,week,region_6,sentinella_region,all,agegroup_ili_ari,all,2118,14374.8,1227,382.61,4.48,rising,16.9,NA,NA,NA,NA,TRUE
consultations,2021-W09,week,CH,country,all,agegroup_ili_ari,all,13881.6,188223.2,12056,158.85,2.48,falling,100,NA,NA,NA,NA,TRUE
consultations,2021-W09,week,region_1,sentinella_region,all,agegroup_ili_ari,all,1115.2,28382.6,2024,59.9,0.84,falling,8.4,NA,NA,NA,NA,TRUE
consultations,2021-W09,week,region_2,sentinella_region,all,agegroup_ili_ari,all,2715,35809.8,2293,187.1,2.92,falling,20.5,NA,NA,NA,NA,TRUE
consultations,2021-W09,week,region_3,sentinella_region,all,agegroup_ili_ari,all,2910.7,36416.6,2254,197.71,3.19,falling,21.9,NA,NA,NA,NA,TRUE
consultations,2021-W09,week,region_4,sentinella_region,all,agegroup_ili_ari,all,981.9,25456.9,1434,117.85,2.09,falling,7.4,NA,NA,NA,NA,TRUE
consultations,2021-W09,week,region_5,sentinella_region,all,agegroup_ili_ari,all,3322.7,50216.5,3052,129.44,2.13,falling,25,NA,NA,NA,NA,TRUE
consultations,2021-W09,week,region_6,sentinella_region,all,agegroup_ili_ari,all,2225.2,11940.9,999,401.98,4.8,rising,16.8,NA,NA,NA,NA,TRUE
consultations,2021-W10,week,CH,country,all,agegroup_ili_ari,all,16477.9,189862.4,12423,188.56,2.88,falling,100,NA,NA,NA,NA,TRUE
consultations,2021-W10,week,region_1,sentinella_region,all,agegroup_ili_ari,all,1331,33570.7,2408,71.49,1,falling,8.3,NA,NA,NA,NA,TRUE
consultations,2021-W10,week,region_2,sentinella_region,all,agegroup_ili_ari,all,3715.8,36318.6,2356,256.07,3.95,falling,23.2,NA,NA,NA,NA,TRUE
consultations,2021-W10,week,region_3,sentinella_region,all,agegroup_ili_ari,all,2929.9,33665.3,2119,199.02,3.16,stagnant,18.3,NA,NA,NA,NA,TRUE
consultations,2021-W10,week,region_4,sentinella_region,all,agegroup_ili_ari,all,1202.9,24935.4,1423,144.37,2.53,rising,7.5,NA,NA,NA,NA,TRUE
consultations,2021-W10,week,region_5,sentinella_region,all,agegroup_ili_ari,all,5082.1,47479.1,2935,197.98,3.2,stagnant,31.7,NA,NA,NA,NA,TRUE
consultations,2021-W10,week,region_6,sentinella_region,all,agegroup_ili_ari,all,1753.1,13893.4,1182,316.7,3.72,rising,10.9,NA,NA,NA,NA,TRUE
consultations,2021-W11,week,CH,country,all,agegroup_ili_ari,all,19000.8,177066,12033,217.43,3.2,rising,100,NA,NA,NA,NA,TRUE
consultations,2021-W11,week,region_1,sentinella_region,all,agegroup_ili_ari,all,1067.4,29652.8,2211,57.33,0.77,falling,5.8,NA,NA,NA,NA,TRUE
consultations,2021-W11,week,region_2,sentinella_region,all,agegroup_ili_ari,all,3948.1,35284.3,2382,272.08,4.03,rising,21.5,NA,NA,NA,NA,TRUE
consultations,2021-W11,week,region_3,sentinella_region,all,agegroup_ili_ari,all,2815.8,36597.8,2387,191.27,2.93,rising,15.3,NA,NA,NA,NA,TRUE
consultations,2021-W11,week,region_4,sentinella_region,all,agegroup_ili_ari,all,1400.4,17848.4,1067,168.08,2.81,rising,7.6,NA,NA,NA,NA,TRUE
consultations,2021-W11,week,region_5,sentinella_region,all,agegroup_ili_ari,all,6414.4,46022.2,2958,249.88,3.89,rising,35,NA,NA,NA,NA,TRUE
consultations,2021-W11,week,region_6,sentinella_region,all,agegroup_ili_ari,all,2706,11660.6,1028,488.83,5.54,rising,14.7,NA,NA,NA,NA,TRUE
consultations,2021-W12,week,CH,country,all,agegroup_ili_ari,all,19909.6,191373.7,12583,227.83,3.46,rising,100,NA,NA,NA,NA,TRUE
consultations,2021-W12,week,region_1,sentinella_region,all,agegroup_ili_ari,all,1512.9,31995.7,2313,81.26,1.12,stagnant,7.9,NA,NA,NA,NA,TRUE
consultations,2021-W12,week,region_2,sentinella_region,all,agegroup_ili_ari,all,3444.4,37493.7,2447,237.37,3.64,rising,18,NA,NA,NA,NA,TRUE
consultations,2021-W12,week,region_3,sentinella_region,all,agegroup_ili_ari,all,3499.1,36603.8,2308,237.68,3.77,rising,18.3,NA,NA,NA,NA,TRUE
consultations,2021-W12,week,region_4,sentinella_region,all,agegroup_ili_ari,all,2000,21246,1222,240.05,4.17,rising,10.5,NA,NA,NA,NA,TRUE
consultations,2021-W12,week,region_5,sentinella_region,all,agegroup_ili_ari,all,6101.2,50066.3,3104,237.68,3.83,rising,32,NA,NA,NA,NA,TRUE
consultations,2021-W12,week,region_6,sentinella_region,all,agegroup_ili_ari,all,2536.3,13968.3,1189,458.18,5.38,rising,13.3,NA,NA,NA,NA,TRUE
consultations,2021-W13,week,CH,country,all,agegroup_ili_ari,all,15621.5,176213.9,10873,178.76,2.9,rising,100,NA,NA,NA,NA,TRUE
consultations,2021-W13,week,region_1,sentinella_region,all,agegroup_ili_ari,all,1397.1,29316.1,1991,75.04,1.1,rising,9.2,NA,NA,NA,NA,TRUE
consultations,2021-W13,week,region_2,sentinella_region,all,agegroup_ili_ari,all,3321.5,35823.6,2186,228.9,3.75,rising,21.9,NA,NA,NA,NA,TRUE
consultations,2021-W13,week,region_3,sentinella_region,all,agegroup_ili_ari,all,2706.3,26654.3,1589,183.83,3.08,stagnant,17.8,NA,NA,NA,NA,TRUE
consultations,2021-W13,week,region_4,sentinella_region,all,agegroup_ili_ari,all,935.3,24050.6,1298,112.26,2.08,rising,6.2,NA,NA,NA,NA,TRUE
consultations,2021-W13,week,region_5,sentinella_region,all,agegroup_ili_ari,all,4609.3,48452.5,2851,179.56,3.05,rising,30.3,NA,NA,NA,NA,TRUE
consultations,2021-W13,week,region_6,sentinella_region,all,agegroup_ili_ari,all,2229.7,11916.8,958,402.79,5.01,rising,14.7,NA,NA,NA,NA,TRUE
consultations,2021-W14,week,CH,country,all,agegroup_ili_ari,all,16967.2,147817.3,8684,194.16,3.3,falling,100,NA,NA,NA,NA,TRUE
consultations,2021-W14,week,region_1,sentinella_region,all,agegroup_ili_ari,all,1664.1,16781.6,1097,89.38,1.37,rising,10.4,NA,NA,NA,NA,TRUE
consultations,2021-W14,week,region_2,sentinella_region,all,agegroup_ili_ari,all,3531.5,36980.9,2171,243.37,4.15,falling,22.1,NA,NA,NA,NA,TRUE
consultations,2021-W14,week,region_3,sentinella_region,all,agegroup_ili_ari,all,1808.6,26048.1,1499,122.85,2.13,falling,11.3,NA,NA,NA,NA,TRUE
consultations,2021-W14,week,region_4,sentinella_region,all,agegroup_ili_ari,all,1834.2,19987.4,1038,220.14,4.24,rising,11.5,NA,NA,NA,NA,TRUE
consultations,2021-W14,week,region_5,sentinella_region,all,agegroup_ili_ari,all,4642.7,40916.4,2326,180.86,3.18,falling,29.1,NA,NA,NA,NA,TRUE
consultations,2021-W14,week,region_6,sentinella_region,all,agegroup_ili_ari,all,2493.9,7102.9,553,450.52,5.79,rising,15.6,NA,NA,NA,NA,TRUE
consultations,2021-W15,week,CH,country,all,agegroup_ili_ari,all,12464.1,193507.7,11307,142.63,2.44,falling,100,NA,NA,NA,NA,TRUE
consultations,2021-W15,week,region_1,sentinella_region,all,agegroup_ili_ari,all,1210.4,29228.5,1890,65.01,1.01,rising,10.3,NA,NA,NA,NA,TRUE
consultations,2021-W15,week,region_2,sentinella_region,all,agegroup_ili_ari,all,2665.9,36469,2089,183.72,3.21,falling,22.8,NA,NA,NA,NA,TRUE
consultations,2021-W15,week,region_3,sentinella_region,all,agegroup_ili_ari,all,2281.4,32909.8,1863,154.97,2.74,falling,19.5,NA,NA,NA,NA,TRUE
consultations,2021-W15,week,region_4,sentinella_region,all,agegroup_ili_ari,all,1616.3,26805,1370,193.99,3.8,rising,13.8,NA,NA,NA,NA,TRUE
consultations,2021-W15,week,region_5,sentinella_region,all,agegroup_ili_ari,all,2880.9,54353.1,3045,112.23,2,falling,24.6,NA,NA,NA,NA,TRUE
consultations,2021-W15,week,region_6,sentinella_region,all,agegroup_ili_ari,all,1047.3,13742.3,1050,189.2,2.48,falling,8.9,NA,NA,NA,NA,TRUE
consultations,2021-W16,week,CH,country,all,agegroup_ili_ari,all,10464.7,223801.4,12386,119.75,2.16,falling,100,NA,NA,NA,NA,TRUE
consultations,2021-W16,week,region_1,sentinella_region,all,agegroup_ili_ari,all,1132.5,36164.7,2199,60.83,1,falling,11.2,NA,NA,NA,NA,TRUE
consultations,2021-W16,week,region_2,sentinella_region,all,agegroup_ili_ari,all,1770.2,42627,2318,121.99,2.24,falling,17.6,NA,NA,NA,NA,TRUE
consultations,2021-W16,week,region_3,sentinella_region,all,agegroup_ili_ari,all,1655.8,37343.1,1993,112.47,2.11,falling,16.4,NA,NA,NA,NA,TRUE
consultations,2021-W16,week,region_4,sentinella_region,all,agegroup_ili_ari,all,1220,24585.6,1185,146.43,3.04,falling,12.1,NA,NA,NA,NA,TRUE
consultations,2021-W16,week,region_5,sentinella_region,all,agegroup_ili_ari,all,2937.7,67282.7,3554,114.44,2.17,falling,29.1,NA,NA,NA,NA,TRUE
consultations,2021-W16,week,region_6,sentinella_region,all,agegroup_ili_ari,all,1366.5,15798.3,1137,246.86,3.43,falling,13.6,NA,NA,NA,NA,TRUE
consultations,2021-W17,week,CH,country,all,agegroup_ili_ari,all,9931.6,214695.6,12383,113.65,1.97,falling,100,NA,NA,NA,NA,TRUE
consultations,2021-W17,week,region_1,sentinella_region,all,agegroup_ili_ari,all,903.3,35035.4,2212,48.52,0.77,falling,9.6,NA,NA,NA,NA,TRUE
consultations,2021-W17,week,region_2,sentinella_region,all,agegroup_ili_ari,all,1634.8,50593.6,2880,112.66,1.98,falling,17.3,NA,NA,NA,NA,TRUE
consultations,2021-W17,week,region_3,sentinella_region,all,agegroup_ili_ari,all,2201.7,38781.8,2151,149.55,2.7,falling,23.3,NA,NA,NA,NA,TRUE
consultations,2021-W17,week,region_4,sentinella_region,all,agegroup_ili_ari,all,1139.1,24136.4,1212,136.72,2.72,stagnant,12.1,NA,NA,NA,NA,TRUE
consultations,2021-W17,week,region_5,sentinella_region,all,agegroup_ili_ari,all,2396.3,51416.7,2824,93.35,1.7,falling,25.4,NA,NA,NA,NA,TRUE
consultations,2021-W17,week,region_6,sentinella_region,all,agegroup_ili_ari,all,1164.8,14731.7,1104,210.43,2.81,falling,12.3,NA,NA,NA,NA,TRUE
consultations,2021-W18,week,CH,country,all,agegroup_ili_ari,all,9332.2,220049.9,12770,106.79,1.84,falling,100,NA,NA,NA,NA,TRUE
consultations,2021-W18,week,region_1,sentinella_region,all,agegroup_ili_ari,all,806.3,34632.5,2201,43.31,0.68,falling,9.3,NA,NA,NA,NA,TRUE
consultations,2021-W18,week,region_2,sentinella_region,all,agegroup_ili_ari,all,2233.4,48730.8,2780,153.91,2.7,falling,25.8,NA,NA,NA,NA,TRUE
consultations,2021-W18,week,region_3,sentinella_region,all,agegroup_ili_ari,all,1246.9,43683.8,2439,84.7,1.52,falling,14.4,NA,NA,NA,NA,TRUE
consultations,2021-W18,week,region_4,sentinella_region,all,agegroup_ili_ari,all,914.7,23681.2,1192,109.79,2.18,falling,10.6,NA,NA,NA,NA,TRUE
consultations,2021-W18,week,region_5,sentinella_region,all,agegroup_ili_ari,all,2222.5,53128.5,2938,86.58,1.57,falling,25.7,NA,NA,NA,NA,TRUE
consultations,2021-W18,week,region_6,sentinella_region,all,agegroup_ili_ari,all,1230.6,16193.3,1220,222.31,2.95,falling,14.2,NA,NA,NA,NA,TRUE
consultations,2021-W19,week,CH,country,all,agegroup_ili_ari,all,11017.9,176877,10829,126.08,2.06,falling,100,NA,NA,NA,NA,TRUE
consultations,2021-W19,week,region_1,sentinella_region,all,agegroup_ili_ari,all,619.8,27031.8,1812,33.29,0.5,falling,6.1,NA,NA,NA,NA,TRUE
consultations,2021-W19,week,region_2,sentinella_region,all,agegroup_ili_ari,all,2139.2,36631,2223,147.42,2.43,falling,21,NA,NA,NA,NA,TRUE
consultations,2021-W19,week,region_3,sentinella_region,all,agegroup_ili_ari,all,2158.1,30697.8,1811,146.59,2.48,falling,21.1,NA,NA,NA,NA,TRUE
consultations,2021-W19,week,region_4,sentinella_region,all,agegroup_ili_ari,all,1531.5,20128.7,1073,183.82,3.45,falling,15,NA,NA,NA,NA,TRUE
consultations,2021-W19,week,region_5,sentinella_region,all,agegroup_ili_ari,all,2385.5,49500.7,2884,92.93,1.6,falling,23.4,NA,NA,NA,NA,TRUE
consultations,2021-W19,week,region_6,sentinella_region,all,agegroup_ili_ari,all,1374.5,12887,1026,248.31,3.12,rising,13.5,NA,NA,NA,NA,TRUE
consultations,2021-W20,week,CH,country,all,agegroup_ili_ari,all,9743.8,208071.3,12782,111.5,1.82,stagnant,100,NA,NA,NA,NA,TRUE
consultations,2021-W20,week,region_1,sentinella_region,all,agegroup_ili_ari,all,1032.7,34251,2315,55.47,0.82,falling,11.2,NA,NA,NA,NA,TRUE
consultations,2021-W20,week,region_2,sentinella_region,all,agegroup_ili_ari,all,2086.2,42428.6,2584,143.77,2.36,rising,22.6,NA,NA,NA,NA,TRUE
consultations,2021-W20,week,region_3,sentinella_region,all,agegroup_ili_ari,all,1695.2,38212.2,2263,115.15,1.94,stagnant,18.3,NA,NA,NA,NA,TRUE
consultations,2021-W20,week,region_4,sentinella_region,all,agegroup_ili_ari,all,989.7,26095.7,1402,118.79,2.21,stagnant,10.7,NA,NA,NA,NA,TRUE
consultations,2021-W20,week,region_5,sentinella_region,all,agegroup_ili_ari,all,2123.2,53200.6,3108,82.71,1.42,falling,23,NA,NA,NA,NA,TRUE
consultations,2021-W20,week,region_6,sentinella_region,all,agegroup_ili_ari,all,1315.8,13883.3,1110,237.7,2.97,stagnant,14.2,NA,NA,NA,NA,TRUE
consultations,2021-W21,week,CH,country,all,agegroup_ili_ari,all,7144.8,182251.1,10683,81.76,1.39,falling,100,NA,NA,NA,NA,TRUE
consultations,2021-W21,week,region_1,sentinella_region,all,agegroup_ili_ari,all,394.5,23593.8,1524,21.19,0.33,falling,6.3,NA,NA,NA,NA,TRUE
consultations,2021-W21,week,region_2,sentinella_region,all,agegroup_ili_ari,all,1689.5,38648.8,2266,116.43,1.99,stagnant,26.8,NA,NA,NA,NA,TRUE
consultations,2021-W21,week,region_3,sentinella_region,all,agegroup_ili_ari,all,1221.8,33739.3,1912,82.99,1.46,falling,19.4,NA,NA,NA,NA,TRUE
consultations,2021-W21,week,region_4,sentinella_region,all,agegroup_ili_ari,all,885.9,25392.9,1305,106.33,2.07,falling,14.1,NA,NA,NA,NA,TRUE
consultations,2021-W21,week,region_5,sentinella_region,all,agegroup_ili_ari,all,1311.7,46967.1,2611,51.1,0.92,falling,20.8,NA,NA,NA,NA,TRUE
consultations,2021-W21,week,region_6,sentinella_region,all,agegroup_ili_ari,all,796,13909.2,1065,143.79,1.88,falling,12.6,NA,NA,NA,NA,TRUE
consultations,2021-W22,week,CH,country,all,agegroup_ili_ari,all,6931.6,220625.1,13068,79.32,1.34,falling,100,NA,NA,NA,NA,TRUE
consultations,2021-W22,week,region_1,sentinella_region,all,agegroup_ili_ari,all,397.5,32783.3,2131,21.35,0.33,falling,6,NA,NA,NA,NA,TRUE
consultations,2021-W22,week,region_2,sentinella_region,all,agegroup_ili_ari,all,1145.2,53215.4,3133,78.92,1.34,falling,17.4,NA,NA,NA,NA,TRUE
consultations,2021-W22,week,region_3,sentinella_region,all,agegroup_ili_ari,all,1355.7,41265.7,2354,92.09,1.61,falling,20.6,NA,NA,NA,NA,TRUE
consultations,2021-W22,week,region_4,sentinella_region,all,agegroup_ili_ari,all,902.2,23088.5,1195,108.28,2.09,falling,13.7,NA,NA,NA,NA,TRUE
consultations,2021-W22,week,region_5,sentinella_region,all,agegroup_ili_ari,all,2168.3,55638,3125,84.47,1.5,falling,33,NA,NA,NA,NA,TRUE
consultations,2021-W22,week,region_6,sentinella_region,all,agegroup_ili_ari,all,605.2,14634.3,1130,109.33,1.42,falling,9.2,NA,NA,NA,NA,TRUE
consultations,2021-W23,week,CH,country,all,agegroup_ili_ari,all,5065.9,215614.2,13454,57.97,0.93,falling,100,NA,NA,NA,NA,TRUE
consultations,2021-W23,week,region_1,sentinella_region,all,agegroup_ili_ari,all,569.1,35979.7,2469,30.57,0.45,falling,11.5,NA,NA,NA,NA,TRUE
consultations,2021-W23,week,region_2,sentinella_region,all,agegroup_ili_ari,all,828.6,42029.6,2600,57.1,0.92,falling,16.8,NA,NA,NA,NA,TRUE
consultations,2021-W23,week,region_3,sentinella_region,all,agegroup_ili_ari,all,1120.9,38089.8,2290,76.14,1.27,falling,22.7,NA,NA,NA,NA,TRUE
consultations,2021-W23,week,region_4,sentinella_region,all,agegroup_ili_ari,all,291.4,25736,1401,34.97,0.64,falling,5.9,NA,NA,NA,NA,TRUE
consultations,2021-W23,week,region_5,sentinella_region,all,agegroup_ili_ari,all,1304.5,59028.6,3494,50.82,0.86,falling,26.4,NA,NA,NA,NA,TRUE
consultations,2021-W23,week,region_6,sentinella_region,all,agegroup_ili_ari,all,825.6,14750.5,1200,149.15,1.83,falling,16.7,NA,NA,NA,NA,TRUE
consultations,2021-W24,week,CH,country,all,agegroup_ili_ari,all,5197,223656.3,13585,59.47,0.98,falling,100,NA,NA,NA,NA,TRUE
consultations,2021-W24,week,region_1,sentinella_region,all,agegroup_ili_ari,all,1008,36944,2472,54.14,0.81,stagnant,19.1,NA,NA,NA,NA,TRUE
consultations,2021-W24,week,region_2,sentinella_region,all,agegroup_ili_ari,all,768.1,45341,2732,52.93,0.88,falling,14.5,NA,NA,NA,NA,TRUE
consultations,2021-W24,week,region_3,sentinella_region,all,agegroup_ili_ari,all,1210.4,40136.9,2357,82.22,1.4,falling,22.9,NA,NA,NA,NA,TRUE
consultations,2021-W24,week,region_4,sentinella_region,all,agegroup_ili_ari,all,293.5,31227.4,1659,35.23,0.66,falling,5.6,NA,NA,NA,NA,TRUE
consultations,2021-W24,week,region_5,sentinella_region,all,agegroup_ili_ari,all,1662.1,55600.1,3224,64.75,1.12,falling,31.4,NA,NA,NA,NA,TRUE
consultations,2021-W24,week,region_6,sentinella_region,all,agegroup_ili_ari,all,345.8,14407,1141,62.47,0.79,falling,6.5,NA,NA,NA,NA,TRUE
consultations,2021-W25,week,CH,country,all,agegroup_ili_ari,all,4727.7,210709.9,12823,54.1,0.89,falling,100,NA,NA,NA,NA,TRUE
consultations,2021-W25,week,region_1,sentinella_region,all,agegroup_ili_ari,all,328,34048.4,2290,17.62,0.26,rising,7,NA,NA,NA,NA,TRUE
consultations,2021-W25,week,region_2,sentinella_region,all,agegroup_ili_ari,all,836.5,46830.8,2838,57.65,0.95,falling,18,NA,NA,NA,NA,TRUE
consultations,2021-W25,week,region_3,sentinella_region,all,agegroup_ili_ari,all,994.9,38474.6,2264,67.58,1.15,falling,21.4,NA,NA,NA,NA,TRUE
consultations,2021-W25,week,region_4,sentinella_region,all,agegroup_ili_ari,all,305.7,27252.4,1454,36.69,0.69,falling,6.6,NA,NA,NA,NA,TRUE
consultations,2021-W25,week,region_5,sentinella_region,all,agegroup_ili_ari,all,1870.3,52156,3024,72.86,1.26,rising,40.1,NA,NA,NA,NA,TRUE
consultations,2021-W25,week,region_6,sentinella_region,all,agegroup_ili_ari,all,324.3,11947.6,953,58.59,0.73,falling,7,NA,NA,NA,NA,TRUE
consultations,2021-W26,week,CH,country,all,agegroup_ili_ari,all,4664.8,191084.8,11692,53.38,0.87,falling,100,NA,NA,NA,NA,TRUE
consultations,2021-W26,week,region_1,sentinella_region,all,agegroup_ili_ari,all,180,31028.3,2116,9.67,0.14,falling,3.8,NA,NA,NA,NA,TRUE
consultations,2021-W26,week,region_2,sentinella_region,all,agegroup_ili_ari,all,421.4,41319.5,2529,29.04,0.47,falling,9,NA,NA,NA,NA,TRUE
consultations,2021-W26,week,region_3,sentinella_region,all,agegroup_ili_ari,all,1040.5,32539.7,1931,70.68,1.19,falling,22.2,NA,NA,NA,NA,TRUE
consultations,2021-W26,week,region_4,sentinella_region,all,agegroup_ili_ari,all,543.1,27613.5,1488,65.19,1.21,falling,11.6,NA,NA,NA,NA,TRUE
consultations,2021-W26,week,region_5,sentinella_region,all,agegroup_ili_ari,all,1714.8,49397.7,2892,66.8,1.14,falling,36.6,NA,NA,NA,NA,TRUE
consultations,2021-W26,week,region_6,sentinella_region,all,agegroup_ili_ari,all,783.4,9186.1,736,141.52,1.77,stagnant,16.7,NA,NA,NA,NA,TRUE
consultations,2021-W27,week,CH,country,all,agegroup_ili_ari,all,5391,196142.2,11613,61.69,1.04,stagnant,100,NA,NA,NA,NA,TRUE
consultations,2021-W27,week,region_1,sentinella_region,all,agegroup_ili_ari,all,261.6,28469.5,1874,14.05,0.21,falling,5.2,NA,NA,NA,NA,TRUE
consultations,2021-W27,week,region_2,sentinella_region,all,agegroup_ili_ari,all,900.7,41891.5,2470,62.07,1.05,falling,18.1,NA,NA,NA,NA,TRUE
consultations,2021-W27,week,region_3,sentinella_region,all,agegroup_ili_ari,all,887.4,31521.3,1812,60.28,1.05,falling,17.8,NA,NA,NA,NA,TRUE
consultations,2021-W27,week,region_4,sentinella_region,all,agegroup_ili_ari,all,779.9,27777.5,1445,93.6,1.8,rising,15.6,NA,NA,NA,NA,TRUE
consultations,2021-W27,week,region_5,sentinella_region,all,agegroup_ili_ari,all,1915.2,54951.7,3119,74.61,1.31,rising,38.4,NA,NA,NA,NA,TRUE
consultations,2021-W27,week,region_6,sentinella_region,all,agegroup_ili_ari,all,240,11530.8,893,43.36,0.56,falling,4.8,NA,NA,NA,NA,TRUE
consultations,2021-W28,week,CH,country,all,agegroup_ili_ari,all,7462.9,192036.6,10314,85.4,1.59,rising,100,NA,NA,NA,NA,TRUE
consultations,2021-W28,week,region_1,sentinella_region,all,agegroup_ili_ari,all,496.2,30019.1,1772,26.65,0.45,falling,7.2,NA,NA,NA,NA,TRUE
consultations,2021-W28,week,region_2,sentinella_region,all,agegroup_ili_ari,all,1048.8,40123.3,2116,72.28,1.37,rising,15.1,NA,NA,NA,NA,TRUE
consultations,2021-W28,week,region_3,sentinella_region,all,agegroup_ili_ari,all,1251.7,29403.8,1521,85.02,1.64,stagnant,18.1,NA,NA,NA,NA,TRUE
consultations,2021-W28,week,region_4,sentinella_region,all,agegroup_ili_ari,all,1304.1,25555.5,1195,156.52,3.35,rising,18.8,NA,NA,NA,NA,TRUE
consultations,2021-W28,week,region_5,sentinella_region,all,agegroup_ili_ari,all,2100.8,52542.6,2702,81.84,1.59,rising,30.3,NA,NA,NA,NA,TRUE
consultations,2021-W28,week,region_6,sentinella_region,all,agegroup_ili_ari,all,730.8,14392.4,1008,132.01,1.88,rising,10.5,NA,NA,NA,NA,TRUE
consultations,2021-W29,week,CH,country,all,agegroup_ili_ari,all,5716,191108.2,9124,65.41,1.37,rising,100,NA,NA,NA,NA,TRUE
consultations,2021-W29,week,region_1,sentinella_region,all,agegroup_ili_ari,all,472.9,31501.9,1641,25.4,0.49,rising,8.5,NA,NA,NA,NA,TRUE
consultations,2021-W29,week,region_2,sentinella_region,all,agegroup_ili_ari,all,958.1,40891.4,1872,66.03,1.44,rising,17.2,NA,NA,NA,NA,TRUE
consultations,2021-W29,week,region_3,sentinella_region,all,agegroup_ili_ari,all,576.4,33204.5,1521,39.15,0.85,falling,10.4,NA,NA,NA,NA,TRUE
consultations,2021-W29,week,region_4,sentinella_region,all,agegroup_ili_ari,all,450.4,24048.5,1007,54.06,1.29,rising,8.1,NA,NA,NA,NA,TRUE
consultations,2021-W29,week,region_5,sentinella_region,all,agegroup_ili_ari,all,2303.4,45694.9,2104,89.73,1.95,rising,41.4,NA,NA,NA,NA,TRUE
consultations,2021-W29,week,region_6,sentinella_region,all,agegroup_ili_ari,all,807.5,15767.1,979,145.87,2.35,rising,14.5,NA,NA,NA,NA,TRUE
consultations,2021-W30,week,CH,country,all,agegroup_ili_ari,all,3477.2,188492.1,7738,39.79,0.97,falling,100,NA,NA,NA,NA,TRUE
consultations,2021-W30,week,region_1,sentinella_region,all,agegroup_ili_ari,all,261.6,28464.5,1275,14.05,0.31,rising,7.7,NA,NA,NA,NA,TRUE
consultations,2021-W30,week,region_2,sentinella_region,all,agegroup_ili_ari,all,702.3,41325.6,1594,48.4,1.25,rising,20.8,NA,NA,NA,NA,TRUE
consultations,2021-W30,week,region_3,sentinella_region,all,agegroup_ili_ari,all,357.9,41141.8,1672,24.31,0.6,falling,10.6,NA,NA,NA,NA,TRUE
consultations,2021-W30,week,region_4,sentinella_region,all,agegroup_ili_ari,all,360.5,25421,917,43.27,1.2,falling,10.7,NA,NA,NA,NA,TRUE
consultations,2021-W30,week,region_5,sentinella_region,all,agegroup_ili_ari,all,1276.6,36199,1444,49.73,1.25,falling,37.8,NA,NA,NA,NA,TRUE
consultations,2021-W30,week,region_6,sentinella_region,all,agegroup_ili_ari,all,416.7,15940.3,836,75.28,1.44,falling,12.3,NA,NA,NA,NA,TRUE
consultations,2021-W31,week,CH,country,all,agegroup_ili_ari,all,3650.2,234644.9,7884,41.77,1.24,falling,100,NA,NA,NA,NA,TRUE
consultations,2021-W31,week,region_1,sentinella_region,all,agegroup_ili_ari,all,366,30524.3,1121,19.66,0.54,stagnant,8.9,NA,NA,NA,NA,TRUE
consultations,2021-W31,week,region_2,sentinella_region,all,agegroup_ili_ari,all,527.6,60511,1873,36.36,1.17,falling,12.8,NA,NA,NA,NA,TRUE
consultations,2021-W31,week,region_3,sentinella_region,all,agegroup_ili_ari,all,460.8,51123.9,1726,31.3,0.93,falling,11.2,NA,NA,NA,NA,TRUE
consultations,2021-W31,week,region_4,sentinella_region,all,agegroup_ili_ari,all,136.9,30426.7,885,16.43,0.56,falling,3.3,NA,NA,NA,NA,TRUE
consultations,2021-W31,week,region_5,sentinella_region,all,agegroup_ili_ari,all,2414.8,44648.8,1470,94.07,2.86,stagnant,58.5,NA,NA,NA,NA,TRUE
consultations,2021-W31,week,region_6,sentinella_region,all,agegroup_ili_ari,all,222.6,17410.2,809,40.21,0.87,falling,5.4,NA,NA,NA,NA,TRUE
consultations,2021-W32,week,CH,country,all,agegroup_ili_ari,all,7180.7,203243.4,9154,82.17,1.82,falling,100,NA,NA,NA,NA,TRUE
consultations,2021-W32,week,region_1,sentinella_region,all,agegroup_ili_ari,all,597.6,28035.3,1388,32.1,0.65,stagnant,8,NA,NA,NA,NA,TRUE
consultations,2021-W32,week,region_2,sentinella_region,all,agegroup_ili_ari,all,1054.1,53691.9,2349,72.64,1.66,falling,14.1,NA,NA,NA,NA,TRUE
consultations,2021-W32,week,region_3,sentinella_region,all,agegroup_ili_ari,all,667.9,39671.9,1787,45.37,1.01,falling,8.9,NA,NA,NA,NA,TRUE
consultations,2021-W32,week,region_4,sentinella_region,all,agegroup_ili_ari,all,723.5,27635.6,1077,86.84,2.23,falling,9.7,NA,NA,NA,NA,TRUE
consultations,2021-W32,week,region_5,sentinella_region,all,agegroup_ili_ari,all,3560.4,43980.8,1942,138.7,3.14,rising,47.7,NA,NA,NA,NA,TRUE
consultations,2021-W32,week,region_6,sentinella_region,all,agegroup_ili_ari,all,866,10227.8,611,156.44,2.62,falling,11.6,NA,NA,NA,NA,TRUE
consultations,2021-W33,week,CH,country,all,agegroup_ili_ari,all,10987.3,219522.1,11370,125.73,2.43,rising,100,NA,NA,NA,NA,TRUE
consultations,2021-W33,week,region_1,sentinella_region,all,agegroup_ili_ari,all,790.3,28271.3,1618,42.45,0.74,rising,7.5,NA,NA,NA,NA,TRUE
consultations,2021-W33,week,region_2,sentinella_region,all,agegroup_ili_ari,all,2281.4,52790.9,2690,157.22,3.09,rising,21.7,NA,NA,NA,NA,TRUE
consultations,2021-W33,week,region_3,sentinella_region,all,agegroup_ili_ari,all,1665.9,45069.2,2283,113.16,2.23,rising,15.8,NA,NA,NA,NA,TRUE
consultations,2021-W33,week,region_4,sentinella_region,all,agegroup_ili_ari,all,827.3,30212.1,1369,99.3,2.19,rising,7.9,NA,NA,NA,NA,TRUE
consultations,2021-W33,week,region_5,sentinella_region,all,agegroup_ili_ari,all,4241.5,50838.9,2578,165.23,3.26,rising,40.3,NA,NA,NA,NA,TRUE
consultations,2021-W33,week,region_6,sentinella_region,all,agegroup_ili_ari,all,717.7,12339.6,832,129.66,1.92,rising,6.8,NA,NA,NA,NA,TRUE
consultations,2021-W34,week,CH,country,all,agegroup_ili_ari,all,13606.3,198464.4,11789,155.7,2.62,rising,100,NA,NA,NA,NA,TRUE
consultations,2021-W34,week,region_1,sentinella_region,all,agegroup_ili_ari,all,1050.1,30144.4,1969,56.4,0.86,rising,8.1,NA,NA,NA,NA,TRUE
consultations,2021-W34,week,region_2,sentinella_region,all,agegroup_ili_ari,all,2938.3,46916.8,2751,202.49,3.45,rising,22.5,NA,NA,NA,NA,TRUE
consultations,2021-W34,week,region_3,sentinella_region,all,agegroup_ili_ari,all,1899.4,34879.4,2000,129.02,2.25,rising,14.6,NA,NA,NA,NA,TRUE
consultations,2021-W34,week,region_4,sentinella_region,all,agegroup_ili_ari,all,1185.4,24599.6,1276,142.28,2.74,rising,9.1,NA,NA,NA,NA,TRUE
consultations,2021-W34,week,region_5,sentinella_region,all,agegroup_ili_ari,all,5267.5,49219.6,2811,205.2,3.59,rising,40.4,NA,NA,NA,NA,TRUE
consultations,2021-W34,week,region_6,sentinella_region,all,agegroup_ili_ari,all,697.1,12704.5,982,125.94,1.63,rising,5.3,NA,NA,NA,NA,TRUE
consultations,2021-W35,week,CH,country,all,agegroup_ili_ari,all,14812.3,193510.7,11624,169.5,2.82,rising,100,NA,NA,NA,NA,TRUE
consultations,2021-W35,week,region_1,sentinella_region,all,agegroup_ili_ari,all,1230.8,28738.1,1905,66.11,1,rising,8.5,NA,NA,NA,NA,TRUE
consultations,2021-W35,week,region_2,sentinella_region,all,agegroup_ili_ari,all,3278.9,41600.7,2459,225.96,3.82,rising,22.6,NA,NA,NA,NA,TRUE
consultations,2021-W35,week,region_3,sentinella_region,all,agegroup_ili_ari,all,2293.1,37879.9,2196,155.76,2.69,rising,15.8,NA,NA,NA,NA,TRUE
consultations,2021-W35,week,region_4,sentinella_region,all,agegroup_ili_ari,all,1190.2,25901.9,1358,142.85,2.72,rising,8.2,NA,NA,NA,NA,TRUE
consultations,2021-W35,week,region_5,sentinella_region,all,agegroup_ili_ari,all,6043.7,45446,2612,235.44,4.1,rising,41.6,NA,NA,NA,NA,TRUE
consultations,2021-W35,week,region_6,sentinella_region,all,agegroup_ili_ari,all,476.4,13944,1094,86.06,1.1,rising,3.3,NA,NA,NA,NA,TRUE
consultations,2021-W36,week,CH,country,all,agegroup_ili_ari,all,17038.9,196433.7,11645,194.98,3.29,rising,100,NA,NA,NA,NA,TRUE
consultations,2021-W36,week,region_1,sentinella_region,all,agegroup_ili_ari,all,1327.6,30853.2,1996,71.31,1.1,rising,8.2,NA,NA,NA,NA,TRUE
consultations,2021-W36,week,region_2,sentinella_region,all,agegroup_ili_ari,all,4257.8,43281.9,2518,293.42,5.04,rising,26.2,NA,NA,NA,NA,TRUE
consultations,2021-W36,week,region_3,sentinella_region,all,agegroup_ili_ari,all,1937.2,37236,2109,131.59,2.32,rising,11.9,NA,NA,NA,NA,TRUE
consultations,2021-W36,week,region_4,sentinella_region,all,agegroup_ili_ari,all,1706.1,16604.2,851,204.77,4,rising,10.5,NA,NA,NA,NA,TRUE
consultations,2021-W36,week,region_5,sentinella_region,all,agegroup_ili_ari,all,6106.9,52122.8,2921,237.9,4.25,rising,37.6,NA,NA,NA,NA,TRUE
consultations,2021-W36,week,region_6,sentinella_region,all,agegroup_ili_ari,all,914.9,16335.6,1250,165.28,2.16,stagnant,5.6,NA,NA,NA,NA,TRUE
consultations,2021-W37,week,CH,country,all,agegroup_ili_ari,all,16297.8,212872.1,12988,186.5,3.06,rising,100,NA,NA,NA,NA,TRUE
consultations,2021-W37,week,region_1,sentinella_region,all,agegroup_ili_ari,all,1410.3,35645.3,2384,75.75,1.13,rising,9,NA,NA,NA,NA,TRUE
consultations,2021-W37,week,region_2,sentinella_region,all,agegroup_ili_ari,all,3256.1,52140.9,3141,224.39,3.72,rising,20.7,NA,NA,NA,NA,TRUE
consultations,2021-W37,week,region_3,sentinella_region,all,agegroup_ili_ari,all,2909.5,32889.4,1923,197.63,3.38,rising,18.5,NA,NA,NA,NA,TRUE
consultations,2021-W37,week,region_4,sentinella_region,all,agegroup_ili_ari,all,1011.1,26370.8,1395,121.35,2.29,rising,6.4,NA,NA,NA,NA,TRUE
consultations,2021-W37,week,region_5,sentinella_region,all,agegroup_ili_ari,all,5418.9,49265.9,2838,211.1,3.66,rising,34.4,NA,NA,NA,NA,TRUE
consultations,2021-W37,week,region_6,sentinella_region,all,agegroup_ili_ari,all,1738.2,16559.8,1307,314.01,3.98,rising,11,NA,NA,NA,NA,TRUE
consultations,2021-W38,week,CH,country,all,agegroup_ili_ari,all,12256.2,210335.2,12685,140.25,2.33,falling,100,NA,NA,NA,NA,TRUE
consultations,2021-W38,week,region_1,sentinella_region,all,agegroup_ili_ari,all,1070.3,26093.6,1736,57.49,0.86,rising,8.8,NA,NA,NA,NA,TRUE
consultations,2021-W38,week,region_2,sentinella_region,all,agegroup_ili_ari,all,1449.2,51064,3055,99.87,1.67,falling,11.9,NA,NA,NA,NA,TRUE
consultations,2021-W38,week,region_3,sentinella_region,all,agegroup_ili_ari,all,2262.2,38397.1,2242,153.66,2.63,rising,18.6,NA,NA,NA,NA,TRUE
consultations,2021-W38,week,region_4,sentinella_region,all,agegroup_ili_ari,all,898,27835.5,1471,107.78,2.04,falling,7.4,NA,NA,NA,NA,TRUE
consultations,2021-W38,week,region_5,sentinella_region,all,agegroup_ili_ari,all,5100.9,52338.1,3030,198.71,3.43,falling,42,NA,NA,NA,NA,TRUE
consultations,2021-W38,week,region_6,sentinella_region,all,agegroup_ili_ari,all,1364.3,14607,1151,246.46,3.13,rising,11.2,NA,NA,NA,NA,TRUE
consultations,2021-W39,week,CH,country,all,agegroup_ili_ari,all,10264.6,201775.4,12196,117.46,1.94,falling,100,NA,NA,NA,NA,TRUE
consultations,2021-W39,week,region_1,sentinella_region,all,agegroup_ili_ari,all,979.3,32319.5,2146,52.6,0.79,falling,9.6,NA,NA,NA,NA,TRUE
consultations,2021-W39,week,region_2,sentinella_region,all,agegroup_ili_ari,all,1659.5,34975.8,2060,114.36,1.94,falling,16.3,NA,NA,NA,NA,TRUE
consultations,2021-W39,week,region_3,sentinella_region,all,agegroup_ili_ari,all,854.8,41336.7,2415,58.06,0.99,falling,8.4,NA,NA,NA,NA,TRUE
consultations,2021-W39,week,region_4,sentinella_region,all,agegroup_ili_ari,all,878.8,28441.3,1503,105.48,2,falling,8.6,NA,NA,NA,NA,TRUE
consultations,2021-W39,week,region_5,sentinella_region,all,agegroup_ili_ari,all,4032.2,49656.9,2891,157.08,2.7,falling,39.6,NA,NA,NA,NA,TRUE
consultations,2021-W39,week,region_6,sentinella_region,all,agegroup_ili_ari,all,1766.1,15045.2,1181,319.04,4.06,rising,17.4,NA,NA,NA,NA,TRUE
consultations,2021-W40,week,CH,country,all,agegroup_ili_ari,all,9476.3,196423.9,10698,108.44,1.99,falling,100,NA,NA,NA,NA,TRUE
consultations,2021-W40,week,region_1,sentinella_region,all,agegroup_ili_ari,all,1679.1,32156,1910,90.19,1.52,rising,18.1,NA,NA,NA,NA,TRUE
consultations,2021-W40,week,region_2,sentinella_region,all,agegroup_ili_ari,all,1064.8,36793.6,1947,73.38,1.39,falling,11.5,NA,NA,NA,NA,TRUE
consultations,2021-W40,week,region_3,sentinella_region,all,agegroup_ili_ari,all,1413.9,29154,1535,96.04,1.82,falling,15.2,NA,NA,NA,NA,TRUE
consultations,2021-W40,week,region_4,sentinella_region,all,agegroup_ili_ari,all,809.5,24701.7,1157,97.16,2.07,falling,8.7,NA,NA,NA,NA,TRUE
consultations,2021-W40,week,region_5,sentinella_region,all,agegroup_ili_ari,all,3247.3,56126.8,2918,126.5,2.43,falling,35,NA,NA,NA,NA,TRUE
consultations,2021-W40,week,region_6,sentinella_region,all,agegroup_ili_ari,all,1076,17491.8,1231,194.38,2.76,rising,11.6,NA,NA,NA,NA,TRUE
consultations,2021-W41,week,CH,country,all,agegroup_ili_ari,all,7694.5,189674.4,9183,88.05,1.82,falling,100,NA,NA,NA,NA,TRUE
consultations,2021-W41,week,region_1,sentinella_region,all,agegroup_ili_ari,all,531.9,34997.1,1831,28.57,0.55,falling,6.5,NA,NA,NA,NA,TRUE
consultations,2021-W41,week,region_2,sentinella_region,all,agegroup_ili_ari,all,916.6,50655.2,2369,63.17,1.35,falling,11.3,NA,NA,NA,NA,TRUE
consultations,2021-W41,week,region_3,sentinella_region,all,agegroup_ili_ari,all,394.3,33603.5,1553,26.78,0.58,falling,4.8,NA,NA,NA,NA,TRUE
consultations,2021-W41,week,region_4,sentinella_region,all,agegroup_ili_ari,all,1416.4,13529.1,552,170,4.17,rising,17.4,NA,NA,NA,NA,TRUE
consultations,2021-W41,week,region_5,sentinella_region,all,agegroup_ili_ari,all,3782.5,39362.4,1792,147.35,3.24,falling,46.4,NA,NA,NA,NA,TRUE
consultations,2021-W41,week,region_6,sentinella_region,all,agegroup_ili_ari,all,1105.4,17527.1,1086,199.69,3.22,falling,13.6,NA,NA,NA,NA,TRUE
consultations,2021-W42,week,CH,country,all,agegroup_ili_ari,all,9258.7,202927.2,11198,105.95,1.92,falling,100,NA,NA,NA,NA,TRUE
consultations,2021-W42,week,region_1,sentinella_region,all,agegroup_ili_ari,all,694.1,29503.5,1790,37.28,0.61,falling,7.1,NA,NA,NA,NA,TRUE
consultations,2021-W42,week,region_2,sentinella_region,all,agegroup_ili_ari,all,1303.9,46737.5,2541,89.86,1.65,falling,13.3,NA,NA,NA,NA,TRUE
consultations,2021-W42,week,region_3,sentinella_region,all,agegroup_ili_ari,all,967.8,44114,2348,65.74,1.24,falling,9.9,NA,NA,NA,NA,TRUE
consultations,2021-W42,week,region_4,sentinella_region,all,agegroup_ili_ari,all,629.6,27787.4,1335,75.57,1.57,stagnant,6.4,NA,NA,NA,NA,TRUE
consultations,2021-W42,week,region_5,sentinella_region,all,agegroup_ili_ari,all,4894.5,38810.8,2043,190.67,3.62,falling,49.9,NA,NA,NA,NA,TRUE
consultations,2021-W42,week,region_6,sentinella_region,all,agegroup_ili_ari,all,1316.9,15974.1,1141,237.89,3.33,falling,13.4,NA,NA,NA,NA,TRUE
consultations,2021-W43,week,CH,country,all,agegroup_ili_ari,all,13306.6,197672.2,12670,152.27,2.38,rising,100,NA,NA,NA,NA,TRUE
consultations,2021-W43,week,region_1,sentinella_region,all,agegroup_ili_ari,all,754.4,24678.1,1731,40.52,0.58,falling,5.7,NA,NA,NA,NA,TRUE
consultations,2021-W43,week,region_2,sentinella_region,all,agegroup_ili_ari,all,2133.4,43532.1,2725,147.02,2.35,rising,16.1,NA,NA,NA,NA,TRUE
consultations,2021-W43,week,region_3,sentinella_region,all,agegroup_ili_ari,all,1559.5,41535.7,2575,105.93,1.71,rising,11.7,NA,NA,NA,NA,TRUE
consultations,2021-W43,week,region_4,sentinella_region,all,agegroup_ili_ari,all,945.4,26439.4,1482,113.47,2.02,stagnant,7.1,NA,NA,NA,NA,TRUE
consultations,2021-W43,week,region_5,sentinella_region,all,agegroup_ili_ari,all,6739.7,45705.5,2826,262.55,4.25,rising,50.7,NA,NA,NA,NA,TRUE
consultations,2021-W43,week,region_6,sentinella_region,all,agegroup_ili_ari,all,1157.5,15781.4,1331,209.11,2.48,falling,8.7,NA,NA,NA,NA,TRUE
consultations,2021-W44,week,CH,country,all,agegroup_ili_ari,all,15463.3,201184.2,12503,176.95,2.85,rising,100,NA,NA,NA,NA,TRUE
consultations,2021-W44,week,region_1,sentinella_region,all,agegroup_ili_ari,all,1718.2,33590.5,2308,92.29,1.34,rising,11,NA,NA,NA,NA,TRUE
consultations,2021-W44,week,region_2,sentinella_region,all,agegroup_ili_ari,all,2666.5,44622.3,2744,183.76,2.99,rising,17,NA,NA,NA,NA,TRUE
consultations,2021-W44,week,region_3,sentinella_region,all,agegroup_ili_ari,all,2450.5,39051.5,2365,166.45,2.75,rising,15.6,NA,NA,NA,NA,TRUE
consultations,2021-W44,week,region_4,sentinella_region,all,agegroup_ili_ari,all,1322.1,26468.6,1440,158.68,2.92,rising,8.4,NA,NA,NA,NA,TRUE
consultations,2021-W44,week,region_5,sentinella_region,all,agegroup_ili_ari,all,5393,48551.6,2920,210.09,3.49,rising,34.4,NA,NA,NA,NA,TRUE
consultations,2021-W44,week,region_6,sentinella_region,all,agegroup_ili_ari,all,2114.8,8899.6,726,382.04,4.68,rising,13.5,NA,NA,NA,NA,TRUE
consultations,2021-W45,week,CH,country,all,agegroup_ili_ari,all,19696.4,200101.5,13365,225.39,3.37,rising,100,NA,NA,NA,NA,TRUE
consultations,2021-W45,week,region_1,sentinella_region,all,agegroup_ili_ari,all,2250.3,29783.4,2189,120.87,1.64,rising,11.7,NA,NA,NA,NA,TRUE
consultations,2021-W45,week,region_2,sentinella_region,all,agegroup_ili_ari,all,3932.9,44644.8,2947,271.03,4.11,rising,20.4,NA,NA,NA,NA,TRUE
consultations,2021-W45,week,region_3,sentinella_region,all,agegroup_ili_ari,all,3095.7,34716.2,2233,210.28,3.27,rising,16.1,NA,NA,NA,NA,TRUE
consultations,2021-W45,week,region_4,sentinella_region,all,agegroup_ili_ari,all,1392.4,25131.9,1460,167.12,2.88,rising,7.2,NA,NA,NA,NA,TRUE
consultations,2021-W45,week,region_5,sentinella_region,all,agegroup_ili_ari,all,7273.6,50820.4,3232,283.35,4.46,rising,37.8,NA,NA,NA,NA,TRUE
consultations,2021-W45,week,region_6,sentinella_region,all,agegroup_ili_ari,all,1291.2,15004.8,1304,233.26,2.68,rising,6.7,NA,NA,NA,NA,TRUE
consultations,2021-W46,week,CH,country,all,agegroup_ili_ari,all,23150.8,205723.9,13750,264.92,3.96,rising,100,NA,NA,NA,NA,TRUE
consultations,2021-W46,week,region_1,sentinella_region,all,agegroup_ili_ari,all,3801,28899.1,2144,204.16,2.75,rising,16.4,NA,NA,NA,NA,TRUE
consultations,2021-W46,week,region_2,sentinella_region,all,agegroup_ili_ari,all,4466.7,45156.3,2996,307.82,4.64,rising,19.3,NA,NA,NA,NA,TRUE
consultations,2021-W46,week,region_3,sentinella_region,all,agegroup_ili_ari,all,3306.4,38292.3,2471,224.59,3.48,rising,14.3,NA,NA,NA,NA,TRUE
consultations,2021-W46,week,region_4,sentinella_region,all,agegroup_ili_ari,all,1686.7,28650.2,1675,202.44,3.46,rising,7.3,NA,NA,NA,NA,TRUE
consultations,2021-W46,week,region_5,sentinella_region,all,agegroup_ili_ari,all,8378.7,49631.9,3150,326.4,5.14,rising,36.2,NA,NA,NA,NA,TRUE
consultations,2021-W46,week,region_6,sentinella_region,all,agegroup_ili_ari,all,1503.6,15094.1,1314,271.63,3.12,rising,6.5,NA,NA,NA,NA,TRUE
consultations,2021-W47,week,CH,country,all,agegroup_ili_ari,all,31115.3,205866.5,13683,356.06,5.36,rising,100,NA,NA,NA,NA,TRUE
consultations,2021-W47,week,region_1,sentinella_region,all,agegroup_ili_ari,all,4144.3,27852.1,2061,222.6,3.01,rising,13.6,NA,NA,NA,NA,TRUE
consultations,2021-W47,week,region_2,sentinella_region,all,agegroup_ili_ari,all,6097,44743.8,2962,420.17,6.35,rising,20,NA,NA,NA,NA,TRUE
consultations,2021-W47,week,region_3,sentinella_region,all,agegroup_ili_ari,all,4168.8,38493.3,2468,283.17,4.42,rising,13.7,NA,NA,NA,NA,TRUE
consultations,2021-W47,week,region_4,sentinella_region,all,agegroup_ili_ari,all,2445.8,26571.5,1550,293.55,5.03,rising,8,NA,NA,NA,NA,TRUE
consultations,2021-W47,week,region_5,sentinella_region,all,agegroup_ili_ari,all,11508.4,53087.3,3334,448.32,7.14,rising,37.7,NA,NA,NA,NA,TRUE
consultations,2021-W47,week,region_6,sentinella_region,all,agegroup_ili_ari,all,2123.7,15118.5,1308,383.64,4.43,rising,7,NA,NA,NA,NA,TRUE
consultations,2021-W48,week,CH,country,all,agegroup_ili_ari,all,35756.5,209205,13770,409.17,6.22,rising,100,NA,NA,NA,NA,TRUE
consultations,2021-W48,week,region_1,sentinella_region,all,agegroup_ili_ari,all,4441.3,32697.2,2376,238.55,3.28,rising,12.7,NA,NA,NA,NA,TRUE
consultations,2021-W48,week,region_2,sentinella_region,all,agegroup_ili_ari,all,7472.3,47188.9,3106,514.95,7.82,rising,21.4,NA,NA,NA,NA,TRUE
consultations,2021-W48,week,region_3,sentinella_region,all,agegroup_ili_ari,all,5114.2,36557.8,2317,347.39,5.48,rising,14.7,NA,NA,NA,NA,TRUE
consultations,2021-W48,week,region_4,sentinella_region,all,agegroup_ili_ari,all,2621,27974,1616,314.58,5.45,rising,7.5,NA,NA,NA,NA,TRUE
consultations,2021-W48,week,region_5,sentinella_region,all,agegroup_ili_ari,all,12105.2,49833.3,3075,471.57,7.64,rising,34.7,NA,NA,NA,NA,TRUE
consultations,2021-W48,week,region_6,sentinella_region,all,agegroup_ili_ari,all,3146.5,14953.7,1280,568.42,6.64,rising,9,NA,NA,NA,NA,TRUE
consultations,2021-W49,week,CH,country,all,agegroup_ili_ari,all,32151.8,213087.1,14325,367.92,5.47,rising,100,NA,NA,NA,NA,TRUE
consultations,2021-W49,week,region_1,sentinella_region,all,agegroup_ili_ari,all,4247.3,31999.1,2391,228.13,3.05,rising,13.7,NA,NA,NA,NA,TRUE
consultations,2021-W49,week,region_2,sentinella_region,all,agegroup_ili_ari,all,7110.7,50200.8,3364,490.03,7.31,rising,22.9,NA,NA,NA,NA,TRUE
consultations,2021-W49,week,region_3,sentinella_region,all,agegroup_ili_ari,all,4431.3,41196.3,2662,301,4.66,rising,14.3,NA,NA,NA,NA,TRUE
consultations,2021-W49,week,region_4,sentinella_region,all,agegroup_ili_ari,all,2334,22846.6,1349,280.13,4.74,rising,7.5,NA,NA,NA,NA,TRUE
consultations,2021-W49,week,region_5,sentinella_region,all,agegroup_ili_ari,all,10571.7,52692.1,3324,411.83,6.53,rising,34.1,NA,NA,NA,NA,TRUE
consultations,2021-W49,week,region_6,sentinella_region,all,agegroup_ili_ari,all,2346.9,14152.3,1235,423.96,4.86,rising,7.6,NA,NA,NA,NA,TRUE
consultations,2021-W50,week,CH,country,all,agegroup_ili_ari,all,28890.4,215366.5,14968,330.6,4.76,rising,100,NA,NA,NA,NA,TRUE
consultations,2021-W50,week,region_1,sentinella_region,all,agegroup_ili_ari,all,5241.9,33742.2,2587,281.55,3.67,rising,18.3,NA,NA,NA,NA,TRUE
consultations,2021-W50,week,region_2,sentinella_region,all,agegroup_ili_ari,all,5399,49722.1,3445,372.07,5.37,rising,18.8,NA,NA,NA,NA,TRUE
consultations,2021-W50,week,region_3,sentinella_region,all,agegroup_ili_ari,all,4171.6,40937.2,2734,283.36,4.24,rising,14.5,NA,NA,NA,NA,TRUE
consultations,2021-W50,week,region_4,sentinella_region,all,agegroup_ili_ari,all,2492.9,27072.2,1647,299.2,4.92,rising,8.7,NA,NA,NA,NA,TRUE
consultations,2021-W50,week,region_5,sentinella_region,all,agegroup_ili_ari,all,9231.7,48661.7,3179,359.63,5.5,rising,32.1,NA,NA,NA,NA,TRUE
consultations,2021-W50,week,region_6,sentinella_region,all,agegroup_ili_ari,all,2180.6,15231.1,1376,393.93,4.36,rising,7.6,NA,NA,NA,NA,TRUE
consultations,2021-W51,week,CH,country,all,agegroup_ili_ari,all,28803.9,148055.7,10277,329.61,4.75,falling,100,NA,NA,NA,NA,TRUE
consultations,2021-W51,week,region_1,sentinella_region,all,agegroup_ili_ari,all,5165.5,21264.9,1640,277.45,3.6,rising,18.7,NA,NA,NA,NA,TRUE
consultations,2021-W51,week,region_2,sentinella_region,all,agegroup_ili_ari,all,6135.7,34528.6,2394,422.84,6.1,falling,22.2,NA,NA,NA,NA,TRUE
consultations,2021-W51,week,region_3,sentinella_region,all,agegroup_ili_ari,all,3093.8,23316.2,1549,210.15,3.16,falling,11.2,NA,NA,NA,NA,TRUE
consultations,2021-W51,week,region_4,sentinella_region,all,agegroup_ili_ari,all,2105.9,23738.4,1442,252.76,4.16,falling,7.6,NA,NA,NA,NA,TRUE
consultations,2021-W51,week,region_5,sentinella_region,all,agegroup_ili_ari,all,7895.3,32838.6,2136,307.57,4.73,falling,28.5,NA,NA,NA,NA,TRUE
consultations,2021-W51,week,region_6,sentinella_region,all,agegroup_ili_ari,all,3267,12369.1,1116,590.18,6.54,rising,11.8,NA,NA,NA,NA,TRUE
consultations,2021-W52,week,CH,country,all,agegroup_ili_ari,all,20855.1,186049.8,5741,238.65,7.73,falling,100,NA,NA,NA,NA,TRUE
consultations,2021-W52,week,region_1,sentinella_region,all,agegroup_ili_ari,all,1296,30166.5,999,69.61,2.1,falling,6.8,NA,NA,NA,NA,TRUE
consultations,2021-W52,week,region_2,sentinella_region,all,agegroup_ili_ari,all,4100.3,62284.5,1891,282.57,9.31,falling,21.6,NA,NA,NA,NA,TRUE
consultations,2021-W52,week,region_3,sentinella_region,all,agegroup_ili_ari,all,2890.8,13241.3,386,196.36,6.74,falling,15.2,NA,NA,NA,NA,TRUE
consultations,2021-W52,week,region_4,sentinella_region,all,agegroup_ili_ari,all,1567.6,20196.9,538,188.15,7.06,falling,8.3,NA,NA,NA,NA,TRUE
consultations,2021-W52,week,region_5,sentinella_region,all,agegroup_ili_ari,all,7054.6,41845,1201,274.82,9.58,falling,37.2,NA,NA,NA,NA,TRUE
consultations,2021-W52,week,region_6,sentinella_region,all,agegroup_ili_ari,all,2055.2,18315.7,726,371.27,9.37,falling,10.8,NA,NA,NA,NA,TRUE
consultations,2022-W01,week,CH,country,all,agegroup_ili_ari,all,28595.3,263268.3,10370,324.38,8.24,falling,100,NA,NA,NA,NA,TRUE
consultations,2022-W01,week,region_1,sentinella_region,all,agegroup_ili_ari,all,3004.5,38761.1,1639,159.95,3.78,falling,10.2,NA,NA,NA,NA,TRUE
consultations,2022-W01,week,region_2,sentinella_region,all,agegroup_ili_ari,all,4906.3,53258,2159,336.1,8.29,falling,16.6,NA,NA,NA,NA,TRUE
consultations,2022-W01,week,region_3,sentinella_region,all,agegroup_ili_ari,all,5314.8,50845.9,1986,357.94,9.16,rising,18,NA,NA,NA,NA,TRUE
consultations,2022-W01,week,region_4,sentinella_region,all,agegroup_ili_ari,all,1561.2,46349.6,1629,185.55,5.28,falling,5.3,NA,NA,NA,NA,TRUE
consultations,2022-W01,week,region_5,sentinella_region,all,agegroup_ili_ari,all,11962.5,64197.1,2426,461.08,12.2,rising,40.5,NA,NA,NA,NA,TRUE
consultations,2022-W01,week,region_6,sentinella_region,all,agegroup_ili_ari,all,2766.8,9856.6,531,497.13,9.23,rising,9.4,NA,NA,NA,NA,TRUE
consultations,2022-W02,week,CH,country,all,agegroup_ili_ari,all,44303.5,202360.2,13347,502.57,7.62,rising,100,NA,NA,NA,NA,TRUE
consultations,2022-W02,week,region_1,sentinella_region,all,agegroup_ili_ari,all,5110.2,34184.8,2454,272.05,3.79,falling,11.7,NA,NA,NA,NA,TRUE
consultations,2022-W02,week,region_2,sentinella_region,all,agegroup_ili_ari,all,8156.9,45456,3017,558.78,8.42,rising,18.6,NA,NA,NA,NA,TRUE
consultations,2022-W02,week,region_3,sentinella_region,all,agegroup_ili_ari,all,8703.6,37873.5,2423,586.16,9.16,rising,19.8,NA,NA,NA,NA,TRUE
consultations,2022-W02,week,region_4,sentinella_region,all,agegroup_ili_ari,all,3013.6,28477.4,1646,358.18,6.2,rising,6.9,NA,NA,NA,NA,TRUE
consultations,2022-W02,week,region_5,sentinella_region,all,agegroup_ili_ari,all,14160.2,43606.4,2685,545.79,8.86,rising,32.3,NA,NA,NA,NA,TRUE
consultations,2022-W02,week,region_6,sentinella_region,all,agegroup_ili_ari,all,4709.9,12762.1,1122,846.25,9.63,rising,10.7,NA,NA,NA,NA,TRUE
consultations,2022-W03,week,CH,country,all,agegroup_ili_ari,all,46703.9,189127.1,12665,529.8,7.91,rising,100,NA,NA,NA,NA,TRUE
consultations,2022-W03,week,region_1,sentinella_region,all,agegroup_ili_ari,all,6623.4,27509.4,2018,352.61,4.81,rising,14.1,NA,NA,NA,NA,TRUE
consultations,2022-W03,week,region_2,sentinella_region,all,agegroup_ili_ari,all,8111.9,42109,2852,555.7,8.2,rising,17.3,NA,NA,NA,NA,TRUE
consultations,2022-W03,week,region_3,sentinella_region,all,agegroup_ili_ari,all,11392.6,35320.3,2300,767.26,11.78,rising,24.3,NA,NA,NA,NA,TRUE
consultations,2022-W03,week,region_4,sentinella_region,all,agegroup_ili_ari,all,1647.4,30132.4,1770,195.8,3.33,rising,3.5,NA,NA,NA,NA,TRUE
consultations,2022-W03,week,region_5,sentinella_region,all,agegroup_ili_ari,all,14252.3,40594.1,2522,549.34,8.84,rising,30.4,NA,NA,NA,NA,TRUE
consultations,2022-W03,week,region_6,sentinella_region,all,agegroup_ili_ari,all,4878.6,13461.8,1203,876.56,9.81,rising,10.4,NA,NA,NA,NA,TRUE
consultations,2022-W04,week,CH,country,all,agegroup_ili_ari,all,43893.6,196014.9,12839,497.92,7.6,rising,100,NA,NA,NA,NA,TRUE
consultations,2022-W04,week,region_1,sentinella_region,all,agegroup_ili_ari,all,6151.9,30838.3,2205,327.51,4.58,rising,14.1,NA,NA,NA,NA,TRUE
consultations,2022-W04,week,region_2,sentinella_region,all,agegroup_ili_ari,all,8864.4,42321.8,2811,607.25,9.14,rising,20.3,NA,NA,NA,NA,TRUE
consultations,2022-W04,week,region_3,sentinella_region,all,agegroup_ili_ari,all,6921.4,32179.2,2051,466.14,7.31,rising,15.8,NA,NA,NA,NA,TRUE
consultations,2022-W04,week,region_4,sentinella_region,all,agegroup_ili_ari,all,2550.2,29363,1677,303.1,5.31,rising,5.8,NA,NA,NA,NA,TRUE
consultations,2022-W04,week,region_5,sentinella_region,all,agegroup_ili_ari,all,15259,47267.4,2865,588.14,9.7,rising,34.9,NA,NA,NA,NA,TRUE
consultations,2022-W04,week,region_6,sentinella_region,all,agegroup_ili_ari,all,4002.3,14045.2,1230,719.11,8.21,rising,9.1,NA,NA,NA,NA,TRUE
consultations,2022-W05,week,CH,country,all,agegroup_ili_ari,all,37135.7,185871.3,11931,421.26,6.56,rising,100,NA,NA,NA,NA,TRUE
consultations,2022-W05,week,region_1,sentinella_region,all,agegroup_ili_ari,all,3492.3,30657.6,2150,185.92,2.65,rising,9.2,NA,NA,NA,NA,TRUE
consultations,2022-W05,week,region_2,sentinella_region,all,agegroup_ili_ari,all,6042.3,42037.3,2749,413.92,6.33,rising,15.9,NA,NA,NA,NA,TRUE
consultations,2022-W05,week,region_3,sentinella_region,all,agegroup_ili_ari,all,10455.4,29113.6,1832,704.14,11.19,rising,27.5,NA,NA,NA,NA,TRUE
consultations,2022-W05,week,region_4,sentinella_region,all,agegroup_ili_ari,all,1975.7,29383.9,1643,234.82,4.2,rising,5.2,NA,NA,NA,NA,TRUE
consultations,2022-W05,week,region_5,sentinella_region,all,agegroup_ili_ari,all,13063.8,42500.2,2512,503.53,8.52,rising,34.4,NA,NA,NA,NA,TRUE
consultations,2022-W05,week,region_6,sentinella_region,all,agegroup_ili_ari,all,2924.8,12178.6,1045,525.51,6.12,falling,7.7,NA,NA,NA,NA,TRUE
consultations,2022-W06,week,CH,country,all,agegroup_ili_ari,all,28354.7,187469.7,11860,321.65,5.08,falling,100,NA,NA,NA,NA,TRUE
consultations,2022-W06,week,region_1,sentinella_region,all,agegroup_ili_ari,all,2991.5,32024.1,2196,159.26,2.32,falling,10.7,NA,NA,NA,NA,TRUE
consultations,2022-W06,week,region_2,sentinella_region,all,agegroup_ili_ari,all,4733.3,34233.3,2236,324.25,4.96,falling,16.9,NA,NA,NA,NA,TRUE
consultations,2022-W06,week,region_3,sentinella_region,all,agegroup_ili_ari,all,6488,37075.1,2291,436.95,7.07,falling,23.1,NA,NA,NA,NA,TRUE
consultations,2022-W06,week,region_4,sentinella_region,all,agegroup_ili_ari,all,1894.1,25763.5,1421,225.12,4.08,falling,6.7,NA,NA,NA,NA,TRUE
consultations,2022-W06,week,region_5,sentinella_region,all,agegroup_ili_ari,all,9973.6,46043.3,2672,384.42,6.62,falling,35.5,NA,NA,NA,NA,TRUE
consultations,2022-W06,week,region_6,sentinella_region,all,agegroup_ili_ari,all,1986,12330.4,1044,356.84,4.21,falling,7.1,NA,NA,NA,NA,TRUE
consultations,2022-W07,week,CH,country,all,agegroup_ili_ari,all,22474.8,191406.5,11909,254.95,4.1,falling,100,NA,NA,NA,NA,TRUE
consultations,2022-W07,week,region_1,sentinella_region,all,agegroup_ili_ari,all,3404.6,29793.2,2042,181.25,2.64,falling,14.5,NA,NA,NA,NA,TRUE
consultations,2022-W07,week,region_2,sentinella_region,all,agegroup_ili_ari,all,3225.6,40276.4,2551,220.97,3.49,falling,13.7,NA,NA,NA,NA,TRUE
consultations,2022-W07,week,region_3,sentinella_region,all,agegroup_ili_ari,all,3664,38499,2334,246.76,4.07,falling,15.6,NA,NA,NA,NA,TRUE
consultations,2022-W07,week,region_4,sentinella_region,all,agegroup_ili_ari,all,1559.4,30214.1,1636,185.34,3.42,falling,6.6,NA,NA,NA,NA,TRUE
consultations,2022-W07,week,region_5,sentinella_region,all,agegroup_ili_ari,all,9836.8,40089.9,2304,379.15,6.6,falling,41.8,NA,NA,NA,NA,TRUE
consultations,2022-W07,week,region_6,sentinella_region,all,agegroup_ili_ari,all,1865,12533.9,1042,335.09,4.03,falling,7.9,NA,NA,NA,NA,TRUE
consultations,2022-W08,week,CH,country,all,agegroup_ili_ari,all,18514.1,177125,11069,210.02,3.36,falling,100,NA,NA,NA,NA,TRUE
consultations,2022-W08,week,region_1,sentinella_region,all,agegroup_ili_ari,all,1120.1,28507,1924,59.63,0.88,falling,6.1,NA,NA,NA,NA,TRUE
consultations,2022-W08,week,region_2,sentinella_region,all,agegroup_ili_ari,all,2014.3,36960.4,2334,137.99,2.19,falling,10.9,NA,NA,NA,NA,TRUE
consultations,2022-W08,week,region_3,sentinella_region,all,agegroup_ili_ari,all,3275.6,35358.2,2145,220.6,3.64,falling,17.8,NA,NA,NA,NA,TRUE
consultations,2022-W08,week,region_4,sentinella_region,all,agegroup_ili_ari,all,2133.4,21296.9,1155,253.56,4.68,falling,11.6,NA,NA,NA,NA,TRUE
consultations,2022-W08,week,region_5,sentinella_region,all,agegroup_ili_ari,all,8274.5,42955.7,2507,318.93,5.46,falling,44.9,NA,NA,NA,NA,TRUE
consultations,2022-W08,week,region_6,sentinella_region,all,agegroup_ili_ari,all,1617,12046.7,1004,290.54,3.49,falling,8.8,NA,NA,NA,NA,TRUE
consultations,2022-W09,week,CH,country,all,agegroup_ili_ari,all,24636.4,176404,10728,279.47,4.6,falling,100,NA,NA,NA,NA,TRUE
consultations,2022-W09,week,region_1,sentinella_region,all,agegroup_ili_ari,all,2168.8,23385.3,1580,115.46,1.71,falling,9.1,NA,NA,NA,NA,TRUE
consultations,2022-W09,week,region_2,sentinella_region,all,agegroup_ili_ari,all,2950.3,36613.2,2276,202.11,3.25,falling,12.4,NA,NA,NA,NA,TRUE
consultations,2022-W09,week,region_3,sentinella_region,all,agegroup_ili_ari,all,4729.5,36418,2153,318.52,5.39,falling,19.9,NA,NA,NA,NA,TRUE
consultations,2022-W09,week,region_4,sentinella_region,all,agegroup_ili_ari,all,2600.3,22649.2,1226,309.06,5.71,rising,11,NA,NA,NA,NA,TRUE
consultations,2022-W09,week,region_5,sentinella_region,all,agegroup_ili_ari,all,9856,47645.4,2706,379.89,6.69,falling,41.5,NA,NA,NA,NA,TRUE
consultations,2022-W09,week,region_6,sentinella_region,all,agegroup_ili_ari,all,1435.5,9692.9,787,257.92,3.18,falling,6,NA,NA,NA,NA,TRUE
consultations,2022-W10,week,CH,country,all,agegroup_ili_ari,all,31135.9,197054.7,12228,353.2,5.69,rising,100,NA,NA,NA,NA,TRUE
consultations,2022-W10,week,region_1,sentinella_region,all,agegroup_ili_ari,all,3112.7,34397.9,2330,165.71,2.45,falling,9.6,NA,NA,NA,NA,TRUE
consultations,2022-W10,week,region_2,sentinella_region,all,agegroup_ili_ari,all,3203.3,43292.3,2725,219.44,3.49,falling,9.9,NA,NA,NA,NA,TRUE
consultations,2022-W10,week,region_3,sentinella_region,all,agegroup_ili_ari,all,7382.3,29365.8,1768,497.18,8.26,rising,22.7,NA,NA,NA,NA,TRUE
consultations,2022-W10,week,region_4,sentinella_region,all,agegroup_ili_ari,all,2480.7,29846.7,1617,294.84,5.44,rising,7.6,NA,NA,NA,NA,TRUE
consultations,2022-W10,week,region_5,sentinella_region,all,agegroup_ili_ari,all,13763.3,47880,2770,530.49,9.17,rising,42.4,NA,NA,NA,NA,TRUE
consultations,2022-W10,week,region_6,sentinella_region,all,agegroup_ili_ari,all,2539.7,12272,1018,456.32,5.5,rising,7.8,NA,NA,NA,NA,TRUE
consultations,2022-W11,week,CH,country,all,agegroup_ili_ari,all,33302.8,195878.7,12666,377.78,5.84,rising,100,NA,NA,NA,NA,TRUE
consultations,2022-W11,week,region_1,sentinella_region,all,agegroup_ili_ari,all,3780.1,32299.6,2295,201.24,2.83,rising,11.2,NA,NA,NA,NA,TRUE
consultations,2022-W11,week,region_2,sentinella_region,all,agegroup_ili_ari,all,4414.3,40344.1,2638,302.4,4.62,rising,13.1,NA,NA,NA,NA,TRUE
consultations,2022-W11,week,region_3,sentinella_region,all,agegroup_ili_ari,all,6269,36949,2314,422.2,6.74,rising,18.7,NA,NA,NA,NA,TRUE
consultations,2022-W11,week,region_4,sentinella_region,all,agegroup_ili_ari,all,2388.5,24306.1,1384,283.88,4.99,rising,7.1,NA,NA,NA,NA,TRUE
consultations,2022-W11,week,region_5,sentinella_region,all,agegroup_ili_ari,all,14303.4,49518.7,2961,551.31,9.22,rising,42.6,NA,NA,NA,NA,TRUE
consultations,2022-W11,week,region_6,sentinella_region,all,agegroup_ili_ari,all,2456.5,12461.2,1074,441.37,5.12,rising,7.3,NA,NA,NA,NA,TRUE
consultations,2022-W12,week,CH,country,all,agegroup_ili_ari,all,28775.2,196986.7,12251,326.42,5.25,rising,100,NA,NA,NA,NA,TRUE
consultations,2022-W12,week,region_1,sentinella_region,all,agegroup_ili_ari,all,3496.8,32766.9,2254,186.16,2.71,rising,11.8,NA,NA,NA,NA,TRUE
consultations,2022-W12,week,region_2,sentinella_region,all,agegroup_ili_ari,all,4464.6,40870.8,2573,305.84,4.86,rising,15.1,NA,NA,NA,NA,TRUE
consultations,2022-W12,week,region_3,sentinella_region,all,agegroup_ili_ari,all,5386.6,36937.9,2239,362.77,5.98,rising,18.3,NA,NA,NA,NA,TRUE
consultations,2022-W12,week,region_4,sentinella_region,all,agegroup_ili_ari,all,1015.5,25685.8,1410,120.69,2.2,falling,3.4,NA,NA,NA,NA,TRUE
consultations,2022-W12,week,region_5,sentinella_region,all,agegroup_ili_ari,all,12356,49554.2,2846,476.25,8.29,rising,41.9,NA,NA,NA,NA,TRUE
consultations,2022-W12,week,region_6,sentinella_region,all,agegroup_ili_ari,all,2790,11171.2,929,501.29,6.03,rising,9.5,NA,NA,NA,NA,TRUE
consultations,2022-W13,week,CH,country,all,agegroup_ili_ari,all,20144,221434.5,13019,228.51,3.89,falling,100,NA,NA,NA,NA,TRUE
consultations,2022-W13,week,region_1,sentinella_region,all,agegroup_ili_ari,all,4051.3,37091.9,2385,215.68,3.35,rising,19.3,NA,NA,NA,NA,TRUE
consultations,2022-W13,week,region_2,sentinella_region,all,agegroup_ili_ari,all,3135.4,47021.7,2802,214.79,3.6,rising,15,NA,NA,NA,NA,TRUE
consultations,2022-W13,week,region_3,sentinella_region,all,agegroup_ili_ari,all,3578.2,40252.7,2309,240.98,4.2,falling,17.1,NA,NA,NA,NA,TRUE
consultations,2022-W13,week,region_4,sentinella_region,all,agegroup_ili_ari,all,925.5,31817.5,1650,110,2.12,falling,4.4,NA,NA,NA,NA,TRUE
consultations,2022-W13,week,region_5,sentinella_region,all,agegroup_ili_ari,all,7020.6,52845.2,2899,270.6,4.93,falling,33.5,NA,NA,NA,NA,TRUE
consultations,2022-W13,week,region_6,sentinella_region,all,agegroup_ili_ari,all,2243.2,12405.5,974,403.05,5.13,rising,10.7,NA,NA,NA,NA,TRUE
consultations,2022-W14,week,CH,country,all,agegroup_ili_ari,all,12971.8,216790.6,12321,147.15,2.59,falling,100,NA,NA,NA,NA,TRUE
consultations,2022-W14,week,region_1,sentinella_region,all,agegroup_ili_ari,all,3191.4,35314.5,2203,169.9,2.72,rising,23.9,NA,NA,NA,NA,TRUE
consultations,2022-W14,week,region_2,sentinella_region,all,agegroup_ili_ari,all,2357.1,49545.7,2834,161.47,2.82,falling,17.6,NA,NA,NA,NA,TRUE
consultations,2022-W14,week,region_3,sentinella_region,all,agegroup_ili_ari,all,1365.5,40236.4,2221,91.96,1.67,falling,10.2,NA,NA,NA,NA,TRUE
consultations,2022-W14,week,region_4,sentinella_region,all,agegroup_ili_ari,all,747.8,31502.5,1562,88.88,1.79,falling,5.6,NA,NA,NA,NA,TRUE
consultations,2022-W14,week,region_5,sentinella_region,all,agegroup_ili_ari,all,3892.4,46657.2,2478,150.03,2.82,falling,29.1,NA,NA,NA,NA,TRUE
consultations,2022-W14,week,region_6,sentinella_region,all,agegroup_ili_ari,all,1809.4,13534.3,1023,325.1,4.3,falling,13.5,NA,NA,NA,NA,TRUE
consultations,2022-W15,week,CH,country,all,agegroup_ili_ari,all,13799.6,168651.3,9424,156.54,2.8,falling,100,NA,NA,NA,NA,TRUE
consultations,2022-W15,week,region_1,sentinella_region,all,agegroup_ili_ari,all,2448.5,24548.9,1498,130.35,2.14,falling,18.1,NA,NA,NA,NA,TRUE
consultations,2022-W15,week,region_2,sentinella_region,all,agegroup_ili_ari,all,2598.5,36515.1,2057,178.01,3.16,falling,19.2,NA,NA,NA,NA,TRUE
consultations,2022-W15,week,region_3,sentinella_region,all,agegroup_ili_ari,all,2629.7,27103.6,1469,177.1,3.27,falling,19.5,NA,NA,NA,NA,TRUE
consultations,2022-W15,week,region_4,sentinella_region,all,agegroup_ili_ari,all,961.4,26252.7,1287,114.27,2.33,falling,7.1,NA,NA,NA,NA,TRUE
consultations,2022-W15,week,region_5,sentinella_region,all,agegroup_ili_ari,all,3164.4,41811.9,2188,121.97,2.33,falling,23.4,NA,NA,NA,NA,TRUE
consultations,2022-W15,week,region_6,sentinella_region,all,agegroup_ili_ari,all,1703,12419.1,925,305.98,4.11,falling,12.6,NA,NA,NA,NA,TRUE
consultations,2022-W16,week,CH,country,all,agegroup_ili_ari,all,10403.9,137260.6,7119,118.02,2.28,falling,100,NA,NA,NA,NA,TRUE
consultations,2022-W16,week,region_1,sentinella_region,all,agegroup_ili_ari,all,2613,16534.2,954,139.11,2.41,falling,23.2,NA,NA,NA,NA,TRUE
consultations,2022-W16,week,region_2,sentinella_region,all,agegroup_ili_ari,all,1583.1,33194.6,1757,108.45,2.05,falling,14.1,NA,NA,NA,NA,TRUE
consultations,2022-W16,week,region_3,sentinella_region,all,agegroup_ili_ari,all,1359.8,24023.7,1232,91.58,1.79,falling,12.1,NA,NA,NA,NA,TRUE
consultations,2022-W16,week,region_4,sentinella_region,all,agegroup_ili_ari,all,678.6,23557.7,1091,80.65,1.74,falling,6,NA,NA,NA,NA,TRUE
consultations,2022-W16,week,region_5,sentinella_region,all,agegroup_ili_ari,all,3727.4,34801.1,1725,143.67,2.9,falling,33.1,NA,NA,NA,NA,TRUE
consultations,2022-W16,week,region_6,sentinella_region,all,agegroup_ili_ari,all,1297,5149.3,360,233.04,3.33,falling,11.5,NA,NA,NA,NA,TRUE
consultations,2022-W17,week,CH,country,all,agegroup_ili_ari,all,7560.1,198234,10836,85.76,1.57,falling,100,NA,NA,NA,NA,TRUE
consultations,2022-W17,week,region_1,sentinella_region,all,agegroup_ili_ari,all,1444.9,26000.5,1561,76.92,1.28,falling,19.5,NA,NA,NA,NA,TRUE
consultations,2022-W17,week,region_2,sentinella_region,all,agegroup_ili_ari,all,2016.5,42709.8,2354,138.14,2.51,falling,27.3,NA,NA,NA,NA,TRUE
consultations,2022-W17,week,region_3,sentinella_region,all,agegroup_ili_ari,all,819.2,39877,2123,55.17,1.04,falling,11.1,NA,NA,NA,NA,TRUE
consultations,2022-W17,week,region_4,sentinella_region,all,agegroup_ili_ari,all,491.1,32553.1,1559,58.37,1.22,falling,6.6,NA,NA,NA,NA,TRUE
consultations,2022-W17,week,region_5,sentinella_region,all,agegroup_ili_ari,all,1858.1,43281.4,2230,71.62,1.39,falling,25.1,NA,NA,NA,NA,TRUE
consultations,2022-W17,week,region_6,sentinella_region,all,agegroup_ili_ari,all,765.6,13812.2,1009,137.56,1.88,falling,10.4,NA,NA,NA,NA,TRUE
consultations,2022-W18,week,CH,country,all,agegroup_ili_ari,all,6930.7,204777.5,11269,78.62,1.43,falling,100,NA,NA,NA,NA,TRUE
consultations,2022-W18,week,region_1,sentinella_region,all,agegroup_ili_ari,all,1292.5,33425.7,2014,68.81,1.14,falling,18.9,NA,NA,NA,NA,TRUE
consultations,2022-W18,week,region_2,sentinella_region,all,agegroup_ili_ari,all,1435.7,43721.9,2418,98.35,1.78,falling,21,NA,NA,NA,NA,TRUE
consultations,2022-W18,week,region_3,sentinella_region,all,agegroup_ili_ari,all,1153.1,38630.2,2067,77.66,1.45,falling,16.9,NA,NA,NA,NA,TRUE
consultations,2022-W18,week,region_4,sentinella_region,all,agegroup_ili_ari,all,507.7,26515.9,1274,60.34,1.26,falling,7.4,NA,NA,NA,NA,TRUE
consultations,2022-W18,week,region_5,sentinella_region,all,agegroup_ili_ari,all,1805,50311.8,2603,69.57,1.34,falling,26.4,NA,NA,NA,NA,TRUE
consultations,2022-W18,week,region_6,sentinella_region,all,agegroup_ili_ari,all,640.2,12172.1,893,115.02,1.57,falling,9.4,NA,NA,NA,NA,TRUE
consultations,2022-W19,week,CH,country,all,agegroup_ili_ari,all,5992.7,198592.7,11546,67.98,1.17,falling,100,NA,NA,NA,NA,TRUE
consultations,2022-W19,week,region_1,sentinella_region,all,agegroup_ili_ari,all,936.9,30071.9,1924,49.88,0.78,falling,16.2,NA,NA,NA,NA,TRUE
consultations,2022-W19,week,region_2,sentinella_region,all,agegroup_ili_ari,all,1217.4,44363,2598,83.4,1.42,falling,21.1,NA,NA,NA,NA,TRUE
consultations,2022-W19,week,region_3,sentinella_region,all,agegroup_ili_ari,all,805.8,40537.8,2297,54.27,0.96,falling,13.9,NA,NA,NA,NA,TRUE
consultations,2022-W19,week,region_4,sentinella_region,all,agegroup_ili_ari,all,822.9,22493.6,1140,97.81,1.93,falling,14.2,NA,NA,NA,NA,TRUE
consultations,2022-W19,week,region_5,sentinella_region,all,agegroup_ili_ari,all,1457.6,49836.1,2711,56.18,1.03,falling,25.2,NA,NA,NA,NA,TRUE
consultations,2022-W19,week,region_6,sentinella_region,all,agegroup_ili_ari,all,542.3,11290.2,876,97.43,1.26,falling,9.4,NA,NA,NA,NA,TRUE
consultations,2022-W20,week,CH,country,all,agegroup_ili_ari,all,6399.1,206647.4,12060,72.59,1.24,falling,100,NA,NA,NA,NA,TRUE
consultations,2022-W20,week,region_1,sentinella_region,all,agegroup_ili_ari,all,1188.1,33203.4,2128,63.25,0.99,falling,18.5,NA,NA,NA,NA,TRUE
consultations,2022-W20,week,region_2,sentinella_region,all,agegroup_ili_ari,all,1371.5,43639.2,2591,93.95,1.58,falling,21.4,NA,NA,NA,NA,TRUE
consultations,2022-W20,week,region_3,sentinella_region,all,agegroup_ili_ari,all,1000.2,41568,2368,67.36,1.18,falling,15.6,NA,NA,NA,NA,TRUE
consultations,2022-W20,week,region_4,sentinella_region,all,agegroup_ili_ari,all,389.1,28106.6,1447,46.25,0.9,falling,6.1,NA,NA,NA,NA,TRUE
consultations,2022-W20,week,region_5,sentinella_region,all,agegroup_ili_ari,all,1954.7,49110.6,2666,75.34,1.39,falling,30.5,NA,NA,NA,NA,TRUE
consultations,2022-W20,week,region_6,sentinella_region,all,agegroup_ili_ari,all,505.1,11019.6,860,90.75,1.16,falling,7.9,NA,NA,NA,NA,TRUE
consultations,2022-W21,week,CH,country,all,agegroup_ili_ari,all,4428,165228.6,9222,50.23,0.9,falling,100,NA,NA,NA,NA,TRUE
consultations,2022-W21,week,region_1,sentinella_region,all,agegroup_ili_ari,all,562.2,23390.3,1445,29.93,0.48,falling,13,NA,NA,NA,NA,TRUE
consultations,2022-W21,week,region_2,sentinella_region,all,agegroup_ili_ari,all,576.9,35420.6,2012,39.52,0.7,falling,13.3,NA,NA,NA,NA,TRUE
consultations,2022-W21,week,region_3,sentinella_region,all,agegroup_ili_ari,all,906.3,29490,1611,61.04,1.12,stagnant,20.9,NA,NA,NA,NA,TRUE
consultations,2022-W21,week,region_4,sentinella_region,all,agegroup_ili_ari,all,468,25173,1238,55.62,1.13,falling,10.8,NA,NA,NA,NA,TRUE
consultations,2022-W21,week,region_5,sentinella_region,all,agegroup_ili_ari,all,1406.4,42429.1,2220,54.21,1.04,falling,32.4,NA,NA,NA,NA,TRUE
consultations,2022-W21,week,region_6,sentinella_region,all,agegroup_ili_ari,all,417.8,9325.5,696,75.06,1.01,falling,9.6,NA,NA,NA,NA,TRUE
consultations,2022-W22,week,CH,country,all,agegroup_ili_ari,all,5437.3,201036.9,11354,61.68,1.09,falling,100,NA,NA,NA,NA,TRUE
consultations,2022-W22,week,region_1,sentinella_region,all,agegroup_ili_ari,all,365,30874.3,1892,19.43,0.32,falling,6.8,NA,NA,NA,NA,TRUE
consultations,2022-W22,week,region_2,sentinella_region,all,agegroup_ili_ari,all,1025.9,44108.2,2518,70.28,1.23,falling,19.2,NA,NA,NA,NA,TRUE
consultations,2022-W22,week,region_3,sentinella_region,all,agegroup_ili_ari,all,837.7,38992,2143,56.42,1.03,falling,15.7,NA,NA,NA,NA,TRUE
consultations,2022-W22,week,region_4,sentinella_region,all,agegroup_ili_ari,all,550.1,29063,1439,65.38,1.32,falling,10.3,NA,NA,NA,NA,TRUE
consultations,2022-W22,week,region_5,sentinella_region,all,agegroup_ili_ari,all,2238,44054.7,2314,86.26,1.64,rising,41.9,NA,NA,NA,NA,TRUE
consultations,2022-W22,week,region_6,sentinella_region,all,agegroup_ili_ari,all,319.3,13944.7,1048,57.37,0.76,falling,6,NA,NA,NA,NA,TRUE
consultations,2022-W23,week,CH,country,all,agegroup_ili_ari,all,8201.8,164452,9766,93.04,1.57,rising,100,NA,NA,NA,NA,TRUE
consultations,2022-W23,week,region_1,sentinella_region,all,agegroup_ili_ari,all,1174.4,27191,1766,62.52,0.96,falling,14.5,NA,NA,NA,NA,TRUE
consultations,2022-W23,week,region_2,sentinella_region,all,agegroup_ili_ari,all,1255,34896.2,2094,85.97,1.43,falling,15.5,NA,NA,NA,NA,TRUE
consultations,2022-W23,week,region_3,sentinella_region,all,agegroup_ili_ari,all,999,29724.7,1706,67.28,1.17,rising,12.4,NA,NA,NA,NA,TRUE
consultations,2022-W23,week,region_4,sentinella_region,all,agegroup_ili_ari,all,1011,24135.5,1254,120.16,2.31,rising,12.5,NA,NA,NA,NA,TRUE
consultations,2022-W23,week,region_5,sentinella_region,all,agegroup_ili_ari,all,2847.7,37353.5,2063,109.76,1.99,rising,35.2,NA,NA,NA,NA,TRUE
consultations,2022-W23,week,region_6,sentinella_region,all,agegroup_ili_ari,all,798.6,11151.1,883,143.48,1.81,rising,9.9,NA,NA,NA,NA,TRUE
consultations,2022-W24,week,CH,country,all,agegroup_ili_ari,all,8767.8,200079.9,11639,99.46,1.71,rising,100,NA,NA,NA,NA,TRUE
consultations,2022-W24,week,region_1,sentinella_region,all,agegroup_ili_ari,all,1115,32008.2,2055,59.36,0.92,rising,13.2,NA,NA,NA,NA,TRUE
consultations,2022-W24,week,region_2,sentinella_region,all,agegroup_ili_ari,all,1910.1,44325.3,2598,130.85,2.23,rising,22.5,NA,NA,NA,NA,TRUE
consultations,2022-W24,week,region_3,sentinella_region,all,agegroup_ili_ari,all,1000,40086.3,2256,67.35,1.2,stagnant,11.8,NA,NA,NA,NA,TRUE
consultations,2022-W24,week,region_4,sentinella_region,all,agegroup_ili_ari,all,1108.8,23524.7,1196,131.78,2.59,rising,13.1,NA,NA,NA,NA,TRUE
consultations,2022-W24,week,region_5,sentinella_region,all,agegroup_ili_ari,all,2638.8,48177.3,2609,101.71,1.88,rising,31.2,NA,NA,NA,NA,TRUE
consultations,2022-W24,week,region_6,sentinella_region,all,agegroup_ili_ari,all,698.2,11958.2,925,125.44,1.62,rising,8.2,NA,NA,NA,NA,TRUE
consultations,2022-W25,week,CH,country,all,agegroup_ili_ari,all,11075.6,207743.1,12059,125.64,2.16,rising,100,NA,NA,NA,NA,TRUE
consultations,2022-W25,week,region_1,sentinella_region,all,agegroup_ili_ari,all,1381,34004.6,2164,73.52,1.16,rising,12.5,NA,NA,NA,NA,TRUE
consultations,2022-W25,week,region_2,sentinella_region,all,agegroup_ili_ari,all,2294.9,45163.3,2660,157.21,2.67,rising,20.7,NA,NA,NA,NA,TRUE
consultations,2022-W25,week,region_3,sentinella_region,all,agegroup_ili_ari,all,1435,36215.3,2057,96.64,1.7,rising,13,NA,NA,NA,NA,TRUE
consultations,2022-W25,week,region_4,sentinella_region,all,agegroup_ili_ari,all,827.4,31524.5,1605,98.34,1.93,rising,7.5,NA,NA,NA,NA,TRUE
consultations,2022-W25,week,region_5,sentinella_region,all,agegroup_ili_ari,all,4210,49300.1,2680,162.27,2.99,rising,38,NA,NA,NA,NA,TRUE
consultations,2022-W25,week,region_6,sentinella_region,all,agegroup_ili_ari,all,916.7,11535.4,893,164.71,2.13,rising,8.3,NA,NA,NA,NA,TRUE
consultations,2022-W26,week,CH,country,all,agegroup_ili_ari,all,13232.8,193188.3,11280,150.11,2.57,rising,100,NA,NA,NA,NA,TRUE
consultations,2022-W26,week,region_1,sentinella_region,all,agegroup_ili_ari,all,1365.6,30261.9,1944,72.7,1.13,rising,10.5,NA,NA,NA,NA,TRUE
consultations,2022-W26,week,region_2,sentinella_region,all,agegroup_ili_ari,all,3034.3,39449.6,2350,207.86,3.49,rising,23.3,NA,NA,NA,NA,TRUE
consultations,2022-W26,week,region_3,sentinella_region,all,agegroup_ili_ari,all,2065.9,40968.8,2340,139.13,2.44,rising,15.9,NA,NA,NA,NA,TRUE
consultations,2022-W26,week,region_4,sentinella_region,all,agegroup_ili_ari,all,1040.7,31529.9,1628,123.69,2.4,rising,8,NA,NA,NA,NA,TRUE
consultations,2022-W26,week,region_5,sentinella_region,all,agegroup_ili_ari,all,4104.4,41087.9,2245,158.2,2.9,rising,31.5,NA,NA,NA,NA,TRUE
consultations,2022-W26,week,region_6,sentinella_region,all,agegroup_ili_ari,all,1406.8,9890.3,773,252.77,3.23,rising,10.8,NA,NA,NA,NA,TRUE
consultations,2022-W27,week,CH,country,all,agegroup_ili_ari,all,12709.1,176182.3,9877,144.17,2.57,rising,100,NA,NA,NA,NA,TRUE
consultations,2022-W27,week,region_1,sentinella_region,all,agegroup_ili_ari,all,1214.6,24746,1514,64.66,1.06,rising,9.7,NA,NA,NA,NA,TRUE
consultations,2022-W27,week,region_2,sentinella_region,all,agegroup_ili_ari,all,2624.1,39496.4,2265,179.76,3.13,rising,20.9,NA,NA,NA,NA,TRUE
consultations,2022-W27,week,region_3,sentinella_region,all,agegroup_ili_ari,all,2337.9,23499.2,1286,157.45,2.88,rising,18.6,NA,NA,NA,NA,TRUE
consultations,2022-W27,week,region_4,sentinella_region,all,agegroup_ili_ari,all,805.9,33409.1,1659,95.78,1.93,falling,6.4,NA,NA,NA,NA,TRUE
consultations,2022-W27,week,region_5,sentinella_region,all,agegroup_ili_ari,all,4072.2,44598.5,2363,156.96,2.96,rising,32.5,NA,NA,NA,NA,TRUE
consultations,2022-W27,week,region_6,sentinella_region,all,agegroup_ili_ari,all,1493.7,10433,790,268.38,3.54,rising,11.9,NA,NA,NA,NA,TRUE
consultations,2022-W28,week,CH,country,all,agegroup_ili_ari,all,12934.8,175152.6,8927,146.73,2.88,rising,100,NA,NA,NA,NA,TRUE
consultations,2022-W28,week,region_1,sentinella_region,all,agegroup_ili_ari,all,990.9,26540,1504,52.75,0.93,falling,7.9,NA,NA,NA,NA,TRUE
consultations,2022-W28,week,region_2,sentinella_region,all,agegroup_ili_ari,all,1761.4,37295.3,1915,120.66,2.35,stagnant,14,NA,NA,NA,NA,TRUE
consultations,2022-W28,week,region_3,sentinella_region,all,agegroup_ili_ari,all,2563.1,19117,948,172.62,3.48,rising,20.4,NA,NA,NA,NA,TRUE
consultations,2022-W28,week,region_4,sentinella_region,all,agegroup_ili_ari,all,1421.6,26042,1169,168.96,3.76,rising,11.3,NA,NA,NA,NA,TRUE
consultations,2022-W28,week,region_5,sentinella_region,all,agegroup_ili_ari,all,4306.5,55425.7,2661,165.99,3.46,rising,34.3,NA,NA,NA,NA,TRUE
consultations,2022-W28,week,region_6,sentinella_region,all,agegroup_ili_ari,all,1503.8,10732.6,730,270.2,3.97,rising,12,NA,NA,NA,NA,TRUE
consultations,2022-W29,week,CH,country,all,agegroup_ili_ari,all,11308.4,204248.6,9323,128.28,2.81,stagnant,100,NA,NA,NA,NA,TRUE
consultations,2022-W29,week,region_1,sentinella_region,all,agegroup_ili_ari,all,763.2,34459.6,1698,40.63,0.82,falling,7,NA,NA,NA,NA,TRUE
consultations,2022-W29,week,region_2,sentinella_region,all,agegroup_ili_ari,all,2153.7,50834.3,2303,147.54,3.26,falling,19.7,NA,NA,NA,NA,TRUE
consultations,2022-W29,week,region_3,sentinella_region,all,agegroup_ili_ari,all,2354.5,27747.4,1226,158.57,3.59,rising,21.6,NA,NA,NA,NA,TRUE
consultations,2022-W29,week,region_4,sentinella_region,all,agegroup_ili_ari,all,1269.9,21863.8,872,150.93,3.78,rising,11.6,NA,NA,NA,NA,TRUE
consultations,2022-W29,week,region_5,sentinella_region,all,agegroup_ili_ari,all,3656.3,56055.1,2426,140.93,3.26,falling,33.5,NA,NA,NA,NA,TRUE
consultations,2022-W29,week,region_6,sentinella_region,all,agegroup_ili_ari,all,712,13288.5,798,127.93,2.13,falling,6.5,NA,NA,NA,NA,TRUE
consultations,2022-W30,week,CH,country,all,agegroup_ili_ari,all,8619.7,206593.4,8043,97.78,2.51,falling,100,NA,NA,NA,NA,TRUE
consultations,2022-W30,week,region_1,sentinella_region,all,agegroup_ili_ari,all,716,31477.7,1327,38.12,0.9,falling,8.3,NA,NA,NA,NA,TRUE
consultations,2022-W30,week,region_2,sentinella_region,all,agegroup_ili_ari,all,1377.7,43440.7,1662,94.38,2.47,falling,15.9,NA,NA,NA,NA,TRUE
consultations,2022-W30,week,region_3,sentinella_region,all,agegroup_ili_ari,all,1162.2,51104.9,1934,78.27,2.07,falling,13.4,NA,NA,NA,NA,TRUE
consultations,2022-W30,week,region_4,sentinella_region,all,agegroup_ili_ari,all,1222.6,29591.2,1022,145.31,4.21,rising,14.1,NA,NA,NA,NA,TRUE
consultations,2022-W30,week,region_5,sentinella_region,all,agegroup_ili_ari,all,3599,37484.7,1405,138.72,3.7,falling,41.6,NA,NA,NA,NA,TRUE
consultations,2022-W30,week,region_6,sentinella_region,all,agegroup_ili_ari,all,577.4,13494.3,693,103.75,2.02,falling,6.7,NA,NA,NA,NA,TRUE
consultations,2022-W31,week,CH,country,all,agegroup_ili_ari,all,5767.9,204789.5,6400,65.43,2.09,falling,100,NA,NA,NA,NA,TRUE
consultations,2022-W31,week,region_1,sentinella_region,all,agegroup_ili_ari,all,825,22771,792,43.92,1.26,falling,13.5,NA,NA,NA,NA,TRUE
consultations,2022-W31,week,region_2,sentinella_region,all,agegroup_ili_ari,all,1028.6,45417.9,1362,70.46,2.35,falling,16.8,NA,NA,NA,NA,TRUE
consultations,2022-W31,week,region_3,sentinella_region,all,agegroup_ili_ari,all,589.9,50338.1,1555,39.73,1.29,falling,9.6,NA,NA,NA,NA,TRUE
consultations,2022-W31,week,region_4,sentinella_region,all,agegroup_ili_ari,all,579.2,42125.4,1186,68.84,2.45,falling,9.5,NA,NA,NA,NA,TRUE
consultations,2022-W31,week,region_5,sentinella_region,all,agegroup_ili_ari,all,2628.7,33555.8,1030,101.32,3.3,falling,42.9,NA,NA,NA,NA,TRUE
consultations,2022-W31,week,region_6,sentinella_region,all,agegroup_ili_ari,all,473.4,10581.4,475,85.05,1.89,falling,7.7,NA,NA,NA,NA,TRUE
consultations,2022-W32,week,CH,country,all,agegroup_ili_ari,all,7971.8,214534,9131,90.43,2.12,falling,100,NA,NA,NA,NA,TRUE
consultations,2022-W32,week,region_1,sentinella_region,all,agegroup_ili_ari,all,255.6,22049.3,1036,13.61,0.29,falling,3.5,NA,NA,NA,NA,TRUE
consultations,2022-W32,week,region_2,sentinella_region,all,agegroup_ili_ari,all,1639.5,53424.7,2274,112.31,2.64,falling,22.6,NA,NA,NA,NA,TRUE
consultations,2022-W32,week,region_3,sentinella_region,all,agegroup_ili_ari,all,1119.1,42458.9,1782,75.37,1.8,falling,15.4,NA,NA,NA,NA,TRUE
consultations,2022-W32,week,region_4,sentinella_region,all,agegroup_ili_ari,all,754.8,39015.4,1485,89.71,2.36,falling,10.4,NA,NA,NA,NA,TRUE
consultations,2022-W32,week,region_5,sentinella_region,all,agegroup_ili_ari,all,2796.6,47315.4,1955,107.79,2.61,falling,38.5,NA,NA,NA,NA,TRUE
consultations,2022-W32,week,region_6,sentinella_region,all,agegroup_ili_ari,all,704.5,10270.3,599,126.58,2.17,falling,9.7,NA,NA,NA,NA,TRUE
consultations,2022-W33,week,CH,country,all,agegroup_ili_ari,all,7957.6,209382.8,10361,90.27,1.82,falling,100,NA,NA,NA,NA,TRUE
consultations,2022-W33,week,region_1,sentinella_region,all,agegroup_ili_ari,all,900.1,27130.1,1473,47.92,0.88,falling,11.7,NA,NA,NA,NA,TRUE
consultations,2022-W33,week,region_2,sentinella_region,all,agegroup_ili_ari,all,1311.3,46757.2,2320,89.83,1.81,falling,17.1,NA,NA,NA,NA,TRUE
consultations,2022-W33,week,region_3,sentinella_region,all,agegroup_ili_ari,all,1265.2,43422.6,2109,85.21,1.75,falling,16.5,NA,NA,NA,NA,TRUE
consultations,2022-W33,week,region_4,sentinella_region,all,agegroup_ili_ari,all,913.5,29475.2,1291,108.57,2.48,falling,11.9,NA,NA,NA,NA,TRUE
consultations,2022-W33,week,region_5,sentinella_region,all,agegroup_ili_ari,all,2495.3,51983.3,2463,96.18,2.03,falling,32.5,NA,NA,NA,NA,TRUE
consultations,2022-W33,week,region_6,sentinella_region,all,agegroup_ili_ari,all,786.5,10614.5,705,141.32,2.13,rising,10.3,NA,NA,NA,NA,TRUE
consultations,2022-W34,week,CH,country,all,agegroup_ili_ari,all,7190.7,196157.6,11088,81.57,1.44,falling,100,NA,NA,NA,NA,TRUE
consultations,2022-W34,week,region_1,sentinella_region,all,agegroup_ili_ari,all,771.3,29227.1,1814,41.06,0.66,rising,11.8,NA,NA,NA,NA,TRUE
consultations,2022-W34,week,region_2,sentinella_region,all,agegroup_ili_ari,all,1046.9,41830.6,2376,71.72,1.26,falling,16,NA,NA,NA,NA,TRUE
consultations,2022-W34,week,region_3,sentinella_region,all,agegroup_ili_ari,all,1877.6,37958.4,2092,126.45,2.29,rising,28.6,NA,NA,NA,NA,TRUE
consultations,2022-W34,week,region_4,sentinella_region,all,agegroup_ili_ari,all,951.4,30950.2,1538,113.08,2.28,falling,14.5,NA,NA,NA,NA,TRUE
consultations,2022-W34,week,region_5,sentinella_region,all,agegroup_ili_ari,all,1346,44332.4,2371,51.88,0.97,falling,20.5,NA,NA,NA,NA,TRUE
consultations,2022-W34,week,region_6,sentinella_region,all,agegroup_ili_ari,all,563.2,11858.9,897,101.19,1.34,rising,8.6,NA,NA,NA,NA,TRUE
consultations,2022-W35,week,CH,country,all,agegroup_ili_ari,all,9192.7,190836.2,10928,104.28,1.82,rising,100,NA,NA,NA,NA,TRUE
consultations,2022-W35,week,region_1,sentinella_region,all,agegroup_ili_ari,all,651.6,31705.6,1995,34.69,0.55,rising,7.4,NA,NA,NA,NA,TRUE
consultations,2022-W35,week,region_2,sentinella_region,all,agegroup_ili_ari,all,2306.3,37343.8,2151,157.99,2.74,rising,26.2,NA,NA,NA,NA,TRUE
consultations,2022-W35,week,region_3,sentinella_region,all,agegroup_ili_ari,all,1434.5,36227,2020,96.61,1.73,rising,16.3,NA,NA,NA,NA,TRUE
consultations,2022-W35,week,region_4,sentinella_region,all,agegroup_ili_ari,all,828.3,28442.1,1430,98.45,1.96,rising,9.4,NA,NA,NA,NA,TRUE
consultations,2022-W35,week,region_5,sentinella_region,all,agegroup_ili_ari,all,2607.9,45759.8,2462,100.52,1.87,falling,29.6,NA,NA,NA,NA,TRUE
consultations,2022-W35,week,region_6,sentinella_region,all,agegroup_ili_ari,all,980,11357.8,870,176.09,2.3,rising,11.1,NA,NA,NA,NA,TRUE
consultations,2022-W36,week,CH,country,all,agegroup_ili_ari,all,7654.4,191167.7,10737,86.83,1.55,rising,100,NA,NA,NA,NA,TRUE
consultations,2022-W36,week,region_1,sentinella_region,all,agegroup_ili_ari,all,1028.4,27396.5,1695,54.75,0.88,rising,14,NA,NA,NA,NA,TRUE
consultations,2022-W36,week,region_2,sentinella_region,all,agegroup_ili_ari,all,1739.6,41956.1,2361,119.17,2.12,rising,23.6,NA,NA,NA,NA,TRUE
consultations,2022-W36,week,region_3,sentinella_region,all,agegroup_ili_ari,all,1038.4,37182.1,2021,69.93,1.29,stagnant,14.1,NA,NA,NA,NA,TRUE
consultations,2022-W36,week,region_4,sentinella_region,all,agegroup_ili_ari,all,385.8,21808.1,1079,45.85,0.93,falling,5.2,NA,NA,NA,NA,TRUE
consultations,2022-W36,week,region_5,sentinella_region,all,agegroup_ili_ari,all,2258.2,49403.9,2579,87.04,1.67,falling,30.7,NA,NA,NA,NA,TRUE
consultations,2022-W36,week,region_6,sentinella_region,all,agegroup_ili_ari,all,912.3,13421.1,1002,163.92,2.2,rising,12.4,NA,NA,NA,NA,TRUE
consultations,2022-W37,week,CH,country,all,agegroup_ili_ari,all,10304.3,200188.6,11522,116.89,2.03,rising,100,NA,NA,NA,NA,TRUE
consultations,2022-W37,week,region_1,sentinella_region,all,agegroup_ili_ari,all,1138.3,29702.3,1874,60.6,0.96,rising,11.5,NA,NA,NA,NA,TRUE
consultations,2022-W37,week,region_2,sentinella_region,all,agegroup_ili_ari,all,2233.7,41171.2,2402,153.02,2.62,rising,22.6,NA,NA,NA,NA,TRUE
consultations,2022-W37,week,region_3,sentinella_region,all,agegroup_ili_ari,all,1443.9,37021,2078,97.24,1.73,falling,14.6,NA,NA,NA,NA,TRUE
consultations,2022-W37,week,region_4,sentinella_region,all,agegroup_ili_ari,all,900.7,30826,1555,107.05,2.12,falling,9.1,NA,NA,NA,NA,TRUE
consultations,2022-W37,week,region_5,sentinella_region,all,agegroup_ili_ari,all,2942.9,48487.6,2613,113.43,2.1,rising,29.7,NA,NA,NA,NA,TRUE
consultations,2022-W37,week,region_6,sentinella_region,all,agegroup_ili_ari,all,1243.4,12980.6,1000,223.41,2.9,rising,12.6,NA,NA,NA,NA,TRUE
consultations,2022-W38,week,CH,country,all,agegroup_ili_ari,all,10865,193100.2,11068,123.25,2.15,rising,100,NA,NA,NA,NA,TRUE
consultations,2022-W38,week,region_1,sentinella_region,all,agegroup_ili_ari,all,1769.1,26545.2,1684,94.18,1.48,rising,16.7,NA,NA,NA,NA,TRUE
consultations,2022-W38,week,region_2,sentinella_region,all,agegroup_ili_ari,all,2457.8,36822.7,2133,168.37,2.91,rising,23.3,NA,NA,NA,NA,TRUE
consultations,2022-W38,week,region_3,sentinella_region,all,agegroup_ili_ari,all,1410.9,37887.9,2124,95.02,1.69,falling,13.4,NA,NA,NA,NA,TRUE
consultations,2022-W38,week,region_4,sentinella_region,all,agegroup_ili_ari,all,1108.3,29607.7,1488,131.72,2.62,rising,10.5,NA,NA,NA,NA,TRUE
consultations,2022-W38,week,region_5,sentinella_region,all,agegroup_ili_ari,all,2718.5,50580,2743,104.78,1.93,rising,25.7,NA,NA,NA,NA,TRUE
consultations,2022-W38,week,region_6,sentinella_region,all,agegroup_ili_ari,all,1098.2,11656.6,896,197.31,2.57,rising,10.4,NA,NA,NA,NA,TRUE
consultations,2022-W39,week,CH,country,all,agegroup_ili_ari,all,12484.3,182884.8,10528,141.62,2.46,rising,100,NA,NA,NA,NA,TRUE
consultations,2022-W39,week,region_1,sentinella_region,all,agegroup_ili_ari,all,658.2,31396.9,1985,35.04,0.55,rising,5.3,NA,NA,NA,NA,TRUE
consultations,2022-W39,week,region_2,sentinella_region,all,agegroup_ili_ari,all,2627,27784.5,1604,179.96,3.12,rising,21.1,NA,NA,NA,NA,TRUE
consultations,2022-W39,week,region_3,sentinella_region,all,agegroup_ili_ari,all,1465.8,37481.2,2100,98.72,1.76,rising,11.8,NA,NA,NA,NA,TRUE
consultations,2022-W39,week,region_4,sentinella_region,all,agegroup_ili_ari,all,1340.7,30122.4,1518,159.35,3.16,rising,10.8,NA,NA,NA,NA,TRUE
consultations,2022-W39,week,region_5,sentinella_region,all,agegroup_ili_ari,all,5320.7,44373.7,2421,205.08,3.76,rising,42.7,NA,NA,NA,NA,TRUE
consultations,2022-W39,week,region_6,sentinella_region,all,agegroup_ili_ari,all,1044.2,11726.1,900,187.62,2.44,rising,8.4,NA,NA,NA,NA,TRUE
consultations,2022-W40,week,CH,country,all,agegroup_ili_ari,all,14040.3,175172.1,9047,159.27,3.08,rising,100,NA,NA,NA,NA,TRUE
consultations,2022-W40,week,region_1,sentinella_region,all,agegroup_ili_ari,all,2505.8,29985.3,1692,133.4,2.36,rising,17.8,NA,NA,NA,NA,TRUE
consultations,2022-W40,week,region_2,sentinella_region,all,agegroup_ili_ari,all,2724.2,32150.7,1657,186.62,3.62,rising,19.4,NA,NA,NA,NA,TRUE
consultations,2022-W40,week,region_3,sentinella_region,all,agegroup_ili_ari,all,1580.8,22543.5,1129,106.46,2.13,rising,11.2,NA,NA,NA,NA,TRUE
consultations,2022-W40,week,region_4,sentinella_region,all,agegroup_ili_ari,all,988.2,31503.5,1428,117.45,2.59,rising,7,NA,NA,NA,NA,TRUE
consultations,2022-W40,week,region_5,sentinella_region,all,agegroup_ili_ari,all,5041.3,45803.6,2232,194.31,3.99,rising,35.8,NA,NA,NA,NA,TRUE
consultations,2022-W40,week,region_6,sentinella_region,all,agegroup_ili_ari,all,1224.1,13185.5,909,219.94,3.19,rising,8.7,NA,NA,NA,NA,TRUE
consultations,2022-W41,week,CH,country,all,agegroup_ili_ari,all,11576.4,188858.3,8719,131.32,2.84,rising,100,NA,NA,NA,NA,TRUE
consultations,2022-W41,week,region_1,sentinella_region,all,agegroup_ili_ari,all,1656.2,35159.7,1762,88.17,1.76,rising,13.7,NA,NA,NA,NA,TRUE
consultations,2022-W41,week,region_2,sentinella_region,all,agegroup_ili_ari,all,1819.3,47340.1,2144,124.63,2.75,falling,15.1,NA,NA,NA,NA,TRUE
consultations,2022-W41,week,region_3,sentinella_region,all,agegroup_ili_ari,all,743.8,27950.8,1228,50.09,1.14,falling,6.2,NA,NA,NA,NA,TRUE
consultations,2022-W41,week,region_4,sentinella_region,all,agegroup_ili_ari,all,1182.3,28466.3,1129,140.52,3.54,rising,9.8,NA,NA,NA,NA,TRUE
consultations,2022-W41,week,region_5,sentinella_region,all,agegroup_ili_ari,all,5577.3,31631.8,1352,214.97,5.03,rising,46.2,NA,NA,NA,NA,TRUE
consultations,2022-W41,week,region_6,sentinella_region,all,agegroup_ili_ari,all,1094.3,18309.6,1104,196.62,3.26,stagnant,9.1,NA,NA,NA,NA,TRUE
consultations,2022-W42,week,CH,country,all,agegroup_ili_ari,all,12332.7,197290.6,10351,139.9,2.67,rising,100,NA,NA,NA,NA,TRUE
consultations,2022-W42,week,region_1,sentinella_region,all,agegroup_ili_ari,all,2023.2,23209.7,1338,107.71,1.87,rising,15.3,NA,NA,NA,NA,TRUE
consultations,2022-W42,week,region_2,sentinella_region,all,agegroup_ili_ari,all,2232.6,44463,2350,152.94,2.89,falling,16.9,NA,NA,NA,NA,TRUE
consultations,2022-W42,week,region_3,sentinella_region,all,agegroup_ili_ari,all,1372.7,45428.1,2317,92.45,1.81,falling,10.4,NA,NA,NA,NA,TRUE
consultations,2022-W42,week,region_4,sentinella_region,all,agegroup_ili_ari,all,665.9,32852.8,1513,79.14,1.72,falling,5,NA,NA,NA,NA,TRUE
consultations,2022-W42,week,region_5,sentinella_region,all,agegroup_ili_ari,all,5542.8,36977.7,1829,213.64,4.32,rising,41.9,NA,NA,NA,NA,TRUE
consultations,2022-W42,week,region_6,sentinella_region,all,agegroup_ili_ari,all,1395.4,14359.2,1004,250.71,3.59,rising,10.5,NA,NA,NA,NA,TRUE
consultations,2022-W43,week,CH,country,all,agegroup_ili_ari,all,10972.5,199240.1,12158,124.47,2.04,falling,100,NA,NA,NA,NA,TRUE
consultations,2022-W43,week,region_1,sentinella_region,all,agegroup_ili_ari,all,2579.4,24759.2,1651,137.32,2.06,rising,22.5,NA,NA,NA,NA,TRUE
consultations,2022-W43,week,region_2,sentinella_region,all,agegroup_ili_ari,all,1676.8,44397.2,2705,114.87,1.89,falling,14.6,NA,NA,NA,NA,TRUE
consultations,2022-W43,week,region_3,sentinella_region,all,agegroup_ili_ari,all,1615.5,43199.9,2564,108.8,1.83,stagnant,14.1,NA,NA,NA,NA,TRUE
consultations,2022-W43,week,region_4,sentinella_region,all,agegroup_ili_ari,all,318.9,23748.4,1273,37.9,0.71,falling,2.8,NA,NA,NA,NA,TRUE
consultations,2022-W43,week,region_5,sentinella_region,all,agegroup_ili_ari,all,4038.8,50106.4,2898,155.67,2.69,falling,35.2,NA,NA,NA,NA,TRUE
consultations,2022-W43,week,region_6,sentinella_region,all,agegroup_ili_ari,all,1238.8,13029.1,1067,222.58,2.72,rising,10.8,NA,NA,NA,NA,TRUE
consultations,2022-W44,week,CH,country,all,agegroup_ili_ari,all,10834.1,197725.5,11770,122.9,2.06,falling,100,NA,NA,NA,NA,TRUE
consultations,2022-W44,week,region_1,sentinella_region,all,agegroup_ili_ari,all,1735.1,33562.3,2201,92.37,1.41,falling,15.5,NA,NA,NA,NA,TRUE
consultations,2022-W44,week,region_2,sentinella_region,all,agegroup_ili_ari,all,1610.9,46218.2,2762,110.35,1.85,falling,14.4,NA,NA,NA,NA,TRUE
consultations,2022-W44,week,region_3,sentinella_region,all,agegroup_ili_ari,all,2123.6,40552.7,2352,143.02,2.47,rising,19,NA,NA,NA,NA,TRUE
consultations,2022-W44,week,region_4,sentinella_region,all,agegroup_ili_ari,all,645.6,22154.5,1164,76.73,1.46,falling,5.8,NA,NA,NA,NA,TRUE
consultations,2022-W44,week,region_5,sentinella_region,all,agegroup_ili_ari,all,3557.8,47398.8,2666,137.13,2.44,falling,31.9,NA,NA,NA,NA,TRUE
consultations,2022-W44,week,region_6,sentinella_region,all,agegroup_ili_ari,all,1491,7839,625,267.89,3.36,rising,13.4,NA,NA,NA,NA,TRUE
consultations,2022-W45,week,CH,country,all,agegroup_ili_ari,all,11008.7,196185.2,12470,124.88,1.96,falling,100,NA,NA,NA,NA,TRUE
consultations,2022-W45,week,region_1,sentinella_region,all,agegroup_ili_ari,all,1352.3,30558.7,2133,71.99,1.03,falling,12.4,NA,NA,NA,NA,TRUE
consultations,2022-W45,week,region_2,sentinella_region,all,agegroup_ili_ari,all,2152.9,45430.4,2903,147.48,2.31,stagnant,19.8,NA,NA,NA,NA,TRUE
consultations,2022-W45,week,region_3,sentinella_region,all,agegroup_ili_ari,all,1581.1,34749,2149,106.48,1.72,rising,14.5,NA,NA,NA,NA,TRUE
consultations,2022-W45,week,region_4,sentinella_region,all,agegroup_ili_ari,all,913.1,27645.1,1546,108.52,1.94,falling,8.4,NA,NA,NA,NA,TRUE
consultations,2022-W45,week,region_5,sentinella_region,all,agegroup_ili_ari,all,4323.4,46206.9,2758,166.64,2.79,falling,39.7,NA,NA,NA,NA,TRUE
consultations,2022-W45,week,region_6,sentinella_region,all,agegroup_ili_ari,all,576,11595.1,981,103.49,1.22,falling,5.3,NA,NA,NA,NA,TRUE
consultations,2022-W46,week,CH,country,all,agegroup_ili_ari,all,10671.9,207335.8,13188,121.06,1.9,falling,100,NA,NA,NA,NA,TRUE
consultations,2022-W46,week,region_1,sentinella_region,all,agegroup_ili_ari,all,1811.9,32138.6,2242,96.46,1.38,falling,17,NA,NA,NA,NA,TRUE
consultations,2022-W46,week,region_2,sentinella_region,all,agegroup_ili_ari,all,1692.6,45710.3,2938,115.95,1.8,falling,15.9,NA,NA,NA,NA,TRUE
consultations,2022-W46,week,region_3,sentinella_region,all,agegroup_ili_ari,all,2082.3,39930.6,2473,140.24,2.26,rising,19.6,NA,NA,NA,NA,TRUE
consultations,2022-W46,week,region_4,sentinella_region,all,agegroup_ili_ari,all,912.7,27654.1,1553,108.48,1.93,rising,8.6,NA,NA,NA,NA,TRUE
consultations,2022-W46,week,region_5,sentinella_region,all,agegroup_ili_ari,all,3511.3,50244.5,2991,135.34,2.27,falling,33,NA,NA,NA,NA,TRUE
consultations,2022-W46,week,region_6,sentinella_region,all,agegroup_ili_ari,all,620.6,11657.7,991,111.51,1.31,falling,5.8,NA,NA,NA,NA,TRUE
consultations,2022-W47,week,CH,country,all,agegroup_ili_ari,all,11096.8,210525.4,13326,125.88,1.99,stagnant,100,NA,NA,NA,NA,TRUE
consultations,2022-W47,week,region_1,sentinella_region,all,agegroup_ili_ari,all,1682.9,30138.1,2123,89.59,1.27,falling,15.2,NA,NA,NA,NA,TRUE
consultations,2022-W47,week,region_2,sentinella_region,all,agegroup_ili_ari,all,1580.3,44338,2847,108.26,1.69,stagnant,14.3,NA,NA,NA,NA,TRUE
consultations,2022-W47,week,region_3,sentinella_region,all,agegroup_ili_ari,all,2024.9,38863.7,2392,136.37,2.22,rising,18.3,NA,NA,NA,NA,TRUE
consultations,2022-W47,week,region_4,sentinella_region,all,agegroup_ili_ari,all,1028.2,31914.6,1776,122.2,2.2,rising,9.3,NA,NA,NA,NA,TRUE
consultations,2022-W47,week,region_5,sentinella_region,all,agegroup_ili_ari,all,3996.7,51932.4,3059,154.05,2.62,stagnant,36.1,NA,NA,NA,NA,TRUE
consultations,2022-W47,week,region_6,sentinella_region,all,agegroup_ili_ari,all,751.1,13338.6,1129,134.95,1.59,falling,6.8,NA,NA,NA,NA,TRUE
consultations,2022-W48,week,CH,country,all,agegroup_ili_ari,all,14051.7,213300,13338,159.4,2.55,rising,100,NA,NA,NA,NA,TRUE
consultations,2022-W48,week,region_1,sentinella_region,all,agegroup_ili_ari,all,2590.3,31181.1,2137,137.9,2.01,rising,18.5,NA,NA,NA,NA,TRUE
consultations,2022-W48,week,region_2,sentinella_region,all,agegroup_ili_ari,all,2831.7,46911,2991,193.98,3.04,rising,20.3,NA,NA,NA,NA,TRUE
consultations,2022-W48,week,region_3,sentinella_region,all,agegroup_ili_ari,all,2405.4,41975.2,2559,162,2.66,rising,17.2,NA,NA,NA,NA,TRUE
consultations,2022-W48,week,region_4,sentinella_region,all,agegroup_ili_ari,all,939.6,29549,1626,111.68,2.03,rising,6.7,NA,NA,NA,NA,TRUE
consultations,2022-W48,week,region_5,sentinella_region,all,agegroup_ili_ari,all,4291.7,50779.9,2942,165.42,2.86,rising,30.7,NA,NA,NA,NA,TRUE
consultations,2022-W48,week,region_6,sentinella_region,all,agegroup_ili_ari,all,905.7,12903.7,1083,162.74,1.94,falling,6.5,NA,NA,NA,NA,TRUE
consultations,2022-W49,week,CH,country,all,agegroup_ili_ari,all,17154.7,198355.6,12715,194.6,3.04,rising,100,NA,NA,NA,NA,TRUE
consultations,2022-W49,week,region_1,sentinella_region,all,agegroup_ili_ari,all,3196.5,30556.8,2176,170.17,2.39,rising,18.6,NA,NA,NA,NA,TRUE
consultations,2022-W49,week,region_2,sentinella_region,all,agegroup_ili_ari,all,2830.8,43831.8,2856,193.92,2.98,rising,16.5,NA,NA,NA,NA,TRUE
consultations,2022-W49,week,region_3,sentinella_region,all,agegroup_ili_ari,all,2545,39673.7,2474,171.4,2.75,rising,14.8,NA,NA,NA,NA,TRUE
consultations,2022-W49,week,region_4,sentinella_region,all,agegroup_ili_ari,all,1669.6,24188.4,1363,198.44,3.52,rising,9.7,NA,NA,NA,NA,TRUE
consultations,2022-W49,week,region_5,sentinella_region,all,agegroup_ili_ari,all,5330,49162.9,2911,205.44,3.47,rising,31,NA,NA,NA,NA,TRUE
consultations,2022-W49,week,region_6,sentinella_region,all,agegroup_ili_ari,all,1627.7,10942,935,292.45,3.42,rising,9.5,NA,NA,NA,NA,TRUE
consultations,2022-W50,week,CH,country,all,agegroup_ili_ari,all,19957.2,213346.6,14125,226.39,3.42,rising,100,NA,NA,NA,NA,TRUE
consultations,2022-W50,week,region_1,sentinella_region,all,agegroup_ili_ari,all,3128.7,32421.5,2367,166.56,2.28,rising,15.8,NA,NA,NA,NA,TRUE
consultations,2022-W50,week,region_2,sentinella_region,all,agegroup_ili_ari,all,2741.7,46852.5,3152,187.82,2.79,rising,13.8,NA,NA,NA,NA,TRUE
consultations,2022-W50,week,region_3,sentinella_region,all,agegroup_ili_ari,all,4417,40340.8,2599,297.47,4.62,rising,22.2,NA,NA,NA,NA,TRUE
consultations,2022-W50,week,region_4,sentinella_region,all,agegroup_ili_ari,all,1764.9,30511.5,1765,209.76,3.63,rising,8.9,NA,NA,NA,NA,TRUE
consultations,2022-W50,week,region_5,sentinella_region,all,agegroup_ili_ari,all,6374.5,49654.7,3043,245.7,4.01,rising,32.1,NA,NA,NA,NA,TRUE
consultations,2022-W50,week,region_6,sentinella_region,all,agegroup_ili_ari,all,1436,13565.5,1199,258.01,2.92,rising,7.2,NA,NA,NA,NA,TRUE
consultations,2022-W51,week,CH,country,all,agegroup_ili_ari,all,28728.5,203751.9,13436,325.89,4.94,rising,100,NA,NA,NA,NA,TRUE
consultations,2022-W51,week,region_1,sentinella_region,all,agegroup_ili_ari,all,4657.5,30651.3,2225,247.95,3.42,rising,16.2,NA,NA,NA,NA,TRUE
consultations,2022-W51,week,region_2,sentinella_region,all,agegroup_ili_ari,all,3398,41241.2,2793,232.78,3.44,rising,11.8,NA,NA,NA,NA,TRUE
consultations,2022-W51,week,region_3,sentinella_region,all,agegroup_ili_ari,all,6246.7,40646.2,2601,420.7,6.57,rising,21.8,NA,NA,NA,NA,TRUE
consultations,2022-W51,week,region_4,sentinella_region,all,agegroup_ili_ari,all,2560.2,30234.5,1755,304.29,5.24,rising,8.9,NA,NA,NA,NA,TRUE
consultations,2022-W51,week,region_5,sentinella_region,all,agegroup_ili_ari,all,9736.2,48765.1,2983,375.27,6.13,rising,33.9,NA,NA,NA,NA,TRUE
consultations,2022-W51,week,region_6,sentinella_region,all,agegroup_ili_ari,all,2096.2,12213.6,1079,376.63,4.26,rising,7.3,NA,NA,NA,NA,TRUE
consultations,2022-W52,week,CH,country,all,agegroup_ili_ari,all,16330.5,184617.7,5332,185.25,6.41,rising,100,NA,NA,NA,NA,TRUE
consultations,2022-W52,week,region_1,sentinella_region,all,agegroup_ili_ari,all,1666.3,20290.7,627,88.71,2.87,falling,11.1,NA,NA,NA,NA,TRUE
consultations,2022-W52,week,region_2,sentinella_region,all,agegroup_ili_ari,all,3337.5,59484.4,1758,228.63,7.74,rising,22.2,NA,NA,NA,NA,TRUE
consultations,2022-W52,week,region_3,sentinella_region,all,agegroup_ili_ari,all,2225.5,20015.8,555,149.88,5.41,rising,14.8,NA,NA,NA,NA,TRUE
consultations,2022-W52,week,region_4,sentinella_region,all,agegroup_ili_ari,all,1157.8,29068.7,742,137.61,5.39,rising,7.7,NA,NA,NA,NA,TRUE
consultations,2022-W52,week,region_5,sentinella_region,all,agegroup_ili_ari,all,5071.1,45022.5,1233,195.46,7.14,rising,33.8,NA,NA,NA,NA,TRUE
consultations,2022-W52,week,region_6,sentinella_region,all,agegroup_ili_ari,all,1555.3,10735.5,417,279.45,7.19,rising,10.4,NA,NA,NA,NA,TRUE
consultations,2023-W01,week,CH,country,all,agegroup_ili_ari,all,11155.3,196033.3,7663,124.47,3.18,falling,100,NA,NA,NA,NA,TRUE
consultations,2023-W01,week,region_1,sentinella_region,all,agegroup_ili_ari,all,2036.2,25385.4,1028,106.36,2.63,falling,17.6,NA,NA,NA,NA,TRUE
consultations,2023-W01,week,region_2,sentinella_region,all,agegroup_ili_ari,all,2600,42112.3,1692,175.72,4.37,stagnant,22.4,NA,NA,NA,NA,TRUE
consultations,2023-W01,week,region_3,sentinella_region,all,agegroup_ili_ari,all,1516.5,42886.9,1671,100.26,2.57,falling,13.1,NA,NA,NA,NA,TRUE
consultations,2023-W01,week,region_4,sentinella_region,all,agegroup_ili_ari,all,506.2,35466.7,1236,59.21,1.7,falling,4.4,NA,NA,NA,NA,TRUE
consultations,2023-W01,week,region_5,sentinella_region,all,agegroup_ili_ari,all,3691.2,39307.8,1459,139.92,3.77,falling,31.8,NA,NA,NA,NA,TRUE
consultations,2023-W01,week,region_6,sentinella_region,all,agegroup_ili_ari,all,1241.7,10874,577,220.71,4.16,falling,10.7,NA,NA,NA,NA,TRUE
consultations,2023-W02,week,CH,country,all,agegroup_ili_ari,all,13306.3,193973,12524,148.47,2.3,falling,100,NA,NA,NA,NA,TRUE
consultations,2023-W02,week,region_1,sentinella_region,all,agegroup_ili_ari,all,3155.5,35794.3,2438,164.83,2.42,falling,23.3,NA,NA,NA,NA,TRUE
consultations,2023-W02,week,region_2,sentinella_region,all,agegroup_ili_ari,all,2554.1,39393.6,2549,172.62,2.67,falling,18.9,NA,NA,NA,NA,TRUE
consultations,2023-W02,week,region_3,sentinella_region,all,agegroup_ili_ari,all,2015.7,36769.7,2341,133.26,2.09,falling,14.9,NA,NA,NA,NA,TRUE
consultations,2023-W02,week,region_4,sentinella_region,all,agegroup_ili_ari,all,510.8,28450.8,1615,59.75,1.05,falling,3.8,NA,NA,NA,NA,TRUE
consultations,2023-W02,week,region_5,sentinella_region,all,agegroup_ili_ari,all,3569.9,40643.1,2460,135.32,2.24,falling,26.4,NA,NA,NA,NA,TRUE
consultations,2023-W02,week,region_6,sentinella_region,all,agegroup_ili_ari,all,1741.6,12921.6,1121,309.56,3.57,stagnant,12.9,NA,NA,NA,NA,TRUE
consultations,2023-W03,week,CH,country,all,agegroup_ili_ari,all,9547.5,181173.1,11867,106.53,1.63,falling,100,NA,NA,NA,NA,TRUE
consultations,2023-W03,week,region_1,sentinella_region,all,agegroup_ili_ari,all,2846.5,29591.7,2041,148.69,2.16,falling,28.2,NA,NA,NA,NA,TRUE
consultations,2023-W03,week,region_2,sentinella_region,all,agegroup_ili_ari,all,1942.6,38082.2,2522,131.29,1.98,falling,19.2,NA,NA,NA,NA,TRUE
consultations,2023-W03,week,region_3,sentinella_region,all,agegroup_ili_ari,all,1148.7,32922.7,2138,75.94,1.17,falling,11.4,NA,NA,NA,NA,TRUE
consultations,2023-W03,week,region_4,sentinella_region,all,agegroup_ili_ari,all,402.4,29745.5,1718,47.07,0.81,falling,4,NA,NA,NA,NA,TRUE
consultations,2023-W03,week,region_5,sentinella_region,all,agegroup_ili_ari,all,3074.4,38615,2372,116.54,1.9,falling,30.4,NA,NA,NA,NA,TRUE
consultations,2023-W03,week,region_6,sentinella_region,all,agegroup_ili_ari,all,690.8,12216,1076,122.79,1.39,falling,6.8,NA,NA,NA,NA,TRUE
consultations,2023-W04,week,CH,country,all,agegroup_ili_ari,all,8749.9,175146.4,11235,97.63,1.52,falling,100,NA,NA,NA,NA,TRUE
consultations,2023-W04,week,region_1,sentinella_region,all,agegroup_ili_ari,all,1797.1,27697,1886,93.87,1.38,rising,19.8,NA,NA,NA,NA,TRUE
consultations,2023-W04,week,region_2,sentinella_region,all,agegroup_ili_ari,all,1809.9,40058.8,2605,122.32,1.88,falling,19.9,NA,NA,NA,NA,TRUE
consultations,2023-W04,week,region_3,sentinella_region,all,agegroup_ili_ari,all,810,29876.5,1893,53.55,0.85,falling,8.9,NA,NA,NA,NA,TRUE
consultations,2023-W04,week,region_4,sentinella_region,all,agegroup_ili_ari,all,512.9,26669.7,1476,59.99,1.08,falling,5.6,NA,NA,NA,NA,TRUE
consultations,2023-W04,week,region_5,sentinella_region,all,agegroup_ili_ari,all,3694.9,38555.7,2314,140.06,2.33,falling,40.7,NA,NA,NA,NA,TRUE
consultations,2023-W04,week,region_6,sentinella_region,all,agegroup_ili_ari,all,457.9,12288.6,1061,81.38,0.94,falling,5,NA,NA,NA,NA,TRUE
consultations,2023-W05,week,CH,country,all,agegroup_ili_ari,all,10651.6,187624.7,11839,118.85,1.88,falling,100,NA,NA,NA,NA,TRUE
consultations,2023-W05,week,region_1,sentinella_region,all,agegroup_ili_ari,all,1999,34477.1,2265,104.42,1.59,falling,18.9,NA,NA,NA,NA,TRUE
consultations,2023-W05,week,region_2,sentinella_region,all,agegroup_ili_ari,all,2784,40922.9,2612,188.16,2.95,falling,26.3,NA,NA,NA,NA,TRUE
consultations,2023-W05,week,region_3,sentinella_region,all,agegroup_ili_ari,all,1044.2,30419.6,1906,69.03,1.1,falling,9.9,NA,NA,NA,NA,TRUE
consultations,2023-W05,week,region_4,sentinella_region,all,agegroup_ili_ari,all,651.2,28882.2,1602,76.17,1.37,rising,6.2,NA,NA,NA,NA,TRUE
consultations,2023-W05,week,region_5,sentinella_region,all,agegroup_ili_ari,all,3479.1,39430.1,2318,131.88,2.24,stagnant,32.9,NA,NA,NA,NA,TRUE
consultations,2023-W05,week,region_6,sentinella_region,all,agegroup_ili_ari,all,625.5,13492.7,1136,111.17,1.32,falling,5.9,NA,NA,NA,NA,TRUE
consultations,2023-W06,week,CH,country,all,agegroup_ili_ari,all,13440.7,182039.6,11380,149.97,2.4,rising,100,NA,NA,NA,NA,TRUE
consultations,2023-W06,week,region_1,sentinella_region,all,agegroup_ili_ari,all,3639.3,35770.1,2334,190.1,2.91,stagnant,27.3,NA,NA,NA,NA,TRUE
consultations,2023-W06,week,region_2,sentinella_region,all,agegroup_ili_ari,all,2668.3,38816.2,2466,180.34,2.84,rising,20,NA,NA,NA,NA,TRUE
consultations,2023-W06,week,region_3,sentinella_region,all,agegroup_ili_ari,all,1882.7,32137,1970,124.47,2.03,falling,14.1,NA,NA,NA,NA,TRUE
consultations,2023-W06,week,region_4,sentinella_region,all,agegroup_ili_ari,all,680.5,23868.6,1299,79.6,1.46,rising,5.1,NA,NA,NA,NA,TRUE
consultations,2023-W06,week,region_5,sentinella_region,all,agegroup_ili_ari,all,3177.3,38193.6,2206,120.44,2.09,falling,23.9,NA,NA,NA,NA,TRUE
consultations,2023-W06,week,region_6,sentinella_region,all,agegroup_ili_ari,all,1273.5,13254,1105,226.35,2.71,falling,9.6,NA,NA,NA,NA,TRUE
consultations,2023-W07,week,CH,country,all,agegroup_ili_ari,all,10908.9,188953.3,11557,121.72,1.99,rising,100,NA,NA,NA,NA,TRUE
consultations,2023-W07,week,region_1,sentinella_region,all,agegroup_ili_ari,all,2354.9,30079.1,1918,123.01,1.93,rising,21.2,NA,NA,NA,NA,TRUE
consultations,2023-W07,week,region_2,sentinella_region,all,agegroup_ili_ari,all,1882.7,43225.1,2653,127.24,2.07,rising,16.9,NA,NA,NA,NA,TRUE
consultations,2023-W07,week,region_3,sentinella_region,all,agegroup_ili_ari,all,1543.3,40185.7,2415,102.03,1.7,rising,13.9,NA,NA,NA,NA,TRUE
consultations,2023-W07,week,region_4,sentinella_region,all,agegroup_ili_ari,all,714.7,23922.8,1277,83.6,1.57,rising,6.4,NA,NA,NA,NA,TRUE
consultations,2023-W07,week,region_5,sentinella_region,all,agegroup_ili_ari,all,3583.6,37543.9,2151,135.84,2.37,rising,32.2,NA,NA,NA,NA,TRUE
consultations,2023-W07,week,region_6,sentinella_region,all,agegroup_ili_ari,all,1045.1,13996.8,1143,185.76,2.27,rising,9.4,NA,NA,NA,NA,TRUE
consultations,2023-W08,week,CH,country,all,agegroup_ili_ari,all,13177.2,184317.2,11288,147.03,2.4,rising,100,NA,NA,NA,NA,TRUE
consultations,2023-W08,week,region_1,sentinella_region,all,agegroup_ili_ari,all,4001.1,33014.9,2143,209,3.22,rising,28.7,NA,NA,NA,NA,TRUE
consultations,2023-W08,week,region_2,sentinella_region,all,agegroup_ili_ari,all,2067.6,42222.1,2613,139.74,2.26,falling,14.8,NA,NA,NA,NA,TRUE
consultations,2023-W08,week,region_3,sentinella_region,all,agegroup_ili_ari,all,2047.8,36933.6,2225,135.38,2.25,rising,14.7,NA,NA,NA,NA,TRUE
consultations,2023-W08,week,region_4,sentinella_region,all,agegroup_ili_ari,all,226.3,22667.8,1235,26.47,0.49,falling,1.6,NA,NA,NA,NA,TRUE
consultations,2023-W08,week,region_5,sentinella_region,all,agegroup_ili_ari,all,3994.3,40288.6,2324,151.41,2.62,rising,28.7,NA,NA,NA,NA,TRUE
consultations,2023-W08,week,region_6,sentinella_region,all,agegroup_ili_ari,all,1591.7,9190.2,748,282.91,3.48,rising,11.4,NA,NA,NA,NA,TRUE
consultations,2023-W09,week,CH,country,all,agegroup_ili_ari,all,10923.2,181320.2,10854,121.88,2.04,stagnant,100,NA,NA,NA,NA,TRUE
consultations,2023-W09,week,region_1,sentinella_region,all,agegroup_ili_ari,all,2852.9,28854.8,1842,149.02,2.33,rising,25.3,NA,NA,NA,NA,TRUE
consultations,2023-W09,week,region_2,sentinella_region,all,agegroup_ili_ari,all,1950.3,41725.8,2525,131.81,2.18,falling,17.3,NA,NA,NA,NA,TRUE
consultations,2023-W09,week,region_3,sentinella_region,all,agegroup_ili_ari,all,1757.8,26675.1,1555,116.21,1.99,rising,15.6,NA,NA,NA,NA,TRUE
consultations,2023-W09,week,region_4,sentinella_region,all,agegroup_ili_ari,all,448.2,30515.8,1584,52.43,1.01,falling,4,NA,NA,NA,NA,TRUE
consultations,2023-W09,week,region_5,sentinella_region,all,agegroup_ili_ari,all,3038.3,39940.2,2249,115.17,2.05,stagnant,26.9,NA,NA,NA,NA,TRUE
consultations,2023-W09,week,region_6,sentinella_region,all,agegroup_ili_ari,all,1240.3,13608.6,1099,220.45,2.73,rising,11,NA,NA,NA,NA,TRUE
consultations,2023-W10,week,CH,country,all,agegroup_ili_ari,all,11686.8,209358.6,12766,130.4,2.14,falling,100,NA,NA,NA,NA,TRUE
consultations,2023-W10,week,region_1,sentinella_region,all,agegroup_ili_ari,all,2729.6,37874.4,2427,142.58,2.22,falling,22.4,NA,NA,NA,NA,TRUE
consultations,2023-W10,week,region_2,sentinella_region,all,agegroup_ili_ari,all,2289.7,40710.1,2509,154.75,2.51,falling,18.8,NA,NA,NA,NA,TRUE
consultations,2023-W10,week,region_3,sentinella_region,all,agegroup_ili_ari,all,1825,38957.1,2333,120.65,2.01,stagnant,15,NA,NA,NA,NA,TRUE
consultations,2023-W10,week,region_4,sentinella_region,all,agegroup_ili_ari,all,445.5,30704.9,1642,52.11,0.97,falling,3.7,NA,NA,NA,NA,TRUE
consultations,2023-W10,week,region_5,sentinella_region,all,agegroup_ili_ari,all,4123.9,46698.5,2675,156.32,2.73,rising,33.8,NA,NA,NA,NA,TRUE
consultations,2023-W10,week,region_6,sentinella_region,all,agegroup_ili_ari,all,780.7,14413.6,1180,138.76,1.69,falling,6.4,NA,NA,NA,NA,TRUE
consultations,2023-W11,week,CH,country,all,agegroup_ili_ari,all,9365.6,187555.8,11936,104.5,1.64,falling,100,NA,NA,NA,NA,TRUE
consultations,2023-W11,week,region_1,sentinella_region,all,agegroup_ili_ari,all,3002,33162.1,2214,156.81,2.35,stagnant,31,NA,NA,NA,NA,TRUE
consultations,2023-W11,week,region_2,sentinella_region,all,agegroup_ili_ari,all,1454.6,40686.2,2588,98.31,1.55,falling,15,NA,NA,NA,NA,TRUE
consultations,2023-W11,week,region_3,sentinella_region,all,agegroup_ili_ari,all,1155.8,34028,2127,76.41,1.22,falling,11.9,NA,NA,NA,NA,TRUE
consultations,2023-W11,week,region_4,sentinella_region,all,agegroup_ili_ari,all,299.8,22810.9,1294,35.07,0.62,falling,3.1,NA,NA,NA,NA,TRUE
consultations,2023-W11,week,region_5,sentinella_region,all,agegroup_ili_ari,all,2672.6,43430,2571,101.31,1.71,falling,27.6,NA,NA,NA,NA,TRUE
consultations,2023-W11,week,region_6,sentinella_region,all,agegroup_ili_ari,all,1088.5,13438.6,1142,193.47,2.28,falling,11.3,NA,NA,NA,NA,TRUE
consultations,2023-W12,week,CH,country,all,agegroup_ili_ari,all,10353.2,185245.2,11305,115.52,1.89,falling,100,NA,NA,NA,NA,TRUE
consultations,2023-W12,week,region_1,sentinella_region,all,agegroup_ili_ari,all,3425.8,35206.2,2266,178.95,2.78,falling,30.7,NA,NA,NA,NA,TRUE
consultations,2023-W12,week,region_2,sentinella_region,all,agegroup_ili_ari,all,1475.5,39110.1,2397,99.72,1.63,falling,13.2,NA,NA,NA,NA,TRUE
consultations,2023-W12,week,region_3,sentinella_region,all,agegroup_ili_ari,all,1354.4,34619.5,2077,89.54,1.49,falling,12.2,NA,NA,NA,NA,TRUE
consultations,2023-W12,week,region_4,sentinella_region,all,agegroup_ili_ari,all,254.5,26869.1,1452,29.77,0.55,stagnant,2.3,NA,NA,NA,NA,TRUE
consultations,2023-W12,week,region_5,sentinella_region,all,agegroup_ili_ari,all,3635.3,37009.8,2092,137.8,2.44,falling,32.6,NA,NA,NA,NA,TRUE
consultations,2023-W12,week,region_6,sentinella_region,all,agegroup_ili_ari,all,995.7,12430.5,1021,176.98,2.15,falling,8.9,NA,NA,NA,NA,TRUE
consultations,2023-W13,week,CH,country,all,agegroup_ili_ari,all,7413.6,195834.7,11329,82.72,1.43,falling,100,NA,NA,NA,NA,TRUE
consultations,2023-W13,week,region_1,sentinella_region,all,agegroup_ili_ari,all,2491.2,36887.4,2254,130.13,2.13,stagnant,31.5,NA,NA,NA,NA,TRUE
consultations,2023-W13,week,region_2,sentinella_region,all,agegroup_ili_ari,all,1435.7,40195,2340,97.03,1.67,falling,18.2,NA,NA,NA,NA,TRUE
consultations,2023-W13,week,region_3,sentinella_region,all,agegroup_ili_ari,all,687.2,37418.4,2123,45.43,0.8,falling,8.7,NA,NA,NA,NA,TRUE
consultations,2023-W13,week,region_4,sentinella_region,all,agegroup_ili_ari,all,151.9,28144.7,1443,17.77,0.35,falling,1.9,NA,NA,NA,NA,TRUE
consultations,2023-W13,week,region_5,sentinella_region,all,agegroup_ili_ari,all,2440.5,41076.2,2232,92.51,1.7,falling,30.9,NA,NA,NA,NA,TRUE
consultations,2023-W13,week,region_6,sentinella_region,all,agegroup_ili_ari,all,696.7,12113.2,937,123.83,1.6,falling,8.8,NA,NA,NA,NA,TRUE
consultations,2023-W14,week,CH,country,all,agegroup_ili_ari,all,7108,171476.7,9589,79.31,1.42,falling,100,NA,NA,NA,NA,TRUE
consultations,2023-W14,week,region_1,sentinella_region,all,agegroup_ili_ari,all,1975.7,30039,1760,103.2,1.76,falling,26.5,NA,NA,NA,NA,TRUE
consultations,2023-W14,week,region_2,sentinella_region,all,agegroup_ili_ari,all,1540.9,36490.7,2047,104.14,1.86,falling,20.7,NA,NA,NA,NA,TRUE
consultations,2023-W14,week,region_3,sentinella_region,all,agegroup_ili_ari,all,816.8,29627.9,1617,54,0.99,falling,11,NA,NA,NA,NA,TRUE
consultations,2023-W14,week,region_4,sentinella_region,all,agegroup_ili_ari,all,96.7,26525.7,1301,11.31,0.23,falling,1.3,NA,NA,NA,NA,TRUE
consultations,2023-W14,week,region_5,sentinella_region,all,agegroup_ili_ari,all,2312.3,35366.6,1861,87.65,1.67,falling,31,NA,NA,NA,NA,TRUE
consultations,2023-W14,week,region_6,sentinella_region,all,agegroup_ili_ari,all,712.3,13426.9,1003,126.61,1.69,falling,9.6,NA,NA,NA,NA,TRUE
consultations,2023-W15,week,CH,country,all,agegroup_ili_ari,all,4790.3,136583,7404,53.45,0.99,falling,100,NA,NA,NA,NA,TRUE
consultations,2023-W15,week,region_1,sentinella_region,all,agegroup_ili_ari,all,578.2,16558.2,939,30.2,0.53,falling,12.1,NA,NA,NA,NA,TRUE
consultations,2023-W15,week,region_2,sentinella_region,all,agegroup_ili_ari,all,889.1,33286.1,1831,60.09,1.09,falling,18.6,NA,NA,NA,NA,TRUE
consultations,2023-W15,week,region_3,sentinella_region,all,agegroup_ili_ari,all,950.4,22282.2,1207,62.83,1.16,falling,19.9,NA,NA,NA,NA,TRUE
consultations,2023-W15,week,region_4,sentinella_region,all,agegroup_ili_ari,all,200.9,21272.4,1024,23.5,0.49,falling,4.2,NA,NA,NA,NA,TRUE
consultations,2023-W15,week,region_5,sentinella_region,all,agegroup_ili_ari,all,1771.2,35747,1856,67.14,1.29,falling,37.1,NA,NA,NA,NA,TRUE
consultations,2023-W15,week,region_6,sentinella_region,all,agegroup_ili_ari,all,378.2,7437,547,67.23,0.91,falling,7.9,NA,NA,NA,NA,TRUE
consultations,2023-W16,week,CH,country,all,agegroup_ili_ari,all,3784.8,196544,10150,42.23,0.82,falling,100,NA,NA,NA,NA,TRUE
consultations,2023-W16,week,region_1,sentinella_region,all,agegroup_ili_ari,all,729.6,28866.6,1561,38.11,0.7,falling,19.1,NA,NA,NA,NA,TRUE
consultations,2023-W16,week,region_2,sentinella_region,all,agegroup_ili_ari,all,996.5,32665.8,1697,67.35,1.3,falling,26.1,NA,NA,NA,NA,TRUE
consultations,2023-W16,week,region_3,sentinella_region,all,agegroup_ili_ari,all,480.9,40889.4,2090,31.79,0.62,falling,12.6,NA,NA,NA,NA,TRUE
consultations,2023-W16,week,region_4,sentinella_region,all,agegroup_ili_ari,all,104.6,32687.4,1482,12.24,0.27,falling,2.7,NA,NA,NA,NA,TRUE
consultations,2023-W16,week,region_5,sentinella_region,all,agegroup_ili_ari,all,866.6,45663.7,2227,32.85,0.67,falling,22.7,NA,NA,NA,NA,TRUE
consultations,2023-W16,week,region_6,sentinella_region,all,agegroup_ili_ari,all,642.1,15771.1,1093,114.13,1.65,falling,16.8,NA,NA,NA,NA,TRUE
consultations,2023-W17,week,CH,country,all,agegroup_ili_ari,all,4128,208438.8,11161,46.06,0.86,falling,100,NA,NA,NA,NA,TRUE
consultations,2023-W17,week,region_1,sentinella_region,all,agegroup_ili_ari,all,1306,38109.7,2153,68.22,1.21,falling,30.5,NA,NA,NA,NA,TRUE
consultations,2023-W17,week,region_2,sentinella_region,all,agegroup_ili_ari,all,887.6,46675.2,2509,59.99,1.12,falling,20.7,NA,NA,NA,NA,TRUE
consultations,2023-W17,week,region_3,sentinella_region,all,agegroup_ili_ari,all,365,37304.2,1975,24.13,0.46,falling,8.5,NA,NA,NA,NA,TRUE
consultations,2023-W17,week,region_4,sentinella_region,all,agegroup_ili_ari,all,80.5,31848.5,1502,9.42,0.2,falling,1.9,NA,NA,NA,NA,TRUE
consultations,2023-W17,week,region_5,sentinella_region,all,agegroup_ili_ari,all,1075,41715.6,2100,40.75,0.81,falling,25.1,NA,NA,NA,NA,TRUE
consultations,2023-W17,week,region_6,sentinella_region,all,agegroup_ili_ari,all,572.1,12785.5,922,101.68,1.41,falling,13.3,NA,NA,NA,NA,TRUE
consultations,2023-W18,week,CH,country,all,agegroup_ili_ari,all,4389.7,191914.6,10400,48.98,0.9,falling,100,NA,NA,NA,NA,TRUE
consultations,2023-W18,week,region_1,sentinella_region,all,agegroup_ili_ari,all,1368.8,36361.9,2072,71.5,1.25,falling,33.4,NA,NA,NA,NA,TRUE
consultations,2023-W18,week,region_2,sentinella_region,all,agegroup_ili_ari,all,974.6,47064.8,2543,65.87,1.22,falling,23.8,NA,NA,NA,NA,TRUE
consultations,2023-W18,week,region_3,sentinella_region,all,agegroup_ili_ari,all,509,35664.2,1902,33.65,0.63,falling,12.4,NA,NA,NA,NA,TRUE
consultations,2023-W18,week,region_4,sentinella_region,all,agegroup_ili_ari,all,254.3,26893.3,1269,29.75,0.63,rising,6.2,NA,NA,NA,NA,TRUE
consultations,2023-W18,week,region_5,sentinella_region,all,agegroup_ili_ari,all,559.5,32999,1677,21.21,0.42,falling,13.6,NA,NA,NA,NA,TRUE
consultations,2023-W18,week,region_6,sentinella_region,all,agegroup_ili_ari,all,435.1,12931.3,937,77.33,1.07,falling,10.6,NA,NA,NA,NA,TRUE
consultations,2023-W19,week,CH,country,all,agegroup_ili_ari,all,3580.4,202767.6,11579,39.95,0.7,falling,100,NA,NA,NA,NA,TRUE
consultations,2023-W19,week,region_1,sentinella_region,all,agegroup_ili_ari,all,1049.1,34671.9,2099,54.8,0.91,rising,28.2,NA,NA,NA,NA,TRUE
consultations,2023-W19,week,region_2,sentinella_region,all,agegroup_ili_ari,all,727.2,40693.1,2324,49.15,0.86,falling,19.5,NA,NA,NA,NA,TRUE
consultations,2023-W19,week,region_3,sentinella_region,all,agegroup_ili_ari,all,488.6,40243.1,2264,32.3,0.57,falling,13.1,NA,NA,NA,NA,TRUE
consultations,2023-W19,week,region_4,sentinella_region,all,agegroup_ili_ari,all,89.7,28604.3,1422,10.49,0.21,stagnant,2.4,NA,NA,NA,NA,TRUE
consultations,2023-W19,week,region_5,sentinella_region,all,agegroup_ili_ari,all,1004.8,44625.6,2402,38.09,0.71,falling,27,NA,NA,NA,NA,TRUE
consultations,2023-W19,week,region_6,sentinella_region,all,agegroup_ili_ari,all,363.5,13929.4,1068,64.61,0.84,falling,9.8,NA,NA,NA,NA,TRUE
consultations,2023-W20,week,CH,country,all,agegroup_ili_ari,all,2942.3,146215.1,8380,32.83,0.57,falling,100,NA,NA,NA,NA,TRUE
consultations,2023-W20,week,region_1,sentinella_region,all,agegroup_ili_ari,all,1394.5,19220.7,1166,72.84,1.2,rising,42.9,NA,NA,NA,NA,TRUE
consultations,2023-W20,week,region_2,sentinella_region,all,agegroup_ili_ari,all,461.6,35260.1,2027,31.2,0.54,falling,14.2,NA,NA,NA,NA,TRUE
consultations,2023-W20,week,region_3,sentinella_region,all,agegroup_ili_ari,all,331,27421.4,1546,21.88,0.39,falling,10.2,NA,NA,NA,NA,TRUE
consultations,2023-W20,week,region_4,sentinella_region,all,agegroup_ili_ari,all,119.1,21537.9,1088,13.93,0.28,stagnant,3.7,NA,NA,NA,NA,TRUE
consultations,2023-W20,week,region_5,sentinella_region,all,agegroup_ili_ari,all,571.7,32298.2,1749,21.67,0.4,falling,17.6,NA,NA,NA,NA,TRUE
consultations,2023-W20,week,region_6,sentinella_region,all,agegroup_ili_ari,all,375.9,10476.8,804,66.81,0.87,falling,11.6,NA,NA,NA,NA,TRUE
consultations,2023-W21,week,CH,country,all,agegroup_ili_ari,all,3452.3,184302.4,10177,38.52,0.7,falling,100,NA,NA,NA,NA,TRUE
consultations,2023-W21,week,region_1,sentinella_region,all,agegroup_ili_ari,all,2034.8,31046.2,1810,106.29,1.82,rising,55.2,NA,NA,NA,NA,TRUE
consultations,2023-W21,week,region_2,sentinella_region,all,agegroup_ili_ari,all,589.2,42694.5,2370,39.82,0.72,falling,16,NA,NA,NA,NA,TRUE
consultations,2023-W21,week,region_3,sentinella_region,all,agegroup_ili_ari,all,157,28893.6,1558,10.38,0.19,falling,4.3,NA,NA,NA,NA,TRUE
consultations,2023-W21,week,region_4,sentinella_region,all,agegroup_ili_ari,all,0,25651.9,1251,0,0,falling,0,NA,NA,NA,NA,TRUE
consultations,2023-W21,week,region_5,sentinella_region,all,agegroup_ili_ari,all,429.2,43027.2,2229,16.27,0.31,falling,11.6,NA,NA,NA,NA,TRUE
consultations,2023-W21,week,region_6,sentinella_region,all,agegroup_ili_ari,all,476.5,12989,959,84.69,1.15,falling,12.9,NA,NA,NA,NA,TRUE
consultations,2023-W22,week,CH,country,all,agegroup_ili_ari,all,1710,172944.2,9585,19.08,0.34,falling,100,NA,NA,NA,NA,TRUE
consultations,2023-W22,week,region_1,sentinella_region,all,agegroup_ili_ari,all,202.2,28420.7,1641,10.56,0.18,falling,12.3,NA,NA,NA,NA,TRUE
consultations,2023-W22,week,region_2,sentinella_region,all,agegroup_ili_ari,all,310.9,38085.8,2126,21.01,0.38,falling,18.9,NA,NA,NA,NA,TRUE
consultations,2023-W22,week,region_3,sentinella_region,all,agegroup_ili_ari,all,486.9,34172.2,1869,32.19,0.59,falling,29.5,NA,NA,NA,NA,TRUE
consultations,2023-W22,week,region_4,sentinella_region,all,agegroup_ili_ari,all,0,24349.9,1191,0,0,falling,0,NA,NA,NA,NA,TRUE
consultations,2023-W22,week,region_5,sentinella_region,all,agegroup_ili_ari,all,367,35935.8,1870,13.91,0.27,falling,22.3,NA,NA,NA,NA,TRUE
consultations,2023-W22,week,region_6,sentinella_region,all,agegroup_ili_ari,all,281.8,11979.8,888,50.08,0.68,falling,17.1,NA,NA,NA,NA,TRUE
consultations,2023-W23,week,CH,country,all,agegroup_ili_ari,all,2750.5,195514.4,11408,30.69,0.53,falling,100,NA,NA,NA,NA,TRUE
consultations,2023-W23,week,region_1,sentinella_region,all,agegroup_ili_ari,all,963.3,33780.7,2076,50.32,0.82,falling,33.7,NA,NA,NA,NA,TRUE
consultations,2023-W23,week,region_2,sentinella_region,all,agegroup_ili_ari,all,328.3,45060.3,2648,22.19,0.38,falling,11.5,NA,NA,NA,NA,TRUE
consultations,2023-W23,week,region_3,sentinella_region,all,agegroup_ili_ari,all,554.8,38163,2197,36.68,0.64,rising,19.4,NA,NA,NA,NA,TRUE
consultations,2023-W23,week,region_4,sentinella_region,all,agegroup_ili_ari,all,69.2,24726.5,1267,8.09,0.16,falling,2.4,NA,NA,NA,NA,TRUE
consultations,2023-W23,week,region_5,sentinella_region,all,agegroup_ili_ari,all,568,41810.3,2285,21.53,0.39,falling,19.9,NA,NA,NA,NA,TRUE
consultations,2023-W23,week,region_6,sentinella_region,all,agegroup_ili_ari,all,375.9,11973.4,935,66.81,0.86,stagnant,13.1,NA,NA,NA,NA,TRUE
consultations,2023-W24,week,CH,country,all,agegroup_ili_ari,all,2081,206710.7,11759,23.22,0.41,falling,100,NA,NA,NA,NA,TRUE
consultations,2023-W24,week,region_1,sentinella_region,all,agegroup_ili_ari,all,541.6,31816.4,1920,28.29,0.47,falling,26.4,NA,NA,NA,NA,TRUE
consultations,2023-W24,week,region_2,sentinella_region,all,agegroup_ili_ari,all,627.5,44803.5,2562,42.41,0.74,stagnant,30.6,NA,NA,NA,NA,TRUE
consultations,2023-W24,week,region_3,sentinella_region,all,agegroup_ili_ari,all,149,40627,2280,9.85,0.18,stagnant,7.3,NA,NA,NA,NA,TRUE
consultations,2023-W24,week,region_4,sentinella_region,all,agegroup_ili_ari,all,0,30775.3,1538,0,0,falling,0,NA,NA,NA,NA,TRUE
consultations,2023-W24,week,region_5,sentinella_region,all,agegroup_ili_ari,all,295.7,44597.9,2383,11.21,0.21,falling,14.4,NA,NA,NA,NA,TRUE
consultations,2023-W24,week,region_6,sentinella_region,all,agegroup_ili_ari,all,439.2,14090.5,1076,78.07,1.02,stagnant,21.4,NA,NA,NA,NA,TRUE
consultations,2023-W25,week,CH,country,all,agegroup_ili_ari,all,1694.8,190389.3,10808,18.91,0.33,falling,100,NA,NA,NA,NA,TRUE
consultations,2023-W25,week,region_1,sentinella_region,all,agegroup_ili_ari,all,404.3,33138.4,1989,21.12,0.35,falling,25.1,NA,NA,NA,NA,TRUE
consultations,2023-W25,week,region_2,sentinella_region,all,agegroup_ili_ari,all,542.7,40895.8,2360,36.68,0.64,rising,33.7,NA,NA,NA,NA,TRUE
consultations,2023-W25,week,region_3,sentinella_region,all,agegroup_ili_ari,all,181.7,33311.3,1890,12.01,0.21,falling,11.3,NA,NA,NA,NA,TRUE
consultations,2023-W25,week,region_4,sentinella_region,all,agegroup_ili_ari,all,84.6,30344.6,1514,9.89,0.2,rising,5.2,NA,NA,NA,NA,TRUE
consultations,2023-W25,week,region_5,sentinella_region,all,agegroup_ili_ari,all,188.4,42015.6,2245,7.14,0.13,falling,11.7,NA,NA,NA,NA,TRUE
consultations,2023-W25,week,region_6,sentinella_region,all,agegroup_ili_ari,all,210.6,10683.6,810,37.44,0.49,falling,13.1,NA,NA,NA,NA,TRUE
consultations,2023-W26,week,CH,country,all,agegroup_ili_ari,all,974.2,184025.3,10444,10.87,0.19,falling,100,NA,NA,NA,NA,TRUE
consultations,2023-W26,week,region_1,sentinella_region,all,agegroup_ili_ari,all,313,30571.8,1855,16.35,0.27,falling,31.3,NA,NA,NA,NA,TRUE
consultations,2023-W26,week,region_2,sentinella_region,all,agegroup_ili_ari,all,113.9,38976.7,2248,7.7,0.13,falling,11.4,NA,NA,NA,NA,TRUE
consultations,2023-W26,week,region_3,sentinella_region,all,agegroup_ili_ari,all,258.5,35099.5,1988,17.09,0.3,falling,25.8,NA,NA,NA,NA,TRUE
consultations,2023-W26,week,region_4,sentinella_region,all,agegroup_ili_ari,all,52.1,32850.5,1651,6.09,0.12,rising,5.2,NA,NA,NA,NA,TRUE
consultations,2023-W26,week,region_5,sentinella_region,all,agegroup_ili_ari,all,69.9,37804.7,2030,2.65,0.05,falling,7,NA,NA,NA,NA,TRUE
consultations,2023-W26,week,region_6,sentinella_region,all,agegroup_ili_ari,all,193.5,8722.1,672,34.4,0.45,falling,19.3,NA,NA,NA,NA,TRUE
consultations,2023-W27,week,CH,country,all,agegroup_ili_ari,all,1490.4,186392.2,10230,16.63,0.3,falling,100,NA,NA,NA,NA,TRUE
consultations,2023-W27,week,region_1,sentinella_region,all,agegroup_ili_ari,all,350.3,27319.2,1611,18.3,0.31,falling,24.7,NA,NA,NA,NA,TRUE
consultations,2023-W27,week,region_2,sentinella_region,all,agegroup_ili_ari,all,450.7,42676.7,2376,30.46,0.55,falling,31.8,NA,NA,NA,NA,TRUE
consultations,2023-W27,week,region_3,sentinella_region,all,agegroup_ili_ari,all,274.5,33056.9,1825,18.15,0.33,falling,19.3,NA,NA,NA,NA,TRUE
consultations,2023-W27,week,region_4,sentinella_region,all,agegroup_ili_ari,all,73.9,34741,1692,8.64,0.18,rising,5.2,NA,NA,NA,NA,TRUE
consultations,2023-W27,week,region_5,sentinella_region,all,agegroup_ili_ari,all,65.4,40323.8,2106,2.48,0.05,falling,4.6,NA,NA,NA,NA,TRUE
consultations,2023-W27,week,region_6,sentinella_region,all,agegroup_ili_ari,all,204,8274.5,620,36.26,0.48,falling,14.4,NA,NA,NA,NA,TRUE
consultations,2023-W28,week,CH,country,all,agegroup_ili_ari,all,1739.6,185479.9,9256,19.41,0.39,falling,100,NA,NA,NA,NA,TRUE
consultations,2023-W28,week,region_1,sentinella_region,all,agegroup_ili_ari,all,260.2,29435.6,1559,13.59,0.26,falling,15.4,NA,NA,NA,NA,TRUE
consultations,2023-W28,week,region_2,sentinella_region,all,agegroup_ili_ari,all,421.2,45665.1,2286,28.47,0.57,falling,24.9,NA,NA,NA,NA,TRUE
consultations,2023-W28,week,region_3,sentinella_region,all,agegroup_ili_ari,all,344,26386.8,1311,22.74,0.46,rising,20.3,NA,NA,NA,NA,TRUE
consultations,2023-W28,week,region_4,sentinella_region,all,agegroup_ili_ari,all,58.6,29166.4,1288,6.86,0.16,rising,3.5,NA,NA,NA,NA,TRUE
consultations,2023-W28,week,region_5,sentinella_region,all,agegroup_ili_ari,all,238.5,44229.8,2098,9.04,0.19,falling,14.1,NA,NA,NA,NA,TRUE
consultations,2023-W28,week,region_6,sentinella_region,all,agegroup_ili_ari,all,371.7,10596.3,714,66.06,0.98,falling,21.9,NA,NA,NA,NA,TRUE
consultations,2023-W29,week,CH,country,all,agegroup_ili_ari,all,1360.5,184398,8298,15.18,0.34,stagnant,100,NA,NA,NA,NA,TRUE
consultations,2023-W29,week,region_1,sentinella_region,all,agegroup_ili_ari,all,217.5,35199.4,1657,11.36,0.24,falling,20.3,NA,NA,NA,NA,TRUE
consultations,2023-W29,week,region_2,sentinella_region,all,agegroup_ili_ari,all,482.1,42973.5,1890,32.58,0.74,rising,44.9,NA,NA,NA,NA,TRUE
consultations,2023-W29,week,region_3,sentinella_region,all,agegroup_ili_ari,all,0,27178.6,1195,0,0,falling,0,NA,NA,NA,NA,TRUE
consultations,2023-W29,week,region_4,sentinella_region,all,agegroup_ili_ari,all,93.5,27427.1,1075,10.94,0.28,stagnant,8.7,NA,NA,NA,NA,TRUE
consultations,2023-W29,week,region_5,sentinella_region,all,agegroup_ili_ari,all,74.9,35232.2,1499,2.84,0.07,stagnant,7,NA,NA,NA,NA,TRUE
consultations,2023-W29,week,region_6,sentinella_region,all,agegroup_ili_ari,all,206,16387.2,982,36.61,0.61,rising,19.2,NA,NA,NA,NA,TRUE
consultations,2023-W30,week,CH,country,all,agegroup_ili_ari,all,1384.7,181171.9,6922,15.45,0.4,rising,100,NA,NA,NA,NA,TRUE
consultations,2023-W30,week,region_1,sentinella_region,all,agegroup_ili_ari,all,360.1,31896.4,1284,18.81,0.47,stagnant,25.3,NA,NA,NA,NA,TRUE
consultations,2023-W30,week,region_2,sentinella_region,all,agegroup_ili_ari,all,128.3,46128.3,1683,8.67,0.24,stagnant,9,NA,NA,NA,NA,TRUE
consultations,2023-W30,week,region_3,sentinella_region,all,agegroup_ili_ari,all,88.8,34062.1,1294,5.87,0.15,falling,6.2,NA,NA,NA,NA,TRUE
consultations,2023-W30,week,region_4,sentinella_region,all,agegroup_ili_ari,all,111.6,22989.2,772,13.05,0.39,rising,7.8,NA,NA,NA,NA,TRUE
consultations,2023-W30,week,region_5,sentinella_region,all,agegroup_ili_ari,all,408.6,32284.7,1181,15.49,0.42,rising,28.7,NA,NA,NA,NA,TRUE
consultations,2023-W30,week,region_6,sentinella_region,all,agegroup_ili_ari,all,325.9,13811.1,708,57.92,1.13,rising,22.9,NA,NA,NA,NA,TRUE
consultations,2023-W31,week,CH,country,all,agegroup_ili_ari,all,1740.5,169968.3,5296,19.42,0.62,stagnant,100,NA,NA,NA,NA,TRUE
consultations,2023-W31,week,region_1,sentinella_region,all,agegroup_ili_ari,all,493.5,19397.7,643,25.78,0.78,rising,25.6,NA,NA,NA,NA,TRUE
consultations,2023-W31,week,region_2,sentinella_region,all,agegroup_ili_ari,all,326.8,45270.2,1372,22.09,0.73,falling,16.9,NA,NA,NA,NA,TRUE
consultations,2023-W31,week,region_3,sentinella_region,all,agegroup_ili_ari,all,193.9,31192.7,995,12.82,0.4,falling,10.1,NA,NA,NA,NA,TRUE
consultations,2023-W31,week,region_4,sentinella_region,all,agegroup_ili_ari,all,52.7,32489.2,890,6.16,0.22,stagnant,2.7,NA,NA,NA,NA,TRUE
consultations,2023-W31,week,region_5,sentinella_region,all,agegroup_ili_ari,all,590.7,31267.2,942,22.39,0.74,rising,30.6,NA,NA,NA,NA,TRUE
consultations,2023-W31,week,region_6,sentinella_region,all,agegroup_ili_ari,all,271.7,10351.4,454,48.3,1.1,stagnant,14.1,NA,NA,NA,NA,TRUE
consultations,2023-W32,week,CH,country,all,agegroup_ili_ari,all,2954,191141.5,8037,32.96,0.78,rising,100,NA,NA,NA,NA,TRUE
consultations,2023-W32,week,region_1,sentinella_region,all,agegroup_ili_ari,all,500.4,15302.4,685,26.14,0.58,rising,15.8,NA,NA,NA,NA,TRUE
consultations,2023-W32,week,region_2,sentinella_region,all,agegroup_ili_ari,all,462.5,47980.2,1998,31.26,0.75,stagnant,14.6,NA,NA,NA,NA,TRUE
consultations,2023-W32,week,region_3,sentinella_region,all,agegroup_ili_ari,all,310.7,38954.2,1654,20.54,0.48,rising,9.8,NA,NA,NA,NA,TRUE
consultations,2023-W32,week,region_4,sentinella_region,all,agegroup_ili_ari,all,171.2,34948.9,1306,20.03,0.54,rising,5.4,NA,NA,NA,NA,TRUE
consultations,2023-W32,week,region_5,sentinella_region,all,agegroup_ili_ari,all,1394.2,41624.6,1683,52.85,1.31,rising,44.1,NA,NA,NA,NA,TRUE
consultations,2023-W32,week,region_6,sentinella_region,all,agegroup_ili_ari,all,319.4,12331.1,711,56.77,0.98,stagnant,10.1,NA,NA,NA,NA,TRUE
consultations,2023-W33,week,CH,country,all,agegroup_ili_ari,all,2646.6,199771.5,9703,29.53,0.61,rising,100,NA,NA,NA,NA,TRUE
consultations,2023-W33,week,region_1,sentinella_region,all,agegroup_ili_ari,all,604.8,28489.2,1464,31.59,0.61,rising,21.3,NA,NA,NA,NA,TRUE
consultations,2023-W33,week,region_2,sentinella_region,all,agegroup_ili_ari,all,424.1,45363.9,2197,28.66,0.59,rising,14.9,NA,NA,NA,NA,TRUE
consultations,2023-W33,week,region_3,sentinella_region,all,agegroup_ili_ari,all,296.2,40855.7,1983,19.58,0.4,rising,10.4,NA,NA,NA,NA,TRUE
consultations,2023-W33,week,region_4,sentinella_region,all,agegroup_ili_ari,all,68,25169.3,1085,7.95,0.18,stagnant,2.4,NA,NA,NA,NA,TRUE
consultations,2023-W33,week,region_5,sentinella_region,all,agegroup_ili_ari,all,1109.8,49914.4,2316,42.07,0.91,rising,39.1,NA,NA,NA,NA,TRUE
consultations,2023-W33,week,region_6,sentinella_region,all,agegroup_ili_ari,all,338.3,9979,658,60.13,0.91,rising,11.9,NA,NA,NA,NA,TRUE
consultations,2023-W34,week,CH,country,all,agegroup_ili_ari,all,2461.9,203890.6,11323,27.47,0.49,rising,100,NA,NA,NA,NA,TRUE
consultations,2023-W34,week,region_1,sentinella_region,all,agegroup_ili_ari,all,558.6,34264.9,2013,29.18,0.5,rising,21.6,NA,NA,NA,NA,TRUE
consultations,2023-W34,week,region_2,sentinella_region,all,agegroup_ili_ari,all,523.3,42408.4,2349,35.37,0.64,rising,20.2,NA,NA,NA,NA,TRUE
consultations,2023-W34,week,region_3,sentinella_region,all,agegroup_ili_ari,all,189.5,39913.2,2199,12.53,0.23,rising,7.3,NA,NA,NA,NA,TRUE
consultations,2023-W34,week,region_4,sentinella_region,all,agegroup_ili_ari,all,87.5,29300.6,1435,10.24,0.21,stagnant,3.4,NA,NA,NA,NA,TRUE
consultations,2023-W34,week,region_5,sentinella_region,all,agegroup_ili_ari,all,878.5,45049.4,2359,33.3,0.64,rising,34,NA,NA,NA,NA,TRUE
consultations,2023-W34,week,region_6,sentinella_region,all,agegroup_ili_ari,all,347.5,12954,968,61.76,0.83,stagnant,13.4,NA,NA,NA,NA,TRUE
consultations,2023-W35,week,CH,country,all,agegroup_ili_ari,all,4149.5,194395.6,10949,46.3,0.82,rising,100,NA,NA,NA,NA,TRUE
consultations,2023-W35,week,region_1,sentinella_region,all,agegroup_ili_ari,all,1213.2,33140.5,1978,63.37,1.06,rising,26.8,NA,NA,NA,NA,TRUE
consultations,2023-W35,week,region_2,sentinella_region,all,agegroup_ili_ari,all,726.2,42789.4,2405,49.08,0.87,rising,16,NA,NA,NA,NA,TRUE
consultations,2023-W35,week,region_3,sentinella_region,all,agegroup_ili_ari,all,637.6,37956.9,2112,42.15,0.76,rising,14.1,NA,NA,NA,NA,TRUE
consultations,2023-W35,week,region_4,sentinella_region,all,agegroup_ili_ari,all,55.6,30757,1524,6.5,0.13,falling,1.2,NA,NA,NA,NA,TRUE
consultations,2023-W35,week,region_5,sentinella_region,all,agegroup_ili_ari,all,1486.6,37264.4,1987,56.35,1.06,rising,32.9,NA,NA,NA,NA,TRUE
consultations,2023-W35,week,region_6,sentinella_region,all,agegroup_ili_ari,all,405.5,12487.4,943,72.07,0.95,rising,9,NA,NA,NA,NA,TRUE
consultations,2023-W36,week,CH,country,all,agegroup_ili_ari,all,5264.4,195788.7,10798,58.74,1.07,rising,100,NA,NA,NA,NA,TRUE
consultations,2023-W36,week,region_1,sentinella_region,all,agegroup_ili_ari,all,1165.9,32842.5,1915,60.9,1.04,rising,22.8,NA,NA,NA,NA,TRUE
consultations,2023-W36,week,region_2,sentinella_region,all,agegroup_ili_ari,all,1151.9,44960.1,2477,77.85,1.41,rising,22.5,NA,NA,NA,NA,TRUE
consultations,2023-W36,week,region_3,sentinella_region,all,agegroup_ili_ari,all,1118.1,36526.9,1982,73.92,1.36,rising,21.9,NA,NA,NA,NA,TRUE
consultations,2023-W36,week,region_4,sentinella_region,all,agegroup_ili_ari,all,64.3,26589.3,1283,7.52,0.16,falling,1.3,NA,NA,NA,NA,TRUE
consultations,2023-W36,week,region_5,sentinella_region,all,agegroup_ili_ari,all,964.2,41038.9,2123,36.55,0.71,falling,18.8,NA,NA,NA,NA,TRUE
consultations,2023-W36,week,region_6,sentinella_region,all,agegroup_ili_ari,all,650.8,13830.9,1018,115.68,1.57,rising,12.7,NA,NA,NA,NA,TRUE
consultations,2023-W37,week,CH,country,all,agegroup_ili_ari,all,5275.2,188574.3,10671,58.86,1.04,rising,100,NA,NA,NA,NA,TRUE
consultations,2023-W37,week,region_1,sentinella_region,all,agegroup_ili_ari,all,1240.7,29314.4,1765,64.81,1.08,rising,22.5,NA,NA,NA,NA,TRUE
consultations,2023-W37,week,region_2,sentinella_region,all,agegroup_ili_ari,all,819.1,41548.8,2359,55.36,0.97,rising,14.9,NA,NA,NA,NA,TRUE
consultations,2023-W37,week,region_3,sentinella_region,all,agegroup_ili_ari,all,1183.9,35772.5,2005,78.27,1.4,rising,21.5,NA,NA,NA,NA,TRUE
consultations,2023-W37,week,region_4,sentinella_region,all,agegroup_ili_ari,all,32.8,26063.6,1296,3.84,0.08,falling,0.6,NA,NA,NA,NA,TRUE
consultations,2023-W37,week,region_5,sentinella_region,all,agegroup_ili_ari,all,1645.6,43285.7,2290,62.38,1.18,rising,29.9,NA,NA,NA,NA,TRUE
consultations,2023-W37,week,region_6,sentinella_region,all,agegroup_ili_ari,all,580.9,12589.3,956,103.26,1.36,rising,10.6,NA,NA,NA,NA,TRUE
consultations,2023-W38,week,CH,country,all,agegroup_ili_ari,all,4930.1,194500.9,10967,55.01,0.98,rising,100,NA,NA,NA,NA,TRUE
consultations,2023-W38,week,region_1,sentinella_region,all,agegroup_ili_ari,all,1004.3,26686.2,1594,52.46,0.88,rising,19.6,NA,NA,NA,NA,TRUE
consultations,2023-W38,week,region_2,sentinella_region,all,agegroup_ili_ari,all,651,40911.3,2310,44,0.78,rising,12.7,NA,NA,NA,NA,TRUE
consultations,2023-W38,week,region_3,sentinella_region,all,agegroup_ili_ari,all,678.4,40134.7,2248,44.85,0.8,rising,13.2,NA,NA,NA,NA,TRUE
consultations,2023-W38,week,region_4,sentinella_region,all,agegroup_ili_ari,all,116.7,29300.9,1447,13.65,0.28,stagnant,2.3,NA,NA,NA,NA,TRUE
consultations,2023-W38,week,region_5,sentinella_region,all,agegroup_ili_ari,all,1563.3,43874.5,2335,59.26,1.11,rising,30.5,NA,NA,NA,NA,TRUE
consultations,2023-W38,week,region_6,sentinella_region,all,agegroup_ili_ari,all,1117.5,13593.3,1033,198.63,2.61,rising,21.8,NA,NA,NA,NA,TRUE
consultations,2023-W39,week,CH,country,all,agegroup_ili_ari,all,4503.5,191032.8,10783,50.25,0.89,stagnant,100,NA,NA,NA,NA,TRUE
consultations,2023-W39,week,region_1,sentinella_region,all,agegroup_ili_ari,all,820.7,32654.1,1959,42.87,0.71,falling,18.1,NA,NA,NA,NA,TRUE
consultations,2023-W39,week,region_2,sentinella_region,all,agegroup_ili_ari,all,950.5,32691.5,1842,64.24,1.14,stagnant,20.9,NA,NA,NA,NA,TRUE
consultations,2023-W39,week,region_3,sentinella_region,all,agegroup_ili_ari,all,1087.9,36150.5,2027,71.92,1.28,rising,24,NA,NA,NA,NA,TRUE
consultations,2023-W39,week,region_4,sentinella_region,all,agegroup_ili_ari,all,134.7,31729,1569,15.76,0.32,rising,3,NA,NA,NA,NA,TRUE
consultations,2023-W39,week,region_5,sentinella_region,all,agegroup_ili_ari,all,943.1,44756.3,2394,35.75,0.67,falling,20.8,NA,NA,NA,NA,TRUE
consultations,2023-W39,week,region_6,sentinella_region,all,agegroup_ili_ari,all,603.5,13051.3,992,107.27,1.41,rising,13.3,NA,NA,NA,NA,TRUE
consultations,2023-W40,week,CH,country,all,agegroup_ili_ari,all,7186.8,178324.4,9070,80.19,1.58,rising,100,NA,NA,NA,NA,TRUE
consultations,2023-W40,week,region_1,sentinella_region,all,agegroup_ili_ari,all,991.1,30908.5,1656,51.77,0.97,falling,13.8,NA,NA,NA,NA,TRUE
consultations,2023-W40,week,region_2,sentinella_region,all,agegroup_ili_ari,all,1894.2,32807.5,1653,128.02,2.54,rising,26.3,NA,NA,NA,NA,TRUE
consultations,2023-W40,week,region_3,sentinella_region,all,agegroup_ili_ari,all,1977.1,26777.8,1346,130.71,2.6,rising,27.5,NA,NA,NA,NA,TRUE
consultations,2023-W40,week,region_4,sentinella_region,all,agegroup_ili_ari,all,35.6,24044.8,1080,4.16,0.09,stagnant,0.5,NA,NA,NA,NA,TRUE
consultations,2023-W40,week,region_5,sentinella_region,all,agegroup_ili_ari,all,1376.6,49824.8,2385,52.18,1.09,stagnant,19.1,NA,NA,NA,NA,TRUE
consultations,2023-W40,week,region_6,sentinella_region,all,agegroup_ili_ari,all,926.8,13961.2,950,164.74,2.42,rising,12.9,NA,NA,NA,NA,TRUE
consultations,2023-W41,week,CH,country,all,agegroup_ili_ari,all,7219.1,184979.8,8285,80.55,1.8,rising,100,NA,NA,NA,NA,TRUE
consultations,2023-W41,week,region_1,sentinella_region,all,agegroup_ili_ari,all,1343.7,35618.4,1680,70.19,1.49,stagnant,19,NA,NA,NA,NA,TRUE
consultations,2023-W41,week,region_2,sentinella_region,all,agegroup_ili_ari,all,1525.2,46564.2,2057,103.08,2.33,rising,21.6,NA,NA,NA,NA,TRUE
consultations,2023-W41,week,region_3,sentinella_region,all,agegroup_ili_ari,all,1033.9,24870.7,1094,68.35,1.55,rising,14.6,NA,NA,NA,NA,TRUE
consultations,2023-W41,week,region_4,sentinella_region,all,agegroup_ili_ari,all,249,30910.9,1210,29.12,0.74,rising,3.5,NA,NA,NA,NA,TRUE
consultations,2023-W41,week,region_5,sentinella_region,all,agegroup_ili_ari,all,1888.1,32135.3,1359,71.57,1.69,rising,26.7,NA,NA,NA,NA,TRUE
consultations,2023-W41,week,region_6,sentinella_region,all,agegroup_ili_ari,all,1020.9,14880.2,885,181.45,3.05,rising,14.5,NA,NA,NA,NA,TRUE
consultations,2023-W42,week,CH,country,all,agegroup_ili_ari,all,7401.9,198582.4,10222,82.59,1.6,rising,100,NA,NA,NA,NA,TRUE
consultations,2023-W42,week,region_1,sentinella_region,all,agegroup_ili_ari,all,2209,25998.1,1429,115.39,2.1,rising,26.6,NA,NA,NA,NA,TRUE
consultations,2023-W42,week,region_2,sentinella_region,all,agegroup_ili_ari,all,1339.1,45306.2,2340,90.5,1.75,rising,16.1,NA,NA,NA,NA,TRUE
consultations,2023-W42,week,region_3,sentinella_region,all,agegroup_ili_ari,all,1013.1,43299.1,2193,66.98,1.32,rising,12.2,NA,NA,NA,NA,TRUE
consultations,2023-W42,week,region_4,sentinella_region,all,agegroup_ili_ari,all,145.1,35354.1,1595,16.97,0.38,rising,1.7,NA,NA,NA,NA,TRUE
consultations,2023-W42,week,region_5,sentinella_region,all,agegroup_ili_ari,all,2704,34146.6,1664,102.5,2.1,rising,32.6,NA,NA,NA,NA,TRUE
consultations,2023-W42,week,region_6,sentinella_region,all,agegroup_ili_ari,all,893.8,14478.2,1001,158.86,2.3,stagnant,10.8,NA,NA,NA,NA,TRUE
consultations,2023-W43,week,CH,country,all,agegroup_ili_ari,all,10931.3,191858.1,11418,121.97,2.05,rising,100,NA,NA,NA,NA,TRUE
consultations,2023-W43,week,region_1,sentinella_region,all,agegroup_ili_ari,all,1434.1,18688.4,1159,74.91,1.21,rising,13.6,NA,NA,NA,NA,TRUE
consultations,2023-W43,week,region_2,sentinella_region,all,agegroup_ili_ari,all,2353.9,44629.4,2655,159.09,2.67,rising,22.4,NA,NA,NA,NA,TRUE
consultations,2023-W43,week,region_3,sentinella_region,all,agegroup_ili_ari,all,2072.3,37957.3,2253,137,2.31,rising,19.7,NA,NA,NA,NA,TRUE
consultations,2023-W43,week,region_4,sentinella_region,all,agegroup_ili_ari,all,168.1,30526.1,1606,19.66,0.37,rising,1.6,NA,NA,NA,NA,TRUE
consultations,2023-W43,week,region_5,sentinella_region,all,agegroup_ili_ari,all,2803.8,46104.6,2621,106.28,1.87,rising,26.6,NA,NA,NA,NA,TRUE
consultations,2023-W43,week,region_6,sentinella_region,all,agegroup_ili_ari,all,1693.6,13952.1,1124,301.03,3.74,rising,16.1,NA,NA,NA,NA,TRUE
consultations,2023-W44,week,CH,country,all,agegroup_ili_ari,all,7999.7,193809.2,11306,89.26,1.53,rising,100,NA,NA,NA,NA,TRUE
consultations,2023-W44,week,region_1,sentinella_region,all,agegroup_ili_ari,all,1992.5,32666.4,2021,104.08,1.68,rising,24.9,NA,NA,NA,NA,TRUE
consultations,2023-W44,week,region_2,sentinella_region,all,agegroup_ili_ari,all,1743,44991.7,2623,117.8,2.02,rising,21.8,NA,NA,NA,NA,TRUE
consultations,2023-W44,week,region_3,sentinella_region,all,agegroup_ili_ari,all,1360.9,40014.8,2321,89.97,1.55,stagnant,17,NA,NA,NA,NA,TRUE
consultations,2023-W44,week,region_4,sentinella_region,all,agegroup_ili_ari,all,151.7,22546.8,1158,17.74,0.35,rising,1.9,NA,NA,NA,NA,TRUE
consultations,2023-W44,week,region_5,sentinella_region,all,agegroup_ili_ari,all,1549.6,44259.8,2446,58.74,1.06,rising,19.4,NA,NA,NA,NA,TRUE
consultations,2023-W44,week,region_6,sentinella_region,all,agegroup_ili_ari,all,1206.1,9329.8,737,214.37,2.71,rising,15.1,NA,NA,NA,NA,TRUE
consultations,2023-W45,week,CH,country,all,agegroup_ili_ari,all,11009.2,186422.6,11665,122.84,1.96,rising,100,NA,NA,NA,NA,TRUE
consultations,2023-W45,week,region_1,sentinella_region,all,agegroup_ili_ari,all,1722.8,28893.6,1897,89.99,1.37,rising,16,NA,NA,NA,NA,TRUE
consultations,2023-W45,week,region_2,sentinella_region,all,agegroup_ili_ari,all,2029.3,41559.9,2587,137.15,2.2,rising,18.9,NA,NA,NA,NA,TRUE
consultations,2023-W45,week,region_3,sentinella_region,all,agegroup_ili_ari,all,2664.5,35198,2173,176.15,2.85,rising,24.8,NA,NA,NA,NA,TRUE
consultations,2023-W45,week,region_4,sentinella_region,all,agegroup_ili_ari,all,140.1,24406.2,1349,16.39,0.3,falling,1.3,NA,NA,NA,NA,TRUE
consultations,2023-W45,week,region_5,sentinella_region,all,agegroup_ili_ari,all,2746,42270.5,2480,104.09,1.77,rising,25.6,NA,NA,NA,NA,TRUE
consultations,2023-W45,week,region_6,sentinella_region,all,agegroup_ili_ari,all,1437,14094.4,1179,255.42,3.05,rising,13.4,NA,NA,NA,NA,TRUE
consultations,2023-W46,week,CH,country,all,agegroup_ili_ari,all,11620.5,194347.6,12169,129.66,2.07,rising,100,NA,NA,NA,NA,TRUE
consultations,2023-W46,week,region_1,sentinella_region,all,agegroup_ili_ari,all,2231.3,32603.5,2132,116.55,1.78,rising,19,NA,NA,NA,NA,TRUE
consultations,2023-W46,week,region_2,sentinella_region,all,agegroup_ili_ari,all,1656.4,41089.7,2568,111.95,1.79,rising,14.1,NA,NA,NA,NA,TRUE
consultations,2023-W46,week,region_3,sentinella_region,all,agegroup_ili_ari,all,2549.2,37976,2346,168.53,2.73,rising,21.7,NA,NA,NA,NA,TRUE
consultations,2023-W46,week,region_4,sentinella_region,all,agegroup_ili_ari,all,0,24459.9,1360,0,0,falling,0,NA,NA,NA,NA,TRUE
consultations,2023-W46,week,region_5,sentinella_region,all,agegroup_ili_ari,all,3429,44621.7,2622,129.98,2.21,rising,29.1,NA,NA,NA,NA,TRUE
consultations,2023-W46,week,region_6,sentinella_region,all,agegroup_ili_ari,all,1903.4,13596.8,1141,338.32,4.03,rising,16.2,NA,NA,NA,NA,TRUE
consultations,2023-W47,week,CH,country,all,agegroup_ili_ari,all,12459.3,194935.4,12106,139.02,2.24,rising,100,NA,NA,NA,NA,TRUE
consultations,2023-W47,week,region_1,sentinella_region,all,agegroup_ili_ari,all,2090.7,30216.5,1994,109.21,1.65,rising,16.4,NA,NA,NA,NA,TRUE
consultations,2023-W47,week,region_2,sentinella_region,all,agegroup_ili_ari,all,2184.1,44711.9,2794,147.61,2.36,falling,17.1,NA,NA,NA,NA,TRUE
consultations,2023-W47,week,region_3,sentinella_region,all,agegroup_ili_ari,all,3139,34696.2,2128,207.52,3.38,rising,24.6,NA,NA,NA,NA,TRUE
consultations,2023-W47,week,region_4,sentinella_region,all,agegroup_ili_ari,all,30.6,27920.4,1535,3.58,0.07,falling,0.2,NA,NA,NA,NA,TRUE
consultations,2023-W47,week,region_5,sentinella_region,all,agegroup_ili_ari,all,3645.6,44865,2609,138.19,2.38,rising,28.6,NA,NA,NA,NA,TRUE
consultations,2023-W47,week,region_6,sentinella_region,all,agegroup_ili_ari,all,1661.9,12525.5,1046,295.4,3.54,rising,13,NA,NA,NA,NA,TRUE
consultations,2023-W48,week,CH,country,all,agegroup_ili_ari,all,13479.2,189497.5,11670,150.4,2.44,rising,100,NA,NA,NA,NA,TRUE
consultations,2023-W48,week,region_1,sentinella_region,all,agegroup_ili_ari,all,2327,29617.4,1922,121.55,1.87,rising,17,NA,NA,NA,NA,TRUE
consultations,2023-W48,week,region_2,sentinella_region,all,agegroup_ili_ari,all,2137.8,40143.4,2502,144.48,2.32,rising,15.6,NA,NA,NA,NA,TRUE
consultations,2023-W48,week,region_3,sentinella_region,all,agegroup_ili_ari,all,2625.4,36873,2230,173.57,2.87,rising,19.2,NA,NA,NA,NA,TRUE
consultations,2023-W48,week,region_4,sentinella_region,all,agegroup_ili_ari,all,104.6,24510,1335,12.24,0.22,falling,0.8,NA,NA,NA,NA,TRUE
consultations,2023-W48,week,region_5,sentinella_region,all,agegroup_ili_ari,all,4582.4,44903.9,2573,173.7,3.03,rising,33.4,NA,NA,NA,NA,TRUE
consultations,2023-W48,week,region_6,sentinella_region,all,agegroup_ili_ari,all,1924.2,13449.8,1108,342.01,4.15,rising,14,NA,NA,NA,NA,TRUE
consultations,2023-W49,week,CH,country,all,agegroup_ili_ari,all,13956,188798.8,11814,155.72,2.49,rising,100,NA,NA,NA,NA,TRUE
consultations,2023-W49,week,region_1,sentinella_region,all,agegroup_ili_ari,all,2060.1,31596.2,2109,107.61,1.61,rising,14.9,NA,NA,NA,NA,TRUE
consultations,2023-W49,week,region_2,sentinella_region,all,agegroup_ili_ari,all,2678,43647.7,2767,180.99,2.86,rising,19.4,NA,NA,NA,NA,TRUE
consultations,2023-W49,week,region_3,sentinella_region,all,agegroup_ili_ari,all,3188,36059.8,2225,210.76,3.42,rising,23.1,NA,NA,NA,NA,TRUE
consultations,2023-W49,week,region_4,sentinella_region,all,agegroup_ili_ari,all,358.2,23865,1294,41.9,0.77,rising,2.6,NA,NA,NA,NA,TRUE
consultations,2023-W49,week,region_5,sentinella_region,all,agegroup_ili_ari,all,3817.6,42844.9,2513,144.71,2.47,rising,27.6,NA,NA,NA,NA,TRUE
consultations,2023-W49,week,region_6,sentinella_region,all,agegroup_ili_ari,all,1721.4,10785.3,906,305.97,3.64,rising,12.5,NA,NA,NA,NA,TRUE
consultations,2023-W50,week,CH,country,all,agegroup_ili_ari,all,13508.8,201020.7,13047,150.73,2.32,rising,100,NA,NA,NA,NA,TRUE
consultations,2023-W50,week,region_1,sentinella_region,all,agegroup_ili_ari,all,2266.3,32945.6,2272,118.38,1.72,stagnant,16.8,NA,NA,NA,NA,TRUE
consultations,2023-W50,week,region_2,sentinella_region,all,agegroup_ili_ari,all,2130.1,43066.9,2822,143.96,2.2,rising,15.8,NA,NA,NA,NA,TRUE
consultations,2023-W50,week,region_3,sentinella_region,all,agegroup_ili_ari,all,3266.6,37969.7,2417,215.96,3.39,rising,24.2,NA,NA,NA,NA,TRUE
consultations,2023-W50,week,region_4,sentinella_region,all,agegroup_ili_ari,all,423.7,30267.2,1716,49.56,0.87,rising,3.1,NA,NA,NA,NA,TRUE
consultations,2023-W50,week,region_5,sentinella_region,all,agegroup_ili_ari,all,3412.4,42521.7,2582,129.35,2.13,stagnant,25.3,NA,NA,NA,NA,TRUE
consultations,2023-W50,week,region_6,sentinella_region,all,agegroup_ili_ari,all,1974.1,14249.5,1238,350.89,4.04,stagnant,14.7,NA,NA,NA,NA,TRUE
consultations,2023-W51,week,CH,country,all,agegroup_ili_ari,all,15388.2,188698.5,12213,171.7,2.65,rising,100,NA,NA,NA,NA,TRUE
consultations,2023-W51,week,region_1,sentinella_region,all,agegroup_ili_ari,all,2285,30997.5,2117,119.36,1.75,rising,14.4,NA,NA,NA,NA,TRUE
consultations,2023-W51,week,region_2,sentinella_region,all,agegroup_ili_ari,all,2097.8,40908.2,2697,141.78,2.15,stagnant,13.2,NA,NA,NA,NA,TRUE
consultations,2023-W51,week,region_3,sentinella_region,all,agegroup_ili_ari,all,4214.1,34457.7,2181,278.6,4.4,rising,26.5,NA,NA,NA,NA,TRUE
consultations,2023-W51,week,region_4,sentinella_region,all,agegroup_ili_ari,all,146.4,29193.1,1652,17.13,0.3,rising,0.9,NA,NA,NA,NA,TRUE
consultations,2023-W51,week,region_5,sentinella_region,all,agegroup_ili_ari,all,4773.4,39792.9,2407,180.94,2.99,rising,30.1,NA,NA,NA,NA,TRUE
consultations,2023-W51,week,region_6,sentinella_region,all,agegroup_ili_ari,all,2360.1,13349.2,1159,419.5,4.83,rising,14.9,NA,NA,NA,NA,TRUE
consultations,2023-W52,week,CH,country,all,agegroup_ili_ari,all,10788.8,138723.5,3927,120.38,4.25,falling,100,NA,NA,NA,NA,TRUE
consultations,2023-W52,week,region_1,sentinella_region,all,agegroup_ili_ari,all,1289.7,19297,566,67.37,2.3,falling,11.5,NA,NA,NA,NA,TRUE
consultations,2023-W52,week,region_2,sentinella_region,all,agegroup_ili_ari,all,2106.4,48467.1,1411,142.36,4.89,falling,18.9,NA,NA,NA,NA,TRUE
consultations,2023-W52,week,region_3,sentinella_region,all,agegroup_ili_ari,all,2099.3,10087,276,138.79,5.07,stagnant,18.8,NA,NA,NA,NA,TRUE
consultations,2023-W52,week,region_4,sentinella_region,all,agegroup_ili_ari,all,189.7,22529.9,570,22.19,0.88,stagnant,1.7,NA,NA,NA,NA,TRUE
consultations,2023-W52,week,region_5,sentinella_region,all,agegroup_ili_ari,all,3099,31497.2,837,117.47,4.42,falling,27.7,NA,NA,NA,NA,TRUE
consultations,2023-W52,week,region_6,sentinella_region,all,agegroup_ili_ari,all,2383.5,6845.3,267,423.65,10.86,rising,21.3,NA,NA,NA,NA,TRUE
consultations,2024-W01,week,CH,country,all,agegroup_ili_ari,all,11881.3,146265.5,5777,131.27,3.32,falling,100,NA,NA,NA,NA,TRUE
consultations,2024-W01,week,region_1,sentinella_region,all,agegroup_ili_ari,all,2368.6,17173.1,722,122.28,2.91,falling,19.8,NA,NA,NA,NA,TRUE
consultations,2024-W01,week,region_2,sentinella_region,all,agegroup_ili_ari,all,1452.6,31856.2,1279,97.31,2.42,falling,12.2,NA,NA,NA,NA,TRUE
consultations,2024-W01,week,region_3,sentinella_region,all,agegroup_ili_ari,all,2530.7,28383.4,1107,165.59,4.25,falling,21.2,NA,NA,NA,NA,TRUE
consultations,2024-W01,week,region_4,sentinella_region,all,agegroup_ili_ari,all,353.3,26895.9,936,40.9,1.18,falling,3,NA,NA,NA,NA,TRUE
consultations,2024-W01,week,region_5,sentinella_region,all,agegroup_ili_ari,all,2586.8,30896.1,1135,97.1,2.64,falling,21.6,NA,NA,NA,NA,TRUE
consultations,2024-W01,week,region_6,sentinella_region,all,agegroup_ili_ari,all,2656.4,11060.8,598,470.13,8.7,rising,22.2,NA,NA,NA,NA,TRUE
consultations,2024-W02,week,CH,country,all,agegroup_ili_ari,all,15622.1,187134.4,12159,172.6,2.66,rising,100,NA,NA,NA,NA,TRUE
consultations,2024-W02,week,region_1,sentinella_region,all,agegroup_ili_ari,all,2467.8,30611.4,2182,127.4,1.79,rising,15.1,NA,NA,NA,NA,TRUE
consultations,2024-W02,week,region_2,sentinella_region,all,agegroup_ili_ari,all,2161.9,40046.4,2613,144.83,2.22,falling,13.2,NA,NA,NA,NA,TRUE
consultations,2024-W02,week,region_3,sentinella_region,all,agegroup_ili_ari,all,3831.5,31911,2037,250.7,3.93,falling,23.5,NA,NA,NA,NA,TRUE
consultations,2024-W02,week,region_4,sentinella_region,all,agegroup_ili_ari,all,255,30483.4,1742,29.52,0.52,falling,1.6,NA,NA,NA,NA,TRUE
consultations,2024-W02,week,region_5,sentinella_region,all,agegroup_ili_ari,all,4729.2,41686.4,2491,177.52,2.97,rising,29,NA,NA,NA,NA,TRUE
consultations,2024-W02,week,region_6,sentinella_region,all,agegroup_ili_ari,all,2871.7,12395.9,1094,508.23,5.76,rising,17.6,NA,NA,NA,NA,TRUE
consultations,2024-W03,week,CH,country,all,agegroup_ili_ari,all,16780.6,180693.3,11917,185.4,2.81,rising,100,NA,NA,NA,NA,TRUE
consultations,2024-W03,week,region_1,sentinella_region,all,agegroup_ili_ari,all,4030.5,28835.6,2097,208.08,2.86,rising,21.7,NA,NA,NA,NA,TRUE
consultations,2024-W03,week,region_2,sentinella_region,all,agegroup_ili_ari,all,2241.3,40625.9,2699,150.15,2.26,rising,12.1,NA,NA,NA,NA,TRUE
consultations,2024-W03,week,region_3,sentinella_region,all,agegroup_ili_ari,all,3942.6,29848,1938,257.97,3.97,rising,21.3,NA,NA,NA,NA,TRUE
consultations,2024-W03,week,region_4,sentinella_region,all,agegroup_ili_ari,all,213.5,32374.4,1880,24.71,0.43,rising,1.2,NA,NA,NA,NA,TRUE
consultations,2024-W03,week,region_5,sentinella_region,all,agegroup_ili_ari,all,5326.7,38509.1,2357,199.95,3.27,rising,28.7,NA,NA,NA,NA,TRUE
consultations,2024-W03,week,region_6,sentinella_region,all,agegroup_ili_ari,all,2798.2,10500.3,946,495.22,5.5,rising,15.1,NA,NA,NA,NA,TRUE
consultations,2024-W04,week,CH,country,all,agegroup_ili_ari,all,16586,183900.3,11781,183.25,2.86,rising,100,NA,NA,NA,NA,TRUE
consultations,2024-W04,week,region_1,sentinella_region,all,agegroup_ili_ari,all,2892,26122.5,1855,149.3,2.1,rising,16.4,NA,NA,NA,NA,TRUE
consultations,2024-W04,week,region_2,sentinella_region,all,agegroup_ili_ari,all,2575.7,39987.6,2627,172.55,2.63,rising,14.6,NA,NA,NA,NA,TRUE
consultations,2024-W04,week,region_3,sentinella_region,all,agegroup_ili_ari,all,3435.6,31138.3,1961,224.8,3.57,rising,19.5,NA,NA,NA,NA,TRUE
consultations,2024-W04,week,region_4,sentinella_region,all,agegroup_ili_ari,all,303.9,31271.9,1711,35.18,0.64,stagnant,1.7,NA,NA,NA,NA,TRUE
consultations,2024-W04,week,region_5,sentinella_region,all,agegroup_ili_ari,all,6097.7,43689.2,2596,228.89,3.85,rising,34.6,NA,NA,NA,NA,TRUE
consultations,2024-W04,week,region_6,sentinella_region,all,agegroup_ili_ari,all,2319.9,11690.9,1031,410.58,4.66,stagnant,13.2,NA,NA,NA,NA,TRUE
consultations,2024-W05,week,CH,country,all,agegroup_ili_ari,all,17098.3,188978.2,11931,188.91,2.99,rising,100,NA,NA,NA,NA,TRUE
consultations,2024-W05,week,region_1,sentinella_region,all,agegroup_ili_ari,all,4720.1,29957.9,2068,243.68,3.53,rising,25.6,NA,NA,NA,NA,TRUE
consultations,2024-W05,week,region_2,sentinella_region,all,agegroup_ili_ari,all,2298.4,42865,2760,153.97,2.39,rising,12.4,NA,NA,NA,NA,TRUE
consultations,2024-W05,week,region_3,sentinella_region,all,agegroup_ili_ari,all,2877.3,31868.4,1979,188.27,3.03,stagnant,15.6,NA,NA,NA,NA,TRUE
consultations,2024-W05,week,region_4,sentinella_region,all,agegroup_ili_ari,all,359.1,31273.1,1707,41.57,0.76,stagnant,1.9,NA,NA,NA,NA,TRUE
consultations,2024-W05,week,region_5,sentinella_region,all,agegroup_ili_ari,all,4994.8,41069.3,2383,187.49,3.23,rising,27,NA,NA,NA,NA,TRUE
consultations,2024-W05,week,region_6,sentinella_region,all,agegroup_ili_ari,all,3216.8,11944.5,1034,569.3,6.58,rising,17.4,NA,NA,NA,NA,TRUE
consultations,2024-W06,week,CH,country,all,agegroup_ili_ari,all,16783.3,177426.6,11186,185.43,2.94,rising,100,NA,NA,NA,NA,TRUE
consultations,2024-W06,week,region_1,sentinella_region,all,agegroup_ili_ari,all,4156.3,31224.7,2139,214.57,3.13,rising,24.2,NA,NA,NA,NA,TRUE
consultations,2024-W06,week,region_2,sentinella_region,all,agegroup_ili_ari,all,2339.3,35735.7,2303,156.71,2.43,rising,13.6,NA,NA,NA,NA,TRUE
consultations,2024-W06,week,region_3,sentinella_region,all,agegroup_ili_ari,all,4422,31796.3,1967,289.34,4.68,stagnant,25.7,NA,NA,NA,NA,TRUE
consultations,2024-W06,week,region_4,sentinella_region,all,agegroup_ili_ari,all,191.7,27036.9,1490,22.19,0.4,stagnant,1.1,NA,NA,NA,NA,TRUE
consultations,2024-W06,week,region_5,sentinella_region,all,agegroup_ili_ari,all,3456.6,39307.6,2226,129.75,2.29,falling,20.1,NA,NA,NA,NA,TRUE
consultations,2024-W06,week,region_6,sentinella_region,all,agegroup_ili_ari,all,2613.1,12325.4,1061,462.46,5.37,stagnant,15.2,NA,NA,NA,NA,TRUE
consultations,2024-W07,week,CH,country,all,agegroup_ili_ari,all,12873.3,172959.3,10643,142.23,2.31,falling,100,NA,NA,NA,NA,TRUE
consultations,2024-W07,week,region_1,sentinella_region,all,agegroup_ili_ari,all,2294.4,27860.7,1863,118.45,1.77,falling,17.2,NA,NA,NA,NA,TRUE
consultations,2024-W07,week,region_2,sentinella_region,all,agegroup_ili_ari,all,2101,39788.2,2491,140.75,2.25,falling,15.8,NA,NA,NA,NA,TRUE
consultations,2024-W07,week,region_3,sentinella_region,all,agegroup_ili_ari,all,2691.8,33497.7,2011,176.13,2.93,falling,20.2,NA,NA,NA,NA,TRUE
consultations,2024-W07,week,region_4,sentinella_region,all,agegroup_ili_ari,all,233.7,25881.6,1394,27.05,0.5,stagnant,1.8,NA,NA,NA,NA,TRUE
consultations,2024-W07,week,region_5,sentinella_region,all,agegroup_ili_ari,all,4050.7,34857,1972,152.05,2.69,falling,30.4,NA,NA,NA,NA,TRUE
consultations,2024-W07,week,region_6,sentinella_region,all,agegroup_ili_ari,all,1938.9,11074.1,912,343.14,4.17,falling,14.6,NA,NA,NA,NA,TRUE
consultations,2024-W08,week,CH,country,all,agegroup_ili_ari,all,11550,174747.8,10789,127.61,2.07,falling,100,NA,NA,NA,NA,TRUE
consultations,2024-W08,week,region_1,sentinella_region,all,agegroup_ili_ari,all,1344.5,30257.2,2054,69.41,1.02,falling,11,NA,NA,NA,NA,TRUE
consultations,2024-W08,week,region_2,sentinella_region,all,agegroup_ili_ari,all,1800.2,39801.6,2496,120.6,1.92,falling,14.8,NA,NA,NA,NA,TRUE
consultations,2024-W08,week,region_3,sentinella_region,all,agegroup_ili_ari,all,2942.6,24411.1,1465,192.54,3.21,falling,24.1,NA,NA,NA,NA,TRUE
consultations,2024-W08,week,region_4,sentinella_region,all,agegroup_ili_ari,all,323.6,29361.8,1540,37.46,0.71,stagnant,2.7,NA,NA,NA,NA,TRUE
consultations,2024-W08,week,region_5,sentinella_region,all,agegroup_ili_ari,all,4143.1,38579.3,2200,155.52,2.73,falling,34,NA,NA,NA,NA,TRUE
consultations,2024-W08,week,region_6,sentinella_region,all,agegroup_ili_ari,all,1648.8,12336.7,1034,291.81,3.48,falling,13.5,NA,NA,NA,NA,TRUE
consultations,2024-W09,week,CH,country,all,agegroup_ili_ari,all,10614.1,190153.3,11394,117.27,1.96,falling,100,NA,NA,NA,NA,TRUE
consultations,2024-W09,week,region_1,sentinella_region,all,agegroup_ili_ari,all,2049.7,22679.6,1514,105.82,1.59,falling,18,NA,NA,NA,NA,TRUE
consultations,2024-W09,week,region_2,sentinella_region,all,agegroup_ili_ari,all,1182.7,44172.7,2701,79.23,1.3,falling,10.4,NA,NA,NA,NA,TRUE
consultations,2024-W09,week,region_3,sentinella_region,all,agegroup_ili_ari,all,2376.7,34081.9,2021,155.51,2.62,falling,20.8,NA,NA,NA,NA,TRUE
consultations,2024-W09,week,region_4,sentinella_region,all,agegroup_ili_ari,all,307.3,33737.5,1783,35.57,0.67,stagnant,2.7,NA,NA,NA,NA,TRUE
consultations,2024-W09,week,region_5,sentinella_region,all,agegroup_ili_ari,all,3395.6,43933.9,2422,127.46,2.31,falling,29.7,NA,NA,NA,NA,TRUE
consultations,2024-W09,week,region_6,sentinella_region,all,agegroup_ili_ari,all,2104,11547.8,953,372.37,4.51,falling,18.4,NA,NA,NA,NA,TRUE
consultations,2024-W10,week,CH,country,all,agegroup_ili_ari,all,9590.5,191577.6,11697,105.96,1.74,falling,100,NA,NA,NA,NA,TRUE
consultations,2024-W10,week,region_1,sentinella_region,all,agegroup_ili_ari,all,2652.9,30665.5,2049,136.96,2.05,falling,24.6,NA,NA,NA,NA,TRUE
consultations,2024-W10,week,region_2,sentinella_region,all,agegroup_ili_ari,all,870,41179.6,2534,58.28,0.95,falling,8.1,NA,NA,NA,NA,TRUE
consultations,2024-W10,week,region_3,sentinella_region,all,agegroup_ili_ari,all,1836.6,35782,2149,120.17,2,falling,17,NA,NA,NA,NA,TRUE
consultations,2024-W10,week,region_4,sentinella_region,all,agegroup_ili_ari,all,131.1,32938.6,1775,15.18,0.28,stagnant,1.2,NA,NA,NA,NA,TRUE
consultations,2024-W10,week,region_5,sentinella_region,all,agegroup_ili_ari,all,3528.8,39256.8,2207,132.46,2.36,falling,32.7,NA,NA,NA,NA,TRUE
consultations,2024-W10,week,region_6,sentinella_region,all,agegroup_ili_ari,all,1778.5,11755.1,983,314.76,3.76,falling,16.5,NA,NA,NA,NA,TRUE
consultations,2024-W11,week,CH,country,all,agegroup_ili_ari,all,8249.1,184340.7,11746,91.14,1.43,falling,100,NA,NA,NA,NA,TRUE
consultations,2024-W11,week,region_1,sentinella_region,all,agegroup_ili_ari,all,2771.3,27260.1,1905,143.07,2.05,rising,30.6,NA,NA,NA,NA,TRUE
consultations,2024-W11,week,region_2,sentinella_region,all,agegroup_ili_ari,all,875.6,42620.4,2733,58.66,0.91,falling,9.7,NA,NA,NA,NA,TRUE
consultations,2024-W11,week,region_3,sentinella_region,all,agegroup_ili_ari,all,1340,30793.7,1924,87.68,1.4,falling,14.8,NA,NA,NA,NA,TRUE
consultations,2024-W11,week,region_4,sentinella_region,all,agegroup_ili_ari,all,88.2,29393.1,1644,10.21,0.18,falling,1,NA,NA,NA,NA,TRUE
consultations,2024-W11,week,region_5,sentinella_region,all,agegroup_ili_ari,all,2249.5,41450.4,2429,84.44,1.44,falling,24.9,NA,NA,NA,NA,TRUE
consultations,2024-W11,week,region_6,sentinella_region,all,agegroup_ili_ari,all,1718.5,12823,1111,304.14,3.51,falling,19,NA,NA,NA,NA,TRUE
consultations,2024-W12,week,CH,country,all,agegroup_ili_ari,all,8205.7,183102.2,11247,90.66,1.48,falling,100,NA,NA,NA,NA,TRUE
consultations,2024-W12,week,region_1,sentinella_region,all,agegroup_ili_ari,all,3060.3,26583.8,1808,157.99,2.32,rising,34,NA,NA,NA,NA,TRUE
consultations,2024-W12,week,region_2,sentinella_region,all,agegroup_ili_ari,all,876.1,40896.3,2541,58.69,0.94,falling,9.7,NA,NA,NA,NA,TRUE
consultations,2024-W12,week,region_3,sentinella_region,all,agegroup_ili_ari,all,1620.3,33957,2052,106.02,1.75,falling,18,NA,NA,NA,NA,TRUE
consultations,2024-W12,week,region_4,sentinella_region,all,agegroup_ili_ari,all,135.2,25560.1,1369,15.65,0.29,falling,1.5,NA,NA,NA,NA,TRUE
consultations,2024-W12,week,region_5,sentinella_region,all,agegroup_ili_ari,all,2108.1,44231.2,2482,79.13,1.41,falling,23.5,NA,NA,NA,NA,TRUE
consultations,2024-W12,week,region_6,sentinella_region,all,agegroup_ili_ari,all,1189.7,11873.9,995,210.55,2.51,falling,13.2,NA,NA,NA,NA,TRUE
consultations,2024-W13,week,CH,country,all,agegroup_ili_ari,all,7858.1,169310.9,9925,86.82,1.48,falling,100,NA,NA,NA,NA,TRUE
consultations,2024-W13,week,region_1,sentinella_region,all,agegroup_ili_ari,all,1970.5,28505.8,1814,101.73,1.6,stagnant,24.3,NA,NA,NA,NA,TRUE
consultations,2024-W13,week,region_2,sentinella_region,all,agegroup_ili_ari,all,951.2,37664.9,2209,63.72,1.09,falling,11.7,NA,NA,NA,NA,TRUE
consultations,2024-W13,week,region_3,sentinella_region,all,agegroup_ili_ari,all,1704.7,29584.5,1677,111.54,1.97,falling,21,NA,NA,NA,NA,TRUE
consultations,2024-W13,week,region_4,sentinella_region,all,agegroup_ili_ari,all,68,25418.8,1307,7.87,0.15,falling,0.8,NA,NA,NA,NA,TRUE
consultations,2024-W13,week,region_5,sentinella_region,all,agegroup_ili_ari,all,1951.1,35501.8,1920,73.24,1.35,falling,24,NA,NA,NA,NA,TRUE
consultations,2024-W13,week,region_6,sentinella_region,all,agegroup_ili_ari,all,1475.8,12635.1,998,261.18,3.31,falling,18.2,NA,NA,NA,NA,TRUE
consultations,2024-W14,week,CH,country,all,agegroup_ili_ari,all,7678.9,142613.1,7867,84.84,1.54,falling,100,NA,NA,NA,NA,TRUE
consultations,2024-W14,week,region_1,sentinella_region,all,agegroup_ili_ari,all,1684.2,12651.6,774,86.95,1.42,falling,20.5,NA,NA,NA,NA,TRUE
consultations,2024-W14,week,region_2,sentinella_region,all,agegroup_ili_ari,all,833.8,30435.9,1731,55.86,0.98,stagnant,10.1,NA,NA,NA,NA,TRUE
consultations,2024-W14,week,region_3,sentinella_region,all,agegroup_ili_ari,all,1806.8,29604.9,1627,118.22,2.15,rising,22,NA,NA,NA,NA,TRUE
consultations,2024-W14,week,region_4,sentinella_region,all,agegroup_ili_ari,all,272.8,25333.3,1248,31.58,0.64,rising,3.3,NA,NA,NA,NA,TRUE
consultations,2024-W14,week,region_5,sentinella_region,all,agegroup_ili_ari,all,2383.5,36885.7,1902,89.47,1.74,falling,29,NA,NA,NA,NA,TRUE
consultations,2024-W14,week,region_6,sentinella_region,all,agegroup_ili_ari,all,1247.2,7701.6,585,220.73,2.91,falling,15.2,NA,NA,NA,NA,TRUE
consultations,2024-W15,week,CH,country,all,agegroup_ili_ari,all,4661.3,178647.1,9845,51.5,0.93,falling,100,NA,NA,NA,NA,TRUE
consultations,2024-W15,week,region_1,sentinella_region,all,agegroup_ili_ari,all,433.5,22343.2,1355,22.38,0.37,falling,9.2,NA,NA,NA,NA,TRUE
consultations,2024-W15,week,region_2,sentinella_region,all,agegroup_ili_ari,all,765.6,38996.5,2174,51.29,0.92,falling,16.2,NA,NA,NA,NA,TRUE
consultations,2024-W15,week,region_3,sentinella_region,all,agegroup_ili_ari,all,880.9,24286.7,1320,57.64,1.06,falling,18.7,NA,NA,NA,NA,TRUE
consultations,2024-W15,week,region_4,sentinella_region,all,agegroup_ili_ari,all,151.8,34146.9,1656,17.57,0.36,rising,3.2,NA,NA,NA,NA,TRUE
consultations,2024-W15,week,region_5,sentinella_region,all,agegroup_ili_ari,all,1827.3,45195.8,2317,68.59,1.34,falling,38.7,NA,NA,NA,NA,TRUE
consultations,2024-W15,week,region_6,sentinella_region,all,agegroup_ili_ari,all,661,13678,1023,116.98,1.56,falling,14,NA,NA,NA,NA,TRUE
consultations,2024-W16,week,CH,country,all,agegroup_ili_ari,all,4976.3,209149,10883,54.98,1.06,falling,100,NA,NA,NA,NA,TRUE
consultations,2024-W16,week,region_1,sentinella_region,all,agegroup_ili_ari,all,1191.7,34133.2,1943,61.52,1.08,falling,22.9,NA,NA,NA,NA,TRUE
consultations,2024-W16,week,region_2,sentinella_region,all,agegroup_ili_ari,all,1167,38373.9,1998,78.18,1.5,rising,22.5,NA,NA,NA,NA,TRUE
consultations,2024-W16,week,region_3,sentinella_region,all,agegroup_ili_ari,all,954.7,33615.9,1722,62.47,1.22,falling,18.4,NA,NA,NA,NA,TRUE
consultations,2024-W16,week,region_4,sentinella_region,all,agegroup_ili_ari,all,116.5,37097.3,1699,13.48,0.29,stagnant,2.2,NA,NA,NA,NA,TRUE
consultations,2024-W16,week,region_5,sentinella_region,all,agegroup_ili_ari,all,1205.5,50828.3,2458,45.25,0.94,falling,23.2,NA,NA,NA,NA,TRUE
consultations,2024-W16,week,region_6,sentinella_region,all,agegroup_ili_ari,all,561.3,15100.4,1063,99.34,1.41,falling,10.8,NA,NA,NA,NA,TRUE
consultations,2024-W17,week,CH,country,all,agegroup_ili_ari,all,5954.7,197602.8,10705,65.79,1.21,falling,100,NA,NA,NA,NA,TRUE
consultations,2024-W17,week,region_1,sentinella_region,all,agegroup_ili_ari,all,1802.8,29010.8,1719,93.07,1.57,falling,28.2,NA,NA,NA,NA,TRUE
consultations,2024-W17,week,region_2,sentinella_region,all,agegroup_ili_ari,all,736.8,46596.1,2525,49.36,0.91,stagnant,11.5,NA,NA,NA,NA,TRUE
consultations,2024-W17,week,region_3,sentinella_region,all,agegroup_ili_ari,all,1263.8,36281.9,1929,82.69,1.56,falling,19.8,NA,NA,NA,NA,TRUE
consultations,2024-W17,week,region_4,sentinella_region,all,agegroup_ili_ari,all,0,32695.6,1550,0,0,falling,0,NA,NA,NA,NA,TRUE
consultations,2024-W17,week,region_5,sentinella_region,all,agegroup_ili_ari,all,1359.7,39186.2,1969,51.04,1.02,falling,21.3,NA,NA,NA,NA,TRUE
consultations,2024-W17,week,region_6,sentinella_region,all,agegroup_ili_ari,all,1225.5,13832.3,1013,216.88,2.96,falling,19.2,NA,NA,NA,NA,TRUE
consultations,2024-W18,week,CH,country,all,agegroup_ili_ari,all,4121.8,182256.4,9940,45.54,0.84,falling,100,NA,NA,NA,NA,TRUE
consultations,2024-W18,week,region_1,sentinella_region,all,agegroup_ili_ari,all,1296.1,31384,1870,66.91,1.12,rising,28.6,NA,NA,NA,NA,TRUE
consultations,2024-W18,week,region_2,sentinella_region,all,agegroup_ili_ari,all,213,42041.3,2287,14.27,0.26,falling,4.7,NA,NA,NA,NA,TRUE
consultations,2024-W18,week,region_3,sentinella_region,all,agegroup_ili_ari,all,1235.5,34636.1,1849,80.84,1.51,falling,27.3,NA,NA,NA,NA,TRUE
consultations,2024-W18,week,region_4,sentinella_region,all,agegroup_ili_ari,all,49.6,34834.1,1666,5.74,0.12,falling,1.1,NA,NA,NA,NA,TRUE
consultations,2024-W18,week,region_5,sentinella_region,all,agegroup_ili_ari,all,970,27463.2,1393,36.41,0.72,falling,21.4,NA,NA,NA,NA,TRUE
consultations,2024-W18,week,region_6,sentinella_region,all,agegroup_ili_ari,all,759.9,11897.8,875,134.48,1.83,falling,16.8,NA,NA,NA,NA,TRUE
consultations,2024-W19,week,CH,country,all,agegroup_ili_ari,all,5404.4,152395.9,8730,59.71,1.04,rising,100,NA,NA,NA,NA,TRUE
consultations,2024-W19,week,region_1,sentinella_region,all,agegroup_ili_ari,all,2086.4,18568.3,1170,107.71,1.71,rising,33.4,NA,NA,NA,NA,TRUE
consultations,2024-W19,week,region_2,sentinella_region,all,agegroup_ili_ari,all,371.2,36193.6,2086,24.87,0.43,falling,5.9,NA,NA,NA,NA,TRUE
consultations,2024-W19,week,region_3,sentinella_region,all,agegroup_ili_ari,all,938.5,29309.5,1652,61.41,1.09,rising,15,NA,NA,NA,NA,TRUE
consultations,2024-W19,week,region_4,sentinella_region,all,agegroup_ili_ari,all,211.5,28590.6,1452,24.48,0.48,stagnant,3.4,NA,NA,NA,NA,TRUE
consultations,2024-W19,week,region_5,sentinella_region,all,agegroup_ili_ari,all,1534.8,29509.1,1573,57.61,1.08,falling,24.6,NA,NA,NA,NA,TRUE
consultations,2024-W19,week,region_6,sentinella_region,all,agegroup_ili_ari,all,1105.2,10224.8,797,195.6,2.51,rising,17.7,NA,NA,NA,NA,TRUE
consultations,2024-W20,week,CH,country,all,agegroup_ili_ari,all,4027.7,193243.3,11213,44.5,0.77,falling,100,NA,NA,NA,NA,TRUE
consultations,2024-W20,week,region_1,sentinella_region,all,agegroup_ili_ari,all,645,27027.8,1706,33.3,0.53,falling,15.8,NA,NA,NA,NA,TRUE
consultations,2024-W20,week,region_2,sentinella_region,all,agegroup_ili_ari,all,745.9,42029.1,2452,49.97,0.86,falling,18.3,NA,NA,NA,NA,TRUE
consultations,2024-W20,week,region_3,sentinella_region,all,agegroup_ili_ari,all,1241.1,32015.1,1818,81.21,1.43,rising,30.4,NA,NA,NA,NA,TRUE
consultations,2024-W20,week,region_4,sentinella_region,all,agegroup_ili_ari,all,25.2,34191.1,1751,2.92,0.06,stagnant,0.6,NA,NA,NA,NA,TRUE
consultations,2024-W20,week,region_5,sentinella_region,all,agegroup_ili_ari,all,884.2,42177.1,2248,33.19,0.62,falling,21.7,NA,NA,NA,NA,TRUE
consultations,2024-W20,week,region_6,sentinella_region,all,agegroup_ili_ari,all,536.3,15803,1238,94.92,1.21,stagnant,13.2,NA,NA,NA,NA,TRUE
consultations,2024-W21,week,CH,country,all,agegroup_ili_ari,all,3965.3,173461.6,9583,43.81,0.79,falling,100,NA,NA,NA,NA,TRUE
consultations,2024-W21,week,region_1,sentinella_region,all,agegroup_ili_ari,all,1689.5,25224.4,1520,87.22,1.45,falling,38.5,NA,NA,NA,NA,TRUE
consultations,2024-W21,week,region_2,sentinella_region,all,agegroup_ili_ari,all,472.4,37916.5,2119,31.65,0.57,stagnant,10.8,NA,NA,NA,NA,TRUE
consultations,2024-W21,week,region_3,sentinella_region,all,agegroup_ili_ari,all,898.6,32315,1750,58.8,1.09,falling,20.5,NA,NA,NA,NA,TRUE
consultations,2024-W21,week,region_4,sentinella_region,all,agegroup_ili_ari,all,91.1,28473.4,1395,10.54,0.22,rising,2.1,NA,NA,NA,NA,TRUE
consultations,2024-W21,week,region_5,sentinella_region,all,agegroup_ili_ari,all,842.9,37927.9,1926,31.64,0.62,falling,19.2,NA,NA,NA,NA,TRUE
consultations,2024-W21,week,region_6,sentinella_region,all,agegroup_ili_ari,all,389.5,11604.4,873,68.94,0.92,falling,8.9,NA,NA,NA,NA,TRUE
consultations,2024-W22,week,CH,country,all,agegroup_ili_ari,all,3996.9,190235.4,10604,44.16,0.79,falling,100,NA,NA,NA,NA,TRUE
consultations,2024-W22,week,region_1,sentinella_region,all,agegroup_ili_ari,all,1322.6,30755.1,1885,68.28,1.11,falling,31.2,NA,NA,NA,NA,TRUE
consultations,2024-W22,week,region_2,sentinella_region,all,agegroup_ili_ari,all,465.7,44878.5,2518,31.2,0.56,rising,11,NA,NA,NA,NA,TRUE
consultations,2024-W22,week,region_3,sentinella_region,all,agegroup_ili_ari,all,794.6,34623.1,1882,51.99,0.96,falling,18.7,NA,NA,NA,NA,TRUE
consultations,2024-W22,week,region_4,sentinella_region,all,agegroup_ili_ari,all,125.7,27482.5,1350,14.55,0.3,stagnant,3,NA,NA,NA,NA,TRUE
consultations,2024-W22,week,region_5,sentinella_region,all,agegroup_ili_ari,all,774.4,41286.4,2122,29.07,0.57,falling,18.3,NA,NA,NA,NA,TRUE
consultations,2024-W22,week,region_6,sentinella_region,all,agegroup_ili_ari,all,756.1,11209.8,847,133.81,1.77,falling,17.8,NA,NA,NA,NA,TRUE
consultations,2024-W23,week,CH,country,all,agegroup_ili_ari,all,4974.4,196499.6,11544,54.96,0.94,falling,100,NA,NA,NA,NA,TRUE
consultations,2024-W23,week,region_1,sentinella_region,all,agegroup_ili_ari,all,1114.2,31296,2012,57.52,0.89,falling,21.6,NA,NA,NA,NA,TRUE
consultations,2024-W23,week,region_2,sentinella_region,all,agegroup_ili_ari,all,552.9,40495.2,2398,37.04,0.63,stagnant,10.7,NA,NA,NA,NA,TRUE
consultations,2024-W23,week,region_3,sentinella_region,all,agegroup_ili_ari,all,1253.5,36575.1,2106,82.02,1.42,stagnant,24.3,NA,NA,NA,NA,TRUE
consultations,2024-W23,week,region_4,sentinella_region,all,agegroup_ili_ari,all,149,34782.5,1796,17.25,0.33,stagnant,2.9,NA,NA,NA,NA,TRUE
consultations,2024-W23,week,region_5,sentinella_region,all,agegroup_ili_ari,all,1203.6,39844.5,2158,45.18,0.83,falling,23.4,NA,NA,NA,NA,TRUE
consultations,2024-W23,week,region_6,sentinella_region,all,agegroup_ili_ari,all,878.5,13506.4,1074,155.48,1.96,falling,17.1,NA,NA,NA,NA,TRUE
consultations,2024-W24,week,CH,country,all,agegroup_ili_ari,all,4871.3,196959,11264,53.82,0.94,rising,100,NA,NA,NA,NA,TRUE
consultations,2024-W24,week,region_1,sentinella_region,all,agegroup_ili_ari,all,1127.5,30921.1,1937,58.21,0.93,rising,21.6,NA,NA,NA,NA,TRUE
consultations,2024-W24,week,region_2,sentinella_region,all,agegroup_ili_ari,all,499.2,41862.4,2419,33.44,0.58,falling,9.6,NA,NA,NA,NA,TRUE
consultations,2024-W24,week,region_3,sentinella_region,all,agegroup_ili_ari,all,1298.9,34122.6,1924,84.99,1.51,rising,24.9,NA,NA,NA,NA,TRUE
consultations,2024-W24,week,region_4,sentinella_region,all,agegroup_ili_ari,all,216.1,35964.2,1809,25.02,0.5,rising,4.1,NA,NA,NA,NA,TRUE
consultations,2024-W24,week,region_5,sentinella_region,all,agegroup_ili_ari,all,1564.3,40872.1,2149,58.72,1.12,rising,30,NA,NA,NA,NA,TRUE
consultations,2024-W24,week,region_6,sentinella_region,all,agegroup_ili_ari,all,513.1,13216.5,1026,90.8,1.17,rising,9.8,NA,NA,NA,NA,TRUE
consultations,2024-W25,week,CH,country,all,agegroup_ili_ari,all,4913.8,182359.2,10491,54.29,0.94,rising,100,NA,NA,NA,NA,TRUE
consultations,2024-W25,week,region_1,sentinella_region,all,agegroup_ili_ari,all,1364.6,31226.6,1956,70.45,1.12,falling,25.3,NA,NA,NA,NA,TRUE
consultations,2024-W25,week,region_2,sentinella_region,all,agegroup_ili_ari,all,565.9,36933.5,2133,37.91,0.66,rising,10.5,NA,NA,NA,NA,TRUE
consultations,2024-W25,week,region_3,sentinella_region,all,agegroup_ili_ari,all,1229.1,28599.2,1624,80.42,1.42,rising,22.8,NA,NA,NA,NA,TRUE
consultations,2024-W25,week,region_4,sentinella_region,all,agegroup_ili_ari,all,83.7,30960.7,1561,9.69,0.19,rising,1.6,NA,NA,NA,NA,TRUE
consultations,2024-W25,week,region_5,sentinella_region,all,agegroup_ili_ari,all,1660,41727.6,2211,62.31,1.18,rising,30.8,NA,NA,NA,NA,TRUE
consultations,2024-W25,week,region_6,sentinella_region,all,agegroup_ili_ari,all,481.4,12911.6,1006,85.19,1.09,stagnant,8.9,NA,NA,NA,NA,TRUE
consultations,2024-W26,week,CH,country,all,agegroup_ili_ari,all,3439.4,189449.8,10988,38,0.66,falling,100,NA,NA,NA,NA,TRUE
consultations,2024-W26,week,region_1,sentinella_region,all,agegroup_ili_ari,all,593.9,26090.7,1667,30.66,0.48,falling,16.8,NA,NA,NA,NA,TRUE
consultations,2024-W26,week,region_2,sentinella_region,all,agegroup_ili_ari,all,269.9,38709.4,2268,18.08,0.31,falling,7.7,NA,NA,NA,NA,TRUE
consultations,2024-W26,week,region_3,sentinella_region,all,agegroup_ili_ari,all,764.5,37987.8,2164,50.02,0.88,stagnant,21.7,NA,NA,NA,NA,TRUE
consultations,2024-W26,week,region_4,sentinella_region,all,agegroup_ili_ari,all,88,29442.2,1503,10.19,0.2,falling,2.5,NA,NA,NA,NA,TRUE
consultations,2024-W26,week,region_5,sentinella_region,all,agegroup_ili_ari,all,1095.5,43775.3,2334,41.12,0.77,rising,31.1,NA,NA,NA,NA,TRUE
consultations,2024-W26,week,region_6,sentinella_region,all,agegroup_ili_ari,all,714.5,13444.3,1052,126.45,1.62,falling,20.3,NA,NA,NA,NA,TRUE
consultations,2024-W27,week,CH,country,all,agegroup_ili_ari,all,3471.1,179936.3,10054,38.35,0.69,falling,100,NA,NA,NA,NA,TRUE
consultations,2024-W27,week,region_1,sentinella_region,all,agegroup_ili_ari,all,767.6,25231.9,1543,39.63,0.65,falling,20.4,NA,NA,NA,NA,TRUE
consultations,2024-W27,week,region_2,sentinella_region,all,agegroup_ili_ari,all,363.2,41096.4,2316,24.33,0.43,falling,9.6,NA,NA,NA,NA,TRUE
consultations,2024-W27,week,region_3,sentinella_region,all,agegroup_ili_ari,all,980.3,28061.8,1555,64.14,1.16,falling,26,NA,NA,NA,NA,TRUE
consultations,2024-W27,week,region_4,sentinella_region,all,agegroup_ili_ari,all,84.2,30753.9,1518,9.75,0.2,falling,2.2,NA,NA,NA,NA,TRUE
consultations,2024-W27,week,region_5,sentinella_region,all,agegroup_ili_ari,all,786.4,44030.7,2305,29.52,0.56,falling,20.9,NA,NA,NA,NA,TRUE
consultations,2024-W27,week,region_6,sentinella_region,all,agegroup_ili_ari,all,787.6,10761.6,817,139.38,1.84,stagnant,20.9,NA,NA,NA,NA,TRUE
consultations,2024-W28,week,CH,country,all,agegroup_ili_ari,all,3134.4,190605.5,9625,34.63,0.69,falling,100,NA,NA,NA,NA,TRUE
consultations,2024-W28,week,region_1,sentinella_region,all,agegroup_ili_ari,all,426.5,27244.6,1518,22.02,0.4,falling,13.7,NA,NA,NA,NA,TRUE
consultations,2024-W28,week,region_2,sentinella_region,all,agegroup_ili_ari,all,547.4,43631.2,2204,36.67,0.73,stagnant,17.5,NA,NA,NA,NA,TRUE
consultations,2024-W28,week,region_3,sentinella_region,all,agegroup_ili_ari,all,360.5,25433.5,1269,23.59,0.47,falling,11.5,NA,NA,NA,NA,TRUE
consultations,2024-W28,week,region_4,sentinella_region,all,agegroup_ili_ari,all,197.8,34933.6,1561,22.9,0.51,stagnant,6.3,NA,NA,NA,NA,TRUE
consultations,2024-W28,week,region_5,sentinella_region,all,agegroup_ili_ari,all,1136.2,46895.9,2220,42.65,0.9,falling,36.4,NA,NA,NA,NA,TRUE
consultations,2024-W28,week,region_6,sentinella_region,all,agegroup_ili_ari,all,453.2,12466.7,853,80.21,1.17,rising,14.5,NA,NA,NA,NA,TRUE
consultations,2024-W29,week,CH,country,all,agegroup_ili_ari,all,3074.6,188428.1,8475,33.97,0.76,falling,100,NA,NA,NA,NA,TRUE
consultations,2024-W29,week,region_1,sentinella_region,all,agegroup_ili_ari,all,401,33813.2,1660,20.7,0.42,falling,12.8,NA,NA,NA,NA,TRUE
consultations,2024-W29,week,region_2,sentinella_region,all,agegroup_ili_ari,all,552.8,45905.4,2034,37.03,0.84,rising,17.6,NA,NA,NA,NA,TRUE
consultations,2024-W29,week,region_3,sentinella_region,all,agegroup_ili_ari,all,741.7,24729.5,1088,48.53,1.1,falling,23.6,NA,NA,NA,NA,TRUE
consultations,2024-W29,week,region_4,sentinella_region,all,agegroup_ili_ari,all,141.3,30555,1214,16.36,0.41,rising,4.5,NA,NA,NA,NA,TRUE
consultations,2024-W29,week,region_5,sentinella_region,all,agegroup_ili_ari,all,843.2,41076.7,1732,31.65,0.75,falling,26.9,NA,NA,NA,NA,TRUE
consultations,2024-W29,week,region_6,sentinella_region,all,agegroup_ili_ari,all,457.6,12348.2,747,80.98,1.34,falling,14.6,NA,NA,NA,NA,TRUE
consultations,2024-W30,week,CH,country,all,agegroup_ili_ari,all,3282.8,193017.3,7334,36.27,0.95,falling,100,NA,NA,NA,NA,TRUE
consultations,2024-W30,week,region_1,sentinella_region,all,agegroup_ili_ari,all,1060.9,29211.8,1225,54.77,1.31,rising,30.1,NA,NA,NA,NA,TRUE
consultations,2024-W30,week,region_2,sentinella_region,all,agegroup_ili_ari,all,473.2,41005.5,1501,31.7,0.87,rising,13.4,NA,NA,NA,NA,TRUE
consultations,2024-W30,week,region_3,sentinella_region,all,agegroup_ili_ari,all,456,33510,1256,29.84,0.8,falling,13,NA,NA,NA,NA,TRUE
consultations,2024-W30,week,region_4,sentinella_region,all,agegroup_ili_ari,all,196.4,39573.6,1354,22.74,0.66,rising,5.6,NA,NA,NA,NA,TRUE
consultations,2024-W30,week,region_5,sentinella_region,all,agegroup_ili_ari,all,960.1,36072.4,1320,36.04,0.98,falling,27.3,NA,NA,NA,NA,TRUE
consultations,2024-W30,week,region_6,sentinella_region,all,agegroup_ili_ari,all,372.7,13644,678,65.96,1.33,falling,10.6,NA,NA,NA,NA,TRUE
consultations,2024-W31,week,CH,country,all,agegroup_ili_ari,all,2469.1,164967.4,5203,27.28,0.86,falling,100,NA,NA,NA,NA,TRUE
consultations,2024-W31,week,region_1,sentinella_region,all,agegroup_ili_ari,all,971.4,25919.7,892,50.15,1.46,rising,37.1,NA,NA,NA,NA,TRUE
consultations,2024-W31,week,region_2,sentinella_region,all,agegroup_ili_ari,all,289.6,41227.2,1235,19.4,0.65,falling,11.1,NA,NA,NA,NA,TRUE
consultations,2024-W31,week,region_3,sentinella_region,all,agegroup_ili_ari,all,349.7,30599.7,965,22.88,0.73,falling,13.4,NA,NA,NA,NA,TRUE
consultations,2024-W31,week,region_4,sentinella_region,all,agegroup_ili_ari,all,93.2,27794.6,778,10.79,0.39,stagnant,3.6,NA,NA,NA,NA,TRUE
consultations,2024-W31,week,region_5,sentinella_region,all,agegroup_ili_ari,all,481.7,27655,830,18.08,0.6,falling,18.4,NA,NA,NA,NA,TRUE
consultations,2024-W31,week,region_6,sentinella_region,all,agegroup_ili_ari,all,432,11771.2,503,76.46,1.79,falling,16.5,NA,NA,NA,NA,TRUE
consultations,2024-W32,week,CH,country,all,agegroup_ili_ari,all,2904.5,196325.1,8335,32.09,0.76,falling,100,NA,NA,NA,NA,TRUE
consultations,2024-W32,week,region_1,sentinella_region,all,agegroup_ili_ari,all,530.7,21896.4,1023,27.4,0.59,rising,17.6,NA,NA,NA,NA,TRUE
consultations,2024-W32,week,region_2,sentinella_region,all,agegroup_ili_ari,all,372,44146.9,1846,24.92,0.6,falling,12.3,NA,NA,NA,NA,TRUE
consultations,2024-W32,week,region_3,sentinella_region,all,agegroup_ili_ari,all,631.8,41120.9,1735,41.34,0.98,rising,20.9,NA,NA,NA,NA,TRUE
consultations,2024-W32,week,region_4,sentinella_region,all,agegroup_ili_ari,all,94.8,36467.1,1381,10.97,0.29,falling,3.1,NA,NA,NA,NA,TRUE
consultations,2024-W32,week,region_5,sentinella_region,all,agegroup_ili_ari,all,792,40364.2,1630,29.73,0.74,falling,26.3,NA,NA,NA,NA,TRUE
consultations,2024-W32,week,region_6,sentinella_region,all,agegroup_ili_ari,all,595.8,12329.6,720,105.44,1.81,rising,19.7,NA,NA,NA,NA,TRUE
consultations,2024-W33,week,CH,country,all,agegroup_ili_ari,all,3541.7,204432.4,9956,39.13,0.8,rising,100,NA,NA,NA,NA,TRUE
consultations,2024-W33,week,region_1,sentinella_region,all,agegroup_ili_ari,all,319.6,24238.5,1301,16.5,0.31,falling,9.1,NA,NA,NA,NA,TRUE
consultations,2024-W33,week,region_2,sentinella_region,all,agegroup_ili_ari,all,632.3,44858.8,2189,42.36,0.87,stagnant,17.9,NA,NA,NA,NA,TRUE
consultations,2024-W33,week,region_3,sentinella_region,all,agegroup_ili_ari,all,783.3,40975.9,1986,51.25,1.06,rising,22.2,NA,NA,NA,NA,TRUE
consultations,2024-W33,week,region_4,sentinella_region,all,agegroup_ili_ari,all,127.2,33965.7,1478,14.72,0.34,falling,3.6,NA,NA,NA,NA,TRUE
consultations,2024-W33,week,region_5,sentinella_region,all,agegroup_ili_ari,all,1316.8,50577,2351,49.43,1.06,rising,37.4,NA,NA,NA,NA,TRUE
consultations,2024-W33,week,region_6,sentinella_region,all,agegroup_ili_ari,all,345.4,9816.5,651,61.12,0.92,stagnant,9.8,NA,NA,NA,NA,TRUE
consultations,2024-W34,week,CH,country,all,agegroup_ili_ari,all,4450.4,195260.6,10923,49.17,0.88,rising,100,NA,NA,NA,NA,TRUE
consultations,2024-W34,week,region_1,sentinella_region,all,agegroup_ili_ari,all,887.7,30547,1868,45.83,0.75,falling,18.5,NA,NA,NA,NA,TRUE
consultations,2024-W34,week,region_2,sentinella_region,all,agegroup_ili_ari,all,567.1,39485.7,2207,37.99,0.68,rising,11.8,NA,NA,NA,NA,TRUE
consultations,2024-W34,week,region_3,sentinella_region,all,agegroup_ili_ari,all,1342.5,33015.9,1819,87.84,1.59,rising,27.9,NA,NA,NA,NA,TRUE
consultations,2024-W34,week,region_4,sentinella_region,all,agegroup_ili_ari,all,50.1,34505.8,1707,5.8,0.12,falling,1,NA,NA,NA,NA,TRUE
consultations,2024-W34,week,region_5,sentinella_region,all,agegroup_ili_ari,all,1415.7,45162,2374,53.14,1.01,rising,29.5,NA,NA,NA,NA,TRUE
consultations,2024-W34,week,region_6,sentinella_region,all,agegroup_ili_ari,all,540.5,12544.1,948,95.66,1.27,rising,11.3,NA,NA,NA,NA,TRUE
consultations,2024-W35,week,CH,country,all,agegroup_ili_ari,all,5316.6,190671,10790,58.74,1.04,rising,100,NA,NA,NA,NA,TRUE
consultations,2024-W35,week,region_1,sentinella_region,all,agegroup_ili_ari,all,2208,27194.2,1684,113.99,1.84,rising,38.2,NA,NA,NA,NA,TRUE
consultations,2024-W35,week,region_2,sentinella_region,all,agegroup_ili_ari,all,773.5,44387.7,2519,51.82,0.91,rising,13.4,NA,NA,NA,NA,TRUE
consultations,2024-W35,week,region_3,sentinella_region,all,agegroup_ili_ari,all,1387.5,33043.3,1834,90.79,1.64,rising,24,NA,NA,NA,NA,TRUE
consultations,2024-W35,week,region_4,sentinella_region,all,agegroup_ili_ari,all,107,32311.1,1619,12.38,0.25,stagnant,1.9,NA,NA,NA,NA,TRUE
consultations,2024-W35,week,region_5,sentinella_region,all,agegroup_ili_ari,all,638,41746.7,2215,23.95,0.45,rising,11,NA,NA,NA,NA,TRUE
consultations,2024-W35,week,region_6,sentinella_region,all,agegroup_ili_ari,all,659.9,11988,919,116.78,1.52,rising,11.4,NA,NA,NA,NA,TRUE
consultations,2024-W36,week,CH,country,all,agegroup_ili_ari,all,3697.3,200729.9,11056,40.85,0.74,rising,100,NA,NA,NA,NA,TRUE
consultations,2024-W36,week,region_1,sentinella_region,all,agegroup_ili_ari,all,1304.6,25242.2,1527,67.35,1.11,rising,30.6,NA,NA,NA,NA,TRUE
consultations,2024-W36,week,region_2,sentinella_region,all,agegroup_ili_ari,all,418.6,46355.4,2572,28.04,0.51,rising,9.8,NA,NA,NA,NA,TRUE
consultations,2024-W36,week,region_3,sentinella_region,all,agegroup_ili_ari,all,915.9,31704.2,1715,59.93,1.11,rising,21.5,NA,NA,NA,NA,TRUE
consultations,2024-W36,week,region_4,sentinella_region,all,agegroup_ili_ari,all,47.9,36037.3,1759,5.55,0.11,falling,1.1,NA,NA,NA,NA,TRUE
consultations,2024-W36,week,region_5,sentinella_region,all,agegroup_ili_ari,all,1108.2,48072,2486,41.6,0.8,stagnant,26,NA,NA,NA,NA,TRUE
consultations,2024-W36,week,region_6,sentinella_region,all,agegroup_ili_ari,all,466.7,13318.7,997,82.59,1.1,stagnant,11,NA,NA,NA,NA,TRUE
consultations,2024-W37,week,CH,country,all,agegroup_ili_ari,all,6374.6,194508.8,11079,70.43,1.24,rising,100,NA,NA,NA,NA,TRUE
consultations,2024-W37,week,region_1,sentinella_region,all,agegroup_ili_ari,all,2778.1,27890.3,1752,143.42,2.28,rising,39.5,NA,NA,NA,NA,TRUE
consultations,2024-W37,week,region_2,sentinella_region,all,agegroup_ili_ari,all,364.4,36876.5,2117,24.41,0.43,falling,5.2,NA,NA,NA,NA,TRUE
consultations,2024-W37,week,region_3,sentinella_region,all,agegroup_ili_ari,all,1467.8,38525.8,2148,96.04,1.72,rising,20.9,NA,NA,NA,NA,TRUE
consultations,2024-W37,week,region_4,sentinella_region,all,agegroup_ili_ari,all,268.4,32186,1624,31.07,0.62,rising,3.8,NA,NA,NA,NA,TRUE
consultations,2024-W37,week,region_5,sentinella_region,all,agegroup_ili_ari,all,1435.9,46379.2,2459,53.9,1.02,stagnant,20.4,NA,NA,NA,NA,TRUE
consultations,2024-W37,week,region_6,sentinella_region,all,agegroup_ili_ari,all,714.6,12651,979,126.47,1.63,rising,10.2,NA,NA,NA,NA,TRUE
consultations,2024-W38,week,CH,country,all,agegroup_ili_ari,all,6235.3,184348.4,10428,68.89,1.22,rising,100,NA,NA,NA,NA,TRUE
consultations,2024-W38,week,region_1,sentinella_region,all,agegroup_ili_ari,all,1678.6,26542,1651,86.66,1.39,rising,24.5,NA,NA,NA,NA,TRUE
consultations,2024-W38,week,region_2,sentinella_region,all,agegroup_ili_ari,all,818.9,36455.6,2070,54.86,0.97,stagnant,11.9,NA,NA,NA,NA,TRUE
consultations,2024-W38,week,region_3,sentinella_region,all,agegroup_ili_ari,all,1173.9,33851.8,1890,76.81,1.38,falling,17.1,NA,NA,NA,NA,TRUE
consultations,2024-W38,week,region_4,sentinella_region,all,agegroup_ili_ari,all,28.8,30030.4,1503,3.33,0.07,rising,0.4,NA,NA,NA,NA,TRUE
consultations,2024-W38,week,region_5,sentinella_region,all,agegroup_ili_ari,all,2171.7,46615.2,2478,81.52,1.53,rising,31.7,NA,NA,NA,NA,TRUE
consultations,2024-W38,week,region_6,sentinella_region,all,agegroup_ili_ari,all,989.2,10853.5,836,175.06,2.27,rising,14.4,NA,NA,NA,NA,TRUE
consultations,2024-W39,week,CH,country,all,agegroup_ili_ari,all,6829.9,185525.1,10585,75.46,1.32,rising,100,NA,NA,NA,NA,TRUE
consultations,2024-W39,week,region_1,sentinella_region,all,agegroup_ili_ari,all,966.2,30072,1879,49.88,0.8,falling,13.8,NA,NA,NA,NA,TRUE
consultations,2024-W39,week,region_2,sentinella_region,all,agegroup_ili_ari,all,751.3,27813.8,1578,50.33,0.89,rising,10.7,NA,NA,NA,NA,TRUE
consultations,2024-W39,week,region_3,sentinella_region,all,agegroup_ili_ari,all,2062.8,34823.2,1952,134.97,2.41,rising,29.5,NA,NA,NA,NA,TRUE
consultations,2024-W39,week,region_4,sentinella_region,all,agegroup_ili_ari,all,267.5,32285,1626,30.97,0.62,rising,3.8,NA,NA,NA,NA,TRUE
consultations,2024-W39,week,region_5,sentinella_region,all,agegroup_ili_ari,all,2658.7,47096.2,2516,99.8,1.87,rising,38,NA,NA,NA,NA,TRUE
consultations,2024-W39,week,region_6,sentinella_region,all,agegroup_ili_ari,all,294.4,13434.9,1034,52.1,0.68,falling,4.2,NA,NA,NA,NA,TRUE
consultations,2024-W40,week,CH,country,all,agegroup_ili_ari,all,9628.5,180477.3,9315,106.38,2.06,rising,100,NA,NA,NA,NA,TRUE
consultations,2024-W40,week,region_1,sentinella_region,all,agegroup_ili_ari,all,2143.5,34338.6,1922,110.66,1.98,stagnant,22.7,NA,NA,NA,NA,TRUE
consultations,2024-W40,week,region_2,sentinella_region,all,agegroup_ili_ari,all,2254.9,34423.8,1751,151.06,2.97,rising,23.9,NA,NA,NA,NA,TRUE
consultations,2024-W40,week,region_3,sentinella_region,all,agegroup_ili_ari,all,796.4,24945.9,1253,52.11,1.04,rising,8.4,NA,NA,NA,NA,TRUE
consultations,2024-W40,week,region_4,sentinella_region,all,agegroup_ili_ari,all,283.2,24405,1105,32.78,0.72,rising,3,NA,NA,NA,NA,TRUE
consultations,2024-W40,week,region_5,sentinella_region,all,agegroup_ili_ari,all,2602.5,48109.3,2304,97.69,2.04,rising,27.6,NA,NA,NA,NA,TRUE
consultations,2024-W40,week,region_6,sentinella_region,all,agegroup_ili_ari,all,1347.7,14254.6,980,238.52,3.47,rising,14.3,NA,NA,NA,NA,TRUE
consultations,2024-W41,week,CH,country,all,agegroup_ili_ari,all,9764.3,180763.3,8221,107.88,2.37,rising,100,NA,NA,NA,NA,TRUE
consultations,2024-W41,week,region_1,sentinella_region,all,agegroup_ili_ari,all,1788.4,33575.8,1638,92.33,1.89,falling,19.3,NA,NA,NA,NA,TRUE
consultations,2024-W41,week,region_2,sentinella_region,all,agegroup_ili_ari,all,1996.7,47100.1,2099,133.76,3,rising,21.5,NA,NA,NA,NA,TRUE
consultations,2024-W41,week,region_3,sentinella_region,all,agegroup_ili_ari,all,1683.7,26324,1159,110.17,2.5,stagnant,18.1,NA,NA,NA,NA,TRUE
consultations,2024-W41,week,region_4,sentinella_region,all,agegroup_ili_ari,all,437.1,29642.1,1167,50.6,1.29,rising,4.7,NA,NA,NA,NA,TRUE
consultations,2024-W41,week,region_5,sentinella_region,all,agegroup_ili_ari,all,2132.8,28727.1,1229,80.06,1.87,rising,23,NA,NA,NA,NA,TRUE
consultations,2024-W41,week,region_6,sentinella_region,all,agegroup_ili_ari,all,1247.9,15394.2,929,220.86,3.66,rising,13.4,NA,NA,NA,NA,TRUE
consultations,2024-W42,week,CH,country,all,agegroup_ili_ari,all,9053.7,180940.5,9410,100.03,1.92,rising,100,NA,NA,NA,NA,TRUE
consultations,2024-W42,week,region_1,sentinella_region,all,agegroup_ili_ari,all,3281.3,18299.8,1048,169.4,2.96,rising,34.5,NA,NA,NA,NA,TRUE
consultations,2024-W42,week,region_2,sentinella_region,all,agegroup_ili_ari,all,1636.8,47422,2464,109.65,2.11,rising,17.2,NA,NA,NA,NA,TRUE
consultations,2024-W42,week,region_3,sentinella_region,all,agegroup_ili_ari,all,1396.1,37219,1901,91.35,1.79,stagnant,14.7,NA,NA,NA,NA,TRUE
consultations,2024-W42,week,region_4,sentinella_region,all,agegroup_ili_ari,all,527.4,31119.9,1409,61.05,1.35,rising,5.5,NA,NA,NA,NA,TRUE
consultations,2024-W42,week,region_5,sentinella_region,all,agegroup_ili_ari,all,1705.3,32808.1,1599,64.01,1.31,falling,17.9,NA,NA,NA,NA,TRUE
consultations,2024-W42,week,region_6,sentinella_region,all,agegroup_ili_ari,all,963.7,14071.8,989,170.55,2.43,rising,10.1,NA,NA,NA,NA,TRUE
consultations,2024-W43,week,CH,country,all,agegroup_ili_ari,all,11241.4,174719.7,10458,124.2,2.07,rising,100,NA,NA,NA,NA,TRUE
consultations,2024-W43,week,region_1,sentinella_region,all,agegroup_ili_ari,all,1653.8,22252.7,1463,85.38,1.3,rising,14.5,NA,NA,NA,NA,TRUE
consultations,2024-W43,week,region_2,sentinella_region,all,agegroup_ili_ari,all,2209.4,36484,2187,148.01,2.47,rising,19.3,NA,NA,NA,NA,TRUE
consultations,2024-W43,week,region_3,sentinella_region,all,agegroup_ili_ari,all,1816.7,32807.9,1945,118.87,2.01,stagnant,15.9,NA,NA,NA,NA,TRUE
consultations,2024-W43,week,region_4,sentinella_region,all,agegroup_ili_ari,all,495.3,29654.6,1589,57.33,1.07,rising,4.3,NA,NA,NA,NA,TRUE
consultations,2024-W43,week,region_5,sentinella_region,all,agegroup_ili_ari,all,3346,43788.4,2488,125.6,2.21,rising,29.3,NA,NA,NA,NA,TRUE
consultations,2024-W43,week,region_6,sentinella_region,all,agegroup_ili_ari,all,1915.9,9732.1,786,339.08,4.2,rising,16.8,NA,NA,NA,NA,TRUE
consultations,2024-W44,week,CH,country,all,agegroup_ili_ari,all,9967.9,182513.3,10682,110.13,1.88,rising,100,NA,NA,NA,NA,TRUE
consultations,2024-W44,week,region_1,sentinella_region,all,agegroup_ili_ari,all,1498.1,31032.6,1999,77.34,1.2,falling,14.8,NA,NA,NA,NA,TRUE
consultations,2024-W44,week,region_2,sentinella_region,all,agegroup_ili_ari,all,2282.8,37271.6,2191,152.93,2.6,stagnant,22.5,NA,NA,NA,NA,TRUE
consultations,2024-W44,week,region_3,sentinella_region,all,agegroup_ili_ari,all,1713.5,34784.2,2016,112.12,1.93,rising,16.9,NA,NA,NA,NA,TRUE
consultations,2024-W44,week,region_4,sentinella_region,all,agegroup_ili_ari,all,439.6,27509.1,1417,50.89,0.99,rising,4.3,NA,NA,NA,NA,TRUE
consultations,2024-W44,week,region_5,sentinella_region,all,agegroup_ili_ari,all,3253.9,44209.8,2440,122.14,2.21,rising,32.1,NA,NA,NA,NA,TRUE
consultations,2024-W44,week,region_6,sentinella_region,all,agegroup_ili_ari,all,953.2,7706,619,168.7,2.1,stagnant,9.4,NA,NA,NA,NA,TRUE
consultations,2024-W45,week,CH,country,all,agegroup_ili_ari,all,11504.8,185668.9,11633,127.11,2.03,rising,100,NA,NA,NA,NA,TRUE
consultations,2024-W45,week,region_1,sentinella_region,all,agegroup_ili_ari,all,2030,27672.5,1888,104.8,1.54,falling,17.2,NA,NA,NA,NA,TRUE
consultations,2024-W45,week,region_2,sentinella_region,all,agegroup_ili_ari,all,2153.3,38128.5,2398,144.25,2.29,rising,18.2,NA,NA,NA,NA,TRUE
consultations,2024-W45,week,region_3,sentinella_region,all,agegroup_ili_ari,all,2378.7,30839.4,1904,155.64,2.52,rising,20.1,NA,NA,NA,NA,TRUE
consultations,2024-W45,week,region_4,sentinella_region,all,agegroup_ili_ari,all,507.5,32347.2,1794,58.74,1.06,stagnant,4.3,NA,NA,NA,NA,TRUE
consultations,2024-W45,week,region_5,sentinella_region,all,agegroup_ili_ari,all,3726.2,43611.9,2538,139.87,2.4,rising,31.5,NA,NA,NA,NA,TRUE
consultations,2024-W45,week,region_6,sentinella_region,all,agegroup_ili_ari,all,1037.6,13069.5,1111,183.63,2.16,falling,8.8,NA,NA,NA,NA,TRUE
consultations,2024-W46,week,CH,country,all,agegroup_ili_ari,all,12028.8,182842.2,11561,132.9,2.1,rising,100,NA,NA,NA,NA,TRUE
consultations,2024-W46,week,region_1,sentinella_region,all,agegroup_ili_ari,all,2884.6,28875.4,1987,148.92,2.16,falling,23.1,NA,NA,NA,NA,TRUE
consultations,2024-W46,week,region_2,sentinella_region,all,agegroup_ili_ari,all,1914.3,38210,2425,128.24,2.02,rising,15.3,NA,NA,NA,NA,TRUE
consultations,2024-W46,week,region_3,sentinella_region,all,agegroup_ili_ari,all,2393.9,31920.2,1979,156.64,2.53,rising,19.1,NA,NA,NA,NA,TRUE
consultations,2024-W46,week,region_4,sentinella_region,all,agegroup_ili_ari,all,401.6,27964.7,1550,46.49,0.84,falling,3.2,NA,NA,NA,NA,TRUE
consultations,2024-W46,week,region_5,sentinella_region,all,agegroup_ili_ari,all,3613,42767.9,2498,135.62,2.32,rising,28.9,NA,NA,NA,NA,TRUE
consultations,2024-W46,week,region_6,sentinella_region,all,agegroup_ili_ari,all,1293.5,13104.2,1122,228.93,2.67,falling,10.3,NA,NA,NA,NA,TRUE
consultations,2024-W47,week,CH,country,all,agegroup_ili_ari,all,12041.5,190169.6,11872,133.04,2.13,rising,100,NA,NA,NA,NA,TRUE
consultations,2024-W47,week,region_1,sentinella_region,all,agegroup_ili_ari,all,4504.7,27090.4,1860,232.56,3.39,rising,33.3,NA,NA,NA,NA,TRUE
consultations,2024-W47,week,region_2,sentinella_region,all,agegroup_ili_ari,all,1832.2,37476.6,2379,122.74,1.93,falling,13.5,NA,NA,NA,NA,TRUE
consultations,2024-W47,week,region_3,sentinella_region,all,agegroup_ili_ari,all,2318,32966.9,2029,151.67,2.46,rising,17.1,NA,NA,NA,NA,TRUE
consultations,2024-W47,week,region_4,sentinella_region,all,agegroup_ili_ari,all,176.6,34239.2,1876,20.44,0.37,falling,1.3,NA,NA,NA,NA,TRUE
consultations,2024-W47,week,region_5,sentinella_region,all,agegroup_ili_ari,all,3594.9,45204.1,2604,134.94,2.34,rising,26.6,NA,NA,NA,NA,TRUE
consultations,2024-W47,week,region_6,sentinella_region,all,agegroup_ili_ari,all,1113.6,13192.5,1124,197.08,2.31,falling,8.2,NA,NA,NA,NA,TRUE
consultations,2024-W48,week,CH,country,all,agegroup_ili_ari,all,10943.6,186092.3,11493,120.91,1.96,rising,100,NA,NA,NA,NA,TRUE
consultations,2024-W48,week,region_1,sentinella_region,all,agegroup_ili_ari,all,3671.6,27433.9,1853,189.55,2.81,rising,31.6,NA,NA,NA,NA,TRUE
consultations,2024-W48,week,region_2,sentinella_region,all,agegroup_ili_ari,all,1962.2,39560.2,2486,131.45,2.09,falling,16.9,NA,NA,NA,NA,TRUE
consultations,2024-W48,week,region_3,sentinella_region,all,agegroup_ili_ari,all,2172.5,31656.2,1923,142.15,2.34,rising,18.7,NA,NA,NA,NA,TRUE
consultations,2024-W48,week,region_4,sentinella_region,all,agegroup_ili_ari,all,330.9,28718.2,1548,38.3,0.71,falling,2.9,NA,NA,NA,NA,TRUE
consultations,2024-W48,week,region_5,sentinella_region,all,agegroup_ili_ari,all,2496.7,45882.7,2598,93.72,1.66,falling,21.5,NA,NA,NA,NA,TRUE
consultations,2024-W48,week,region_6,sentinella_region,all,agegroup_ili_ari,all,968,12841.1,1085,171.32,2.03,stagnant,8.3,NA,NA,NA,NA,TRUE
consultations,2024-W49,week,CH,country,all,agegroup_ili_ari,all,12264.1,183766.1,11576,135.5,2.15,stagnant,100,NA,NA,NA,NA,TRUE
consultations,2024-W49,week,region_1,sentinella_region,all,agegroup_ili_ari,all,2996.9,27791.3,1915,154.72,2.25,rising,23.1,NA,NA,NA,NA,TRUE
consultations,2024-W49,week,region_2,sentinella_region,all,agegroup_ili_ari,all,1829.3,36718.8,2334,122.55,1.93,falling,14.1,NA,NA,NA,NA,TRUE
consultations,2024-W49,week,region_3,sentinella_region,all,agegroup_ili_ari,all,2863.9,33085.9,2063,187.39,3.01,rising,22.1,NA,NA,NA,NA,TRUE
consultations,2024-W49,week,region_4,sentinella_region,all,agegroup_ili_ari,all,313.3,30325.3,1680,36.27,0.65,falling,2.4,NA,NA,NA,NA,TRUE
consultations,2024-W49,week,region_5,sentinella_region,all,agegroup_ili_ari,all,3570.6,44020.5,2566,134.03,2.3,falling,27.6,NA,NA,NA,NA,TRUE
consultations,2024-W49,week,region_6,sentinella_region,all,agegroup_ili_ari,all,1385.8,11824.3,1018,245.26,2.85,rising,10.7,NA,NA,NA,NA,TRUE
consultations,2024-W50,week,CH,country,all,agegroup_ili_ari,all,13015.4,185668.5,12118,143.8,2.2,rising,100,NA,NA,NA,NA,TRUE
consultations,2024-W50,week,region_1,sentinella_region,all,agegroup_ili_ari,all,3495.9,30473.8,2177,180.48,2.53,stagnant,25.3,NA,NA,NA,NA,TRUE
consultations,2024-W50,week,region_2,sentinella_region,all,agegroup_ili_ari,all,1646,38086.9,2507,110.27,1.68,falling,11.9,NA,NA,NA,NA,TRUE
consultations,2024-W50,week,region_3,sentinella_region,all,agegroup_ili_ari,all,2726.8,31386.3,2014,178.42,2.78,rising,19.7,NA,NA,NA,NA,TRUE
consultations,2024-W50,week,region_4,sentinella_region,all,agegroup_ili_ari,all,407.8,29656.9,1686,47.21,0.83,rising,2.9,NA,NA,NA,NA,TRUE
consultations,2024-W50,week,region_5,sentinella_region,all,agegroup_ili_ari,all,3950.2,43836.2,2647,148.28,2.46,rising,28.5,NA,NA,NA,NA,TRUE
consultations,2024-W50,week,region_6,sentinella_region,all,agegroup_ili_ari,all,1617.3,12228.4,1087,286.22,3.22,rising,11.7,NA,NA,NA,NA,TRUE
consultations,2024-W51,week,CH,country,all,agegroup_ili_ari,all,14341.4,187436.3,12206,158.45,2.43,rising,100,NA,NA,NA,NA,TRUE
consultations,2024-W51,week,region_1,sentinella_region,all,agegroup_ili_ari,all,4888.1,30117.4,2144,252.35,3.54,rising,31.8,NA,NA,NA,NA,TRUE
consultations,2024-W51,week,region_2,sentinella_region,all,agegroup_ili_ari,all,2244.2,39908.9,2618,150.34,2.29,rising,14.6,NA,NA,NA,NA,TRUE
consultations,2024-W51,week,region_3,sentinella_region,all,agegroup_ili_ari,all,2675.1,31992.5,2048,175.04,2.73,rising,17.4,NA,NA,NA,NA,TRUE
consultations,2024-W51,week,region_4,sentinella_region,all,agegroup_ili_ari,all,440.8,31351.4,1812,51.03,0.88,rising,2.9,NA,NA,NA,NA,TRUE
consultations,2024-W51,week,region_5,sentinella_region,all,agegroup_ili_ari,all,3376.7,42604.2,2563,126.75,2.11,rising,22,NA,NA,NA,NA,TRUE
consultations,2024-W51,week,region_6,sentinella_region,all,agegroup_ili_ari,all,1725.4,11462,1021,305.36,3.43,rising,11.2,NA,NA,NA,NA,TRUE
consultations,2024-W52,week,CH,country,all,agegroup_ili_ari,all,8699.8,122762.6,3511,96.12,3.36,falling,100,NA,NA,NA,NA,TRUE
consultations,2024-W52,week,region_1,sentinella_region,all,agegroup_ili_ari,all,1474.5,21018.3,639,76.12,2.5,falling,16.9,NA,NA,NA,NA,TRUE
consultations,2024-W52,week,region_2,sentinella_region,all,agegroup_ili_ari,all,2079.7,32300.8,949,139.32,4.74,rising,23.9,NA,NA,NA,NA,TRUE
consultations,2024-W52,week,region_3,sentinella_region,all,agegroup_ili_ari,all,1252.3,10984.2,306,81.94,2.94,falling,14.4,NA,NA,NA,NA,TRUE
consultations,2024-W52,week,region_4,sentinella_region,all,agegroup_ili_ari,all,188.7,22890.2,578,21.84,0.87,falling,2.2,NA,NA,NA,NA,TRUE
consultations,2024-W52,week,region_5,sentinella_region,all,agegroup_ili_ari,all,2505.5,27643.7,728,94.05,3.57,stagnant,28.8,NA,NA,NA,NA,TRUE
consultations,2024-W52,week,region_6,sentinella_region,all,agegroup_ili_ari,all,1212,7925.5,311,214.5,5.47,rising,13.9,NA,NA,NA,NA,TRUE
consultations,2025-W01,week,CH,country,all,agegroup_ili_ari,all,20048.6,90596.2,3611,219.66,5.51,rising,100,NA,NA,NA,NA,TRUE
consultations,2025-W01,week,region_1,sentinella_region,all,agegroup_ili_ari,all,7827.9,14751.9,632,399.95,9.34,rising,36.8,NA,NA,NA,NA,TRUE
consultations,2025-W01,week,region_2,sentinella_region,all,agegroup_ili_ari,all,2805.9,22485.9,901,186.78,4.66,rising,13.2,NA,NA,NA,NA,TRUE
consultations,2025-W01,week,region_3,sentinella_region,all,agegroup_ili_ari,all,2227.3,10394.2,408,144.31,3.68,falling,10.5,NA,NA,NA,NA,TRUE
consultations,2025-W01,week,region_4,sentinella_region,all,agegroup_ili_ari,all,823,12695.4,452,94.52,2.65,rising,3.9,NA,NA,NA,NA,TRUE
consultations,2025-W01,week,region_5,sentinella_region,all,agegroup_ili_ari,all,5915.2,24523.9,906,220.19,5.96,rising,27.8,NA,NA,NA,NA,TRUE
consultations,2025-W01,week,region_6,sentinella_region,all,agegroup_ili_ari,all,1678.4,5744.9,312,295.91,5.45,stagnant,7.9,NA,NA,NA,NA,TRUE
consultations,2025-W02,week,CH,country,all,agegroup_ili_ari,all,27140.4,199761.1,12912,297.36,4.6,rising,100,NA,NA,NA,NA,TRUE
consultations,2025-W02,week,region_1,sentinella_region,all,agegroup_ili_ari,all,8199.2,32464.1,2305,418.92,5.9,rising,28.1,NA,NA,NA,NA,TRUE
consultations,2025-W02,week,region_2,sentinella_region,all,agegroup_ili_ari,all,4307.2,41154.9,2683,286.72,4.4,rising,14.8,NA,NA,NA,NA,TRUE
consultations,2025-W02,week,region_3,sentinella_region,all,agegroup_ili_ari,all,5453.7,33393.9,2137,353.36,5.52,rising,18.7,NA,NA,NA,NA,TRUE
consultations,2025-W02,week,region_4,sentinella_region,all,agegroup_ili_ari,all,725.6,31199.9,1791,83.33,1.45,rising,2.5,NA,NA,NA,NA,TRUE
consultations,2025-W02,week,region_5,sentinella_region,all,agegroup_ili_ari,all,7760.5,51925.2,3145,288.88,4.77,rising,26.6,NA,NA,NA,NA,TRUE
consultations,2025-W02,week,region_6,sentinella_region,all,agegroup_ili_ari,all,2711.2,9623.2,851,478.01,5.41,rising,9.3,NA,NA,NA,NA,TRUE
consultations,2025-W03,week,CH,country,all,agegroup_ili_ari,all,26849.3,204645.9,13514,294.17,4.45,rising,100,NA,NA,NA,NA,TRUE
consultations,2025-W03,week,region_1,sentinella_region,all,agegroup_ili_ari,all,5951.9,31239.5,2265,304.1,4.19,rising,20.9,NA,NA,NA,NA,TRUE
consultations,2025-W03,week,region_2,sentinella_region,all,agegroup_ili_ari,all,3679.5,46541.1,3090,244.94,3.69,rising,12.9,NA,NA,NA,NA,TRUE
consultations,2025-W03,week,region_3,sentinella_region,all,agegroup_ili_ari,all,5887.2,32769.9,2136,381.45,5.85,rising,20.7,NA,NA,NA,NA,TRUE
consultations,2025-W03,week,region_4,sentinella_region,all,agegroup_ili_ari,all,937.5,30649.7,1794,107.67,1.84,rising,3.3,NA,NA,NA,NA,TRUE
consultations,2025-W03,week,region_5,sentinella_region,all,agegroup_ili_ari,all,8969.9,51812.1,3181,333.9,5.44,rising,31.5,NA,NA,NA,NA,TRUE
consultations,2025-W03,week,region_6,sentinella_region,all,agegroup_ili_ari,all,3022.7,11633.6,1048,532.94,5.92,rising,10.6,NA,NA,NA,NA,TRUE
consultations,2025-W04,week,CH,country,all,agegroup_ili_ari,all,32646.8,202968.9,13117,357.69,5.53,rising,100,NA,NA,NA,NA,TRUE
consultations,2025-W04,week,region_1,sentinella_region,all,agegroup_ili_ari,all,7062.4,28267.7,1994,360.84,5.12,rising,20.6,NA,NA,NA,NA,TRUE
consultations,2025-W04,week,region_2,sentinella_region,all,agegroup_ili_ari,all,5372.4,42781.7,2807,357.63,5.45,rising,15.7,NA,NA,NA,NA,TRUE
consultations,2025-W04,week,region_3,sentinella_region,all,agegroup_ili_ari,all,6613.7,33604.2,2150,428.52,6.7,rising,19.3,NA,NA,NA,NA,TRUE
consultations,2025-W04,week,region_4,sentinella_region,all,agegroup_ili_ari,all,1054,33868.9,1937,121.05,2.12,rising,3.1,NA,NA,NA,NA,TRUE
consultations,2025-W04,week,region_5,sentinella_region,all,agegroup_ili_ari,all,10079.4,51972.2,3121,375.2,6.25,rising,29.4,NA,NA,NA,NA,TRUE
consultations,2025-W04,week,region_6,sentinella_region,all,agegroup_ili_ari,all,4137.7,12474.2,1108,729.51,8.21,rising,12.1,NA,NA,NA,NA,TRUE
consultations,2025-W05,week,CH,country,all,agegroup_ili_ari,all,33625.2,190546.9,12078,368.41,5.81,rising,100,NA,NA,NA,NA,TRUE
consultations,2025-W05,week,region_1,sentinella_region,all,agegroup_ili_ari,all,6292.4,27993.8,1943,321.5,4.63,falling,17.9,NA,NA,NA,NA,TRUE
consultations,2025-W05,week,region_2,sentinella_region,all,agegroup_ili_ari,all,5344.5,40475.6,2597,355.77,5.54,rising,15.2,NA,NA,NA,NA,TRUE
consultations,2025-W05,week,region_3,sentinella_region,all,agegroup_ili_ari,all,6654.4,29223.4,1844,431.16,6.83,rising,18.9,NA,NA,NA,NA,TRUE
consultations,2025-W05,week,region_4,sentinella_region,all,agegroup_ili_ari,all,883.3,30560.7,1700,101.44,1.82,rising,2.5,NA,NA,NA,NA,TRUE
consultations,2025-W05,week,region_5,sentinella_region,all,agegroup_ili_ari,all,11740.4,50111.1,2935,437.03,7.46,rising,33.4,NA,NA,NA,NA,TRUE
consultations,2025-W05,week,region_6,sentinella_region,all,agegroup_ili_ari,all,4283.4,12182.2,1059,755.2,8.69,rising,12.2,NA,NA,NA,NA,TRUE
consultations,2025-W06,week,CH,country,all,agegroup_ili_ari,all,37010.5,197779.7,12444,405.5,6.44,rising,100,NA,NA,NA,NA,TRUE
consultations,2025-W06,week,region_1,sentinella_region,all,agegroup_ili_ari,all,5491.9,34212.9,2376,280.6,4.04,falling,14.4,NA,NA,NA,NA,TRUE
consultations,2025-W06,week,region_2,sentinella_region,all,agegroup_ili_ari,all,5300,39681.1,2542,352.81,5.51,rising,13.9,NA,NA,NA,NA,TRUE
consultations,2025-W06,week,region_3,sentinella_region,all,agegroup_ili_ari,all,8541.8,29813.2,1859,553.45,8.88,rising,22.4,NA,NA,NA,NA,TRUE
consultations,2025-W06,week,region_4,sentinella_region,all,agegroup_ili_ari,all,2105.9,31422.7,1745,241.86,4.36,rising,5.5,NA,NA,NA,NA,TRUE
consultations,2025-W06,week,region_5,sentinella_region,all,agegroup_ili_ari,all,12544.7,50539,2875,466.97,8.21,rising,32.9,NA,NA,NA,NA,TRUE
consultations,2025-W06,week,region_6,sentinella_region,all,agegroup_ili_ari,all,4168.1,12111,1047,734.87,8.5,rising,10.9,NA,NA,NA,NA,TRUE
consultations,2025-W07,week,CH,country,all,agegroup_ili_ari,all,30001.8,216298.4,13264,328.71,5.36,rising,100,NA,NA,NA,NA,TRUE
consultations,2025-W07,week,region_1,sentinella_region,all,agegroup_ili_ari,all,5189.9,35072,2369,265.17,3.93,falling,16.9,NA,NA,NA,NA,TRUE
consultations,2025-W07,week,region_2,sentinella_region,all,agegroup_ili_ari,all,4393.3,47871.4,2960,292.45,4.73,rising,14.3,NA,NA,NA,NA,TRUE
consultations,2025-W07,week,region_3,sentinella_region,all,agegroup_ili_ari,all,6682.7,35566.6,2138,432.99,7.2,rising,21.7,NA,NA,NA,NA,TRUE
consultations,2025-W07,week,region_4,sentinella_region,all,agegroup_ili_ari,all,1813.6,32167,1747,208.29,3.84,rising,5.9,NA,NA,NA,NA,TRUE
consultations,2025-W07,week,region_5,sentinella_region,all,agegroup_ili_ari,all,9569.3,53338.6,3015,356.21,6.3,rising,31.1,NA,NA,NA,NA,TRUE
consultations,2025-W07,week,region_6,sentinella_region,all,agegroup_ili_ari,all,3093.9,12282.8,1035,545.48,6.47,stagnant,10.1,NA,NA,NA,NA,TRUE
consultations,2025-W08,week,CH,country,all,agegroup_ili_ari,all,25381.6,198499.6,12230,278.09,4.51,falling,100,NA,NA,NA,NA,TRUE
consultations,2025-W08,week,region_1,sentinella_region,all,agegroup_ili_ari,all,6022.9,26646.9,1817,307.73,4.51,falling,22.7,NA,NA,NA,NA,TRUE
consultations,2025-W08,week,region_2,sentinella_region,all,agegroup_ili_ari,all,3440.5,44535.7,2769,229.03,3.68,falling,13,NA,NA,NA,NA,TRUE
consultations,2025-W08,week,region_3,sentinella_region,all,agegroup_ili_ari,all,4781.9,30984.6,1880,309.83,5.11,falling,18,NA,NA,NA,NA,TRUE
consultations,2025-W08,week,region_4,sentinella_region,all,agegroup_ili_ari,all,1651.1,34277.8,1864,189.63,3.49,rising,6.2,NA,NA,NA,NA,TRUE
consultations,2025-W08,week,region_5,sentinella_region,all,agegroup_ili_ari,all,7747.1,49241.3,2819,288.38,5.04,falling,29.2,NA,NA,NA,NA,TRUE
consultations,2025-W08,week,region_6,sentinella_region,all,agegroup_ili_ari,all,2877.3,12813.3,1081,507.29,6.01,falling,10.8,NA,NA,NA,NA,TRUE
consultations,2025-W09,week,CH,country,all,agegroup_ili_ari,all,20904.8,192975.6,11616,229.04,3.81,falling,100,NA,NA,NA,NA,TRUE
consultations,2025-W09,week,region_1,sentinella_region,all,agegroup_ili_ari,all,5550.3,23274,1569,283.58,4.21,falling,25,NA,NA,NA,NA,TRUE
consultations,2025-W09,week,region_2,sentinella_region,all,agegroup_ili_ari,all,2137.7,42165.8,2550,142.3,2.35,falling,9.6,NA,NA,NA,NA,TRUE
consultations,2025-W09,week,region_3,sentinella_region,all,agegroup_ili_ari,all,3793.3,33363.7,1990,245.78,4.12,falling,17.1,NA,NA,NA,NA,TRUE
consultations,2025-W09,week,region_4,sentinella_region,all,agegroup_ili_ari,all,976.4,25860,1381,112.14,2.1,falling,4.4,NA,NA,NA,NA,TRUE
consultations,2025-W09,week,region_5,sentinella_region,all,agegroup_ili_ari,all,7318.6,56529,3154,272.43,4.88,falling,32.9,NA,NA,NA,NA,TRUE
consultations,2025-W09,week,region_6,sentinella_region,all,agegroup_ili_ari,all,2454.9,11782.9,972,432.83,5.25,falling,11,NA,NA,NA,NA,TRUE
consultations,2025-W10,week,CH,country,all,agegroup_ili_ari,all,19248.2,193463.3,11821,210.89,3.45,falling,100,NA,NA,NA,NA,TRUE
consultations,2025-W10,week,region_1,sentinella_region,all,agegroup_ili_ari,all,2707,30367.3,2040,138.31,2.06,falling,14,NA,NA,NA,NA,TRUE
consultations,2025-W10,week,region_2,sentinella_region,all,agegroup_ili_ari,all,3190.6,42845.2,2635,212.39,3.45,falling,16.5,NA,NA,NA,NA,TRUE
consultations,2025-W10,week,region_3,sentinella_region,all,agegroup_ili_ari,all,3329.2,32915.1,1988,215.71,3.57,falling,17.2,NA,NA,NA,NA,TRUE
consultations,2025-W10,week,region_4,sentinella_region,all,agegroup_ili_ari,all,1400.6,23623.2,1284,160.86,2.96,falling,7.3,NA,NA,NA,NA,TRUE
consultations,2025-W10,week,region_5,sentinella_region,all,agegroup_ili_ari,all,6168.3,54439.4,3106,229.61,4.02,falling,32,NA,NA,NA,NA,TRUE
consultations,2025-W10,week,region_6,sentinella_region,all,agegroup_ili_ari,all,2507.7,9273.1,768,442.14,5.34,falling,13,NA,NA,NA,NA,TRUE
consultations,2025-W11,week,CH,country,all,agegroup_ili_ari,all,17411.8,187138.7,11888,190.77,3,falling,100,NA,NA,NA,NA,TRUE
consultations,2025-W11,week,region_1,sentinella_region,all,agegroup_ili_ari,all,2237.5,31490.5,2189,114.32,1.64,falling,12,NA,NA,NA,NA,TRUE
consultations,2025-W11,week,region_2,sentinella_region,all,agegroup_ili_ari,all,1768.6,41620.6,2674,117.73,1.83,falling,9.5,NA,NA,NA,NA,TRUE
consultations,2025-W11,week,region_3,sentinella_region,all,agegroup_ili_ari,all,4443.1,22231.1,1390,287.88,4.6,falling,23.8,NA,NA,NA,NA,TRUE
consultations,2025-W11,week,region_4,sentinella_region,all,agegroup_ili_ari,all,964.4,30698.4,1723,110.76,1.97,falling,5.2,NA,NA,NA,NA,TRUE
consultations,2025-W11,week,region_5,sentinella_region,all,agegroup_ili_ari,all,7429.3,50262.3,2970,276.55,4.68,falling,39.8,NA,NA,NA,NA,TRUE
consultations,2025-W11,week,region_6,sentinella_region,all,agegroup_ili_ari,all,1832,10835.8,942,323,3.72,falling,9.8,NA,NA,NA,NA,TRUE
consultations,2025-W12,week,CH,country,all,agegroup_ili_ari,all,14001,189696.9,11631,153.4,2.5,falling,100,NA,NA,NA,NA,TRUE
consultations,2025-W12,week,region_1,sentinella_region,all,agegroup_ili_ari,all,3528.5,27734.8,1867,180.28,2.68,falling,23.4,NA,NA,NA,NA,TRUE
consultations,2025-W12,week,region_2,sentinella_region,all,agegroup_ili_ari,all,1354.6,43250.6,2669,90.17,1.46,falling,9,NA,NA,NA,NA,TRUE
consultations,2025-W12,week,region_3,sentinella_region,all,agegroup_ili_ari,all,3206.2,30326.2,1841,207.74,3.42,falling,21.3,NA,NA,NA,NA,TRUE
consultations,2025-W12,week,region_4,sentinella_region,all,agegroup_ili_ari,all,466.7,26117,1423,53.6,0.98,falling,3.1,NA,NA,NA,NA,TRUE
consultations,2025-W12,week,region_5,sentinella_region,all,agegroup_ili_ari,all,5046.7,51102.9,2896,187.86,3.31,falling,33.5,NA,NA,NA,NA,TRUE
consultations,2025-W12,week,region_6,sentinella_region,all,agegroup_ili_ari,all,1473.1,11165.4,935,259.73,3.1,falling,9.8,NA,NA,NA,NA,TRUE
consultations,2025-W13,week,CH,country,all,agegroup_ili_ari,all,11136,209824.6,12138,122.01,2.11,falling,100,NA,NA,NA,NA,TRUE
consultations,2025-W13,week,region_1,sentinella_region,all,agegroup_ili_ari,all,1895.8,30973.5,1956,96.86,1.53,falling,16.3,NA,NA,NA,NA,TRUE
consultations,2025-W13,week,region_2,sentinella_region,all,agegroup_ili_ari,all,1443.3,47874.9,2781,96.08,1.65,falling,12.4,NA,NA,NA,NA,TRUE
consultations,2025-W13,week,region_3,sentinella_region,all,agegroup_ili_ari,all,2569.4,30633.7,1751,166.48,2.91,falling,22.1,NA,NA,NA,NA,TRUE
consultations,2025-W13,week,region_4,sentinella_region,all,agegroup_ili_ari,all,433.1,30156.6,1547,49.74,0.97,falling,3.7,NA,NA,NA,NA,TRUE
consultations,2025-W13,week,region_5,sentinella_region,all,agegroup_ili_ari,all,4048.7,57725.3,3118,150.71,2.79,falling,34.8,NA,NA,NA,NA,TRUE
consultations,2025-W13,week,region_6,sentinella_region,all,agegroup_ili_ari,all,1229,12460.7,985,216.68,2.74,falling,10.6,NA,NA,NA,NA,TRUE
consultations,2025-W14,week,CH,country,all,agegroup_ili_ari,all,10565.6,221138,12348,115.76,2.07,falling,100,NA,NA,NA,NA,TRUE
consultations,2025-W14,week,region_1,sentinella_region,all,agegroup_ili_ari,all,2325.2,33671.1,2065,118.8,1.94,falling,20.7,NA,NA,NA,NA,TRUE
consultations,2025-W14,week,region_2,sentinella_region,all,agegroup_ili_ari,all,1059.2,48219.9,2704,70.51,1.26,falling,9.4,NA,NA,NA,NA,TRUE
consultations,2025-W14,week,region_3,sentinella_region,all,agegroup_ili_ari,all,2329.3,30479.5,1678,150.92,2.74,falling,20.7,NA,NA,NA,NA,TRUE
consultations,2025-W14,week,region_4,sentinella_region,all,agegroup_ili_ari,all,538.1,33979.4,1676,61.8,1.25,falling,4.8,NA,NA,NA,NA,TRUE
consultations,2025-W14,week,region_5,sentinella_region,all,agegroup_ili_ari,all,4089.3,61095.6,3184,152.22,2.92,falling,36.3,NA,NA,NA,NA,TRUE
consultations,2025-W14,week,region_6,sentinella_region,all,agegroup_ili_ari,all,911.3,13692.6,1041,160.67,2.11,falling,8.1,NA,NA,NA,NA,TRUE
consultations,2025-W15,week,CH,country,all,agegroup_ili_ari,all,8050.1,204078.5,11247,88.2,1.6,falling,100,NA,NA,NA,NA,TRUE
consultations,2025-W15,week,region_1,sentinella_region,all,agegroup_ili_ari,all,1171.8,35076.4,2125,59.87,0.99,falling,13.7,NA,NA,NA,NA,TRUE
consultations,2025-W15,week,region_2,sentinella_region,all,agegroup_ili_ari,all,924.2,40639.3,2243,61.52,1.11,falling,10.8,NA,NA,NA,NA,TRUE
consultations,2025-W15,week,region_3,sentinella_region,all,agegroup_ili_ari,all,1884.8,31115.8,1684,122.12,2.26,falling,22,NA,NA,NA,NA,TRUE
consultations,2025-W15,week,region_4,sentinella_region,all,agegroup_ili_ari,all,398.5,34959.2,1703,45.77,0.94,falling,4.7,NA,NA,NA,NA,TRUE
consultations,2025-W15,week,region_5,sentinella_region,all,agegroup_ili_ari,all,3415.2,50340.7,2598,127.13,2.46,falling,39.9,NA,NA,NA,NA,TRUE
consultations,2025-W15,week,region_6,sentinella_region,all,agegroup_ili_ari,all,759.6,11947.2,894,133.92,1.79,falling,8.9,NA,NA,NA,NA,TRUE
consultations,2025-W16,week,CH,country,all,agegroup_ili_ari,all,5985.6,160103.5,8279,65.58,1.27,falling,100,NA,NA,NA,NA,TRUE
consultations,2025-W16,week,region_1,sentinella_region,all,agegroup_ili_ari,all,1798.7,20674.7,1185,91.9,1.6,falling,27.4,NA,NA,NA,NA,TRUE
consultations,2025-W16,week,region_2,sentinella_region,all,agegroup_ili_ari,all,839.1,32224.4,1676,55.86,1.07,falling,12.8,NA,NA,NA,NA,TRUE
consultations,2025-W16,week,region_3,sentinella_region,all,agegroup_ili_ari,all,929.4,18266.7,926,60.22,1.19,falling,14.1,NA,NA,NA,NA,TRUE
consultations,2025-W16,week,region_4,sentinella_region,all,agegroup_ili_ari,all,161.2,32410.7,1480,18.51,0.41,falling,2.5,NA,NA,NA,NA,TRUE
consultations,2025-W16,week,region_5,sentinella_region,all,agegroup_ili_ari,all,1916.8,44851.7,2189,71.35,1.46,falling,29.2,NA,NA,NA,NA,TRUE
consultations,2025-W16,week,region_6,sentinella_region,all,agegroup_ili_ari,all,923,11675.3,823,162.74,2.31,falling,14.1,NA,NA,NA,NA,TRUE
consultations,2025-W17,week,CH,country,all,agegroup_ili_ari,all,6023,151543.7,8031,65.99,1.25,falling,100,NA,NA,NA,NA,TRUE
consultations,2025-W17,week,region_1,sentinella_region,all,agegroup_ili_ari,all,1039.7,15059.2,881,53.12,0.91,falling,16,NA,NA,NA,NA,TRUE
consultations,2025-W17,week,region_2,sentinella_region,all,agegroup_ili_ari,all,1029.6,36475.8,1970,68.54,1.27,falling,15.8,NA,NA,NA,NA,TRUE
consultations,2025-W17,week,region_3,sentinella_region,all,agegroup_ili_ari,all,803.6,24965.7,1324,52.07,0.98,falling,12.4,NA,NA,NA,NA,TRUE
consultations,2025-W17,week,region_4,sentinella_region,all,agegroup_ili_ari,all,215.9,28220.4,1343,24.8,0.52,falling,3.3,NA,NA,NA,NA,TRUE
consultations,2025-W17,week,region_5,sentinella_region,all,agegroup_ili_ari,all,2143.8,40099.9,2020,79.8,1.58,falling,33,NA,NA,NA,NA,TRUE
consultations,2025-W17,week,region_6,sentinella_region,all,agegroup_ili_ari,all,1265.5,6722.7,493,223.12,3.04,stagnant,19.5,NA,NA,NA,NA,TRUE
consultations,2025-W18,week,CH,country,all,agegroup_ili_ari,all,5166,194351.6,10547,56.6,1.04,falling,100,NA,NA,NA,NA,TRUE
consultations,2025-W18,week,region_1,sentinella_region,all,agegroup_ili_ari,all,1580.1,37159.6,2209,80.73,1.36,falling,28.5,NA,NA,NA,NA,TRUE
consultations,2025-W18,week,region_2,sentinella_region,all,agegroup_ili_ari,all,761.3,49326.4,2673,50.68,0.94,falling,13.7,NA,NA,NA,NA,TRUE
consultations,2025-W18,week,region_3,sentinella_region,all,agegroup_ili_ari,all,930.5,28196.6,1507,60.29,1.13,falling,16.8,NA,NA,NA,NA,TRUE
consultations,2025-W18,week,region_4,sentinella_region,all,agegroup_ili_ari,all,197.7,30818.5,1474,22.71,0.47,falling,3.6,NA,NA,NA,NA,TRUE
consultations,2025-W18,week,region_5,sentinella_region,all,agegroup_ili_ari,all,1461.7,40434,2064,54.41,1.07,falling,26.4,NA,NA,NA,NA,TRUE
consultations,2025-W18,week,region_6,sentinella_region,all,agegroup_ili_ari,all,606.5,8416.4,620,106.93,1.45,stagnant,11,NA,NA,NA,NA,TRUE
consultations,2025-W19,week,CH,country,all,agegroup_ili_ari,all,6174.5,205477.7,11770,67.65,1.18,falling,100,NA,NA,NA,NA,TRUE
consultations,2025-W19,week,region_1,sentinella_region,all,agegroup_ili_ari,all,1273,33823.7,2105,65.04,1.05,stagnant,19.5,NA,NA,NA,NA,TRUE
consultations,2025-W19,week,region_2,sentinella_region,all,agegroup_ili_ari,all,746.6,42255.2,2424,49.7,0.87,falling,11.4,NA,NA,NA,NA,TRUE
consultations,2025-W19,week,region_3,sentinella_region,all,agegroup_ili_ari,all,1111.2,30554,1728,72,1.27,falling,17,NA,NA,NA,NA,TRUE
consultations,2025-W19,week,region_4,sentinella_region,all,agegroup_ili_ari,all,231.8,33806,1714,26.62,0.53,falling,3.5,NA,NA,NA,NA,TRUE
consultations,2025-W19,week,region_5,sentinella_region,all,agegroup_ili_ari,all,2164.7,52119.8,2790,80.58,1.51,falling,33.1,NA,NA,NA,NA,TRUE
consultations,2025-W19,week,region_6,sentinella_region,all,agegroup_ili_ari,all,1009.8,12919.1,1009,178.03,2.28,stagnant,15.4,NA,NA,NA,NA,TRUE
consultations,2025-W20,week,CH,country,all,agegroup_ili_ari,all,5320.2,205879.5,11812,58.29,1.02,falling,100,NA,NA,NA,NA,TRUE
consultations,2025-W20,week,region_1,sentinella_region,all,agegroup_ili_ari,all,1344.2,26210.2,1659,68.68,1.08,falling,23.7,NA,NA,NA,NA,TRUE
consultations,2025-W20,week,region_2,sentinella_region,all,agegroup_ili_ari,all,670.6,40323.4,2336,44.64,0.77,falling,11.8,NA,NA,NA,NA,TRUE
consultations,2025-W20,week,region_3,sentinella_region,all,agegroup_ili_ari,all,1360.3,35172.4,1993,88.14,1.56,rising,24,NA,NA,NA,NA,TRUE
consultations,2025-W20,week,region_4,sentinella_region,all,agegroup_ili_ari,all,154.7,33766.1,1715,17.77,0.35,stagnant,2.7,NA,NA,NA,NA,TRUE
consultations,2025-W20,week,region_5,sentinella_region,all,agegroup_ili_ari,all,1413.3,57023.6,3057,52.61,0.98,falling,25,NA,NA,NA,NA,TRUE
consultations,2025-W20,week,region_6,sentinella_region,all,agegroup_ili_ari,all,720.4,13383.8,1052,127.02,1.62,falling,12.7,NA,NA,NA,NA,TRUE
consultations,2025-W21,week,CH,country,all,agegroup_ili_ari,all,4946.9,214010.1,11711,54.2,0.99,falling,100,NA,NA,NA,NA,TRUE
consultations,2025-W21,week,region_1,sentinella_region,all,agegroup_ili_ari,all,1135.4,31028.9,1865,58.01,0.97,stagnant,21.3,NA,NA,NA,NA,TRUE
consultations,2025-W21,week,region_2,sentinella_region,all,agegroup_ili_ari,all,618.3,43732.8,2432,41.16,0.74,falling,11.6,NA,NA,NA,NA,TRUE
consultations,2025-W21,week,region_3,sentinella_region,all,agegroup_ili_ari,all,1236.2,34957.3,1900,80.1,1.47,rising,23.2,NA,NA,NA,NA,TRUE
consultations,2025-W21,week,region_4,sentinella_region,all,agegroup_ili_ari,all,169.2,36028.7,1752,19.43,0.4,falling,3.2,NA,NA,NA,NA,TRUE
consultations,2025-W21,week,region_5,sentinella_region,all,agegroup_ili_ari,all,1322.5,56870.5,2901,49.23,0.97,falling,24.8,NA,NA,NA,NA,TRUE
consultations,2025-W21,week,region_6,sentinella_region,all,agegroup_ili_ari,all,846.4,11391.9,861,149.23,1.97,falling,15.9,NA,NA,NA,NA,TRUE
consultations,2025-W22,week,CH,country,all,agegroup_ili_ari,all,4879.4,164605.5,9072,53.46,0.97,falling,100,NA,NA,NA,NA,TRUE
consultations,2025-W22,week,region_1,sentinella_region,all,agegroup_ili_ari,all,861,25005.1,1511,43.99,0.73,falling,16.8,NA,NA,NA,NA,TRUE
consultations,2025-W22,week,region_2,sentinella_region,all,agegroup_ili_ari,all,910,34665.6,1938,60.58,1.08,rising,17.8,NA,NA,NA,NA,TRUE
consultations,2025-W22,week,region_3,sentinella_region,all,agegroup_ili_ari,all,821.4,26304,1435,53.22,0.98,stagnant,16,NA,NA,NA,NA,TRUE
consultations,2025-W22,week,region_4,sentinella_region,all,agegroup_ili_ari,all,137.1,25412.1,1240,15.74,0.32,falling,2.7,NA,NA,NA,NA,TRUE
consultations,2025-W22,week,region_5,sentinella_region,all,agegroup_ili_ari,all,1489.1,45099.5,2329,55.43,1.07,falling,29,NA,NA,NA,NA,TRUE
consultations,2025-W22,week,region_6,sentinella_region,all,agegroup_ili_ari,all,908.1,8119.2,619,160.11,2.1,rising,17.7,NA,NA,NA,NA,TRUE
consultations,2025-W23,week,CH,country,all,agegroup_ili_ari,all,5806.7,199621.3,11605,63.62,1.09,falling,100,NA,NA,NA,NA,TRUE
consultations,2025-W23,week,region_1,sentinella_region,all,agegroup_ili_ari,all,1794.6,30539.2,1946,91.69,1.44,rising,27.5,NA,NA,NA,NA,TRUE
consultations,2025-W23,week,region_2,sentinella_region,all,agegroup_ili_ari,all,664.7,40680.9,2388,44.25,0.75,stagnant,10.2,NA,NA,NA,NA,TRUE
consultations,2025-W23,week,region_3,sentinella_region,all,agegroup_ili_ari,all,1574.6,29405,1698,102.02,1.77,rising,24.2,NA,NA,NA,NA,TRUE
consultations,2025-W23,week,region_4,sentinella_region,all,agegroup_ili_ari,all,100,34807.4,1792,11.49,0.22,falling,1.5,NA,NA,NA,NA,TRUE
consultations,2025-W23,week,region_5,sentinella_region,all,agegroup_ili_ari,all,1982.8,52835.7,2874,73.81,1.36,falling,30.4,NA,NA,NA,NA,TRUE
consultations,2025-W23,week,region_6,sentinella_region,all,agegroup_ili_ari,all,399.7,11353.1,907,70.47,0.88,falling,6.1,NA,NA,NA,NA,TRUE
consultations,2025-W24,week,CH,country,all,agegroup_ili_ari,all,5713.6,174115.8,9897,62.6,1.1,rising,100,NA,NA,NA,NA,TRUE
consultations,2025-W24,week,region_1,sentinella_region,all,agegroup_ili_ari,all,791.7,24724.1,1531,40.45,0.65,falling,13.3,NA,NA,NA,NA,TRUE
consultations,2025-W24,week,region_2,sentinella_region,all,agegroup_ili_ari,all,923,37436.5,2150,61.44,1.07,rising,15.5,NA,NA,NA,NA,TRUE
consultations,2025-W24,week,region_3,sentinella_region,all,agegroup_ili_ari,all,824.6,28072.7,1583,53.43,0.95,falling,13.8,NA,NA,NA,NA,TRUE
consultations,2025-W24,week,region_4,sentinella_region,all,agegroup_ili_ari,all,204.9,29755,1498,23.53,0.47,stagnant,3.4,NA,NA,NA,NA,TRUE
consultations,2025-W24,week,region_5,sentinella_region,all,agegroup_ili_ari,all,2524.2,43635.9,2317,93.96,1.77,rising,42.3,NA,NA,NA,NA,TRUE
consultations,2025-W24,week,region_6,sentinella_region,all,agegroup_ili_ari,all,702.8,10491.7,818,123.91,1.59,falling,11.8,NA,NA,NA,NA,TRUE
consultations,2025-W25,week,CH,country,all,agegroup_ili_ari,all,4423,187774,10740,48.46,0.85,stagnant,100,NA,NA,NA,NA,TRUE
consultations,2025-W25,week,region_1,sentinella_region,all,agegroup_ili_ari,all,868.6,29294.2,1837,44.38,0.71,falling,19.2,NA,NA,NA,NA,TRUE
consultations,2025-W25,week,region_2,sentinella_region,all,agegroup_ili_ari,all,1016,35489.5,2052,67.63,1.17,rising,22.4,NA,NA,NA,NA,TRUE
consultations,2025-W25,week,region_3,sentinella_region,all,agegroup_ili_ari,all,913.4,30416.1,1730,59.18,1.04,falling,20.2,NA,NA,NA,NA,TRUE
consultations,2025-W25,week,region_4,sentinella_region,all,agegroup_ili_ari,all,135.3,25737.6,1307,15.54,0.31,stagnant,3,NA,NA,NA,NA,TRUE
consultations,2025-W25,week,region_5,sentinella_region,all,agegroup_ili_ari,all,1002.6,56265.9,2990,37.32,0.7,rising,22.2,NA,NA,NA,NA,TRUE
consultations,2025-W25,week,region_6,sentinella_region,all,agegroup_ili_ari,all,590.2,10570.7,824,104.06,1.33,falling,13,NA,NA,NA,NA,TRUE
consultations,2025-W26,week,CH,country,all,agegroup_ili_ari,all,2456.1,189509.7,10922,26.91,0.47,falling,100,NA,NA,NA,NA,TRUE
consultations,2025-W26,week,region_1,sentinella_region,all,agegroup_ili_ari,all,1014.8,27001.3,1720,51.85,0.81,falling,37.5,NA,NA,NA,NA,TRUE
consultations,2025-W26,week,region_2,sentinella_region,all,agegroup_ili_ari,all,318.5,37741.7,2202,21.2,0.36,falling,11.8,NA,NA,NA,NA,TRUE
consultations,2025-W26,week,region_3,sentinella_region,all,agegroup_ili_ari,all,647.8,30977.4,1774,41.97,0.73,falling,23.9,NA,NA,NA,NA,TRUE
consultations,2025-W26,week,region_4,sentinella_region,all,agegroup_ili_ari,all,112.8,30891.5,1573,12.95,0.25,stagnant,4.2,NA,NA,NA,NA,TRUE
consultations,2025-W26,week,region_5,sentinella_region,all,agegroup_ili_ari,all,364.5,51567.8,2767,13.57,0.25,falling,13.5,NA,NA,NA,NA,TRUE
consultations,2025-W26,week,region_6,sentinella_region,all,agegroup_ili_ari,all,250.3,11330,886,44.13,0.56,falling,9.2,NA,NA,NA,NA,TRUE
consultations,2025-W27,week,CH,country,all,agegroup_ili_ari,all,2678.8,194188.8,10739,29.35,0.53,falling,100,NA,NA,NA,NA,TRUE
consultations,2025-W27,week,region_1,sentinella_region,all,agegroup_ili_ari,all,563.1,27811.5,1711,28.77,0.47,falling,19.7,NA,NA,NA,NA,TRUE
consultations,2025-W27,week,region_2,sentinella_region,all,agegroup_ili_ari,all,400.5,41262.7,2312,26.66,0.48,falling,14,NA,NA,NA,NA,TRUE
consultations,2025-W27,week,region_3,sentinella_region,all,agegroup_ili_ari,all,842.8,27467,1526,54.61,0.98,falling,29.4,NA,NA,NA,NA,TRUE
consultations,2025-W27,week,region_4,sentinella_region,all,agegroup_ili_ari,all,162.7,32102.4,1576,18.69,0.38,stagnant,5.7,NA,NA,NA,NA,TRUE
consultations,2025-W27,week,region_5,sentinella_region,all,agegroup_ili_ari,all,566,56960,2961,21.07,0.41,falling,19.8,NA,NA,NA,NA,TRUE
consultations,2025-W27,week,region_6,sentinella_region,all,agegroup_ili_ari,all,330.3,8585.1,653,58.24,0.77,falling,11.5,NA,NA,NA,NA,TRUE
consultations,2025-W28,week,CH,country,all,agegroup_ili_ari,all,4145.5,198131.2,9922,45.42,0.91,falling,100,NA,NA,NA,NA,TRUE
consultations,2025-W28,week,region_1,sentinella_region,all,agegroup_ili_ari,all,679.2,28814.4,1593,34.7,0.63,falling,16.3,NA,NA,NA,NA,TRUE
consultations,2025-W28,week,region_2,sentinella_region,all,agegroup_ili_ari,all,578.1,41578,2099,38.48,0.76,falling,13.9,NA,NA,NA,NA,TRUE
consultations,2025-W28,week,region_3,sentinella_region,all,agegroup_ili_ari,all,217,21341,1069,14.06,0.28,falling,5.2,NA,NA,NA,NA,TRUE
consultations,2025-W28,week,region_4,sentinella_region,all,agegroup_ili_ari,all,76.2,34298.4,1530,8.75,0.2,falling,1.8,NA,NA,NA,NA,TRUE
consultations,2025-W28,week,region_5,sentinella_region,all,agegroup_ili_ari,all,2145.4,61356.2,2895,79.86,1.69,falling,51.4,NA,NA,NA,NA,TRUE
consultations,2025-W28,week,region_6,sentinella_region,all,agegroup_ili_ari,all,475.1,10743.1,736,83.77,1.22,falling,11.4,NA,NA,NA,NA,TRUE
consultations,2025-W29,week,CH,country,all,agegroup_ili_ari,all,3603.4,189993.3,8544,39.48,0.88,stagnant,100,NA,NA,NA,NA,TRUE
consultations,2025-W29,week,region_1,sentinella_region,all,agegroup_ili_ari,all,1125.2,29568.1,1454,57.49,1.17,stagnant,29.5,NA,NA,NA,NA,TRUE
consultations,2025-W29,week,region_2,sentinella_region,all,agegroup_ili_ari,all,443.3,40664.2,1801,29.51,0.67,falling,11.6,NA,NA,NA,NA,TRUE
consultations,2025-W29,week,region_3,sentinella_region,all,agegroup_ili_ari,all,588,23624.7,1036,38.1,0.87,falling,15.4,NA,NA,NA,NA,TRUE
consultations,2025-W29,week,region_4,sentinella_region,all,agegroup_ili_ari,all,228,30546.8,1216,26.19,0.66,rising,6,NA,NA,NA,NA,TRUE
consultations,2025-W29,week,region_5,sentinella_region,all,agegroup_ili_ari,all,1143.9,51662.5,2196,42.58,1,rising,30,NA,NA,NA,NA,TRUE
consultations,2025-W29,week,region_6,sentinella_region,all,agegroup_ili_ari,all,285.1,13927,841,50.26,0.83,falling,7.5,NA,NA,NA,NA,TRUE
consultations,2025-W30,week,CH,country,all,agegroup_ili_ari,all,2992.8,207360.8,7891,32.79,0.86,rising,100,NA,NA,NA,NA,TRUE
consultations,2025-W30,week,region_1,sentinella_region,all,agegroup_ili_ari,all,390.7,35078.9,1473,19.96,0.48,falling,12.6,NA,NA,NA,NA,TRUE
consultations,2025-W30,week,region_2,sentinella_region,all,agegroup_ili_ari,all,480.1,40678,1501,31.96,0.87,rising,15.4,NA,NA,NA,NA,TRUE
consultations,2025-W30,week,region_3,sentinella_region,all,agegroup_ili_ari,all,918.2,30259.6,1133,59.49,1.59,rising,29.5,NA,NA,NA,NA,TRUE
consultations,2025-W30,week,region_4,sentinella_region,all,agegroup_ili_ari,all,174.8,39863.2,1373,20.07,0.58,rising,5.6,NA,NA,NA,NA,TRUE
consultations,2025-W30,week,region_5,sentinella_region,all,agegroup_ili_ari,all,812.1,49617.8,1828,30.23,0.82,rising,26.1,NA,NA,NA,NA,TRUE
consultations,2025-W30,week,region_6,sentinella_region,all,agegroup_ili_ari,all,334.7,11863.3,583,59.01,1.2,rising,10.8,NA,NA,NA,NA,TRUE
consultations,2025-W31,week,CH,country,all,agegroup_ili_ari,all,3013.8,190814,6001,33.02,1.05,falling,100,NA,NA,NA,NA,TRUE
consultations,2025-W31,week,region_1,sentinella_region,all,agegroup_ili_ari,all,590.7,19881.6,687,30.18,0.87,falling,18.9,NA,NA,NA,NA,TRUE
consultations,2025-W31,week,region_2,sentinella_region,all,agegroup_ili_ari,all,491.1,45888.2,1406,32.69,1.07,stagnant,15.7,NA,NA,NA,NA,TRUE
consultations,2025-W31,week,region_3,sentinella_region,all,agegroup_ili_ari,all,702.4,32961.2,1029,45.51,1.46,rising,22.4,NA,NA,NA,NA,TRUE
consultations,2025-W31,week,region_4,sentinella_region,all,agegroup_ili_ari,all,110.1,39517.7,1113,12.65,0.45,stagnant,3.5,NA,NA,NA,NA,TRUE
consultations,2025-W31,week,region_5,sentinella_region,all,agegroup_ili_ari,all,858.6,37547.4,1134,31.96,1.06,falling,27.4,NA,NA,NA,NA,TRUE
consultations,2025-W31,week,region_6,sentinella_region,all,agegroup_ili_ari,all,377.7,15018,632,66.59,1.58,stagnant,12.1,NA,NA,NA,NA,TRUE
consultations,2025-W32,week,CH,country,all,agegroup_ili_ari,all,2540.1,197629.9,8305,27.83,0.66,falling,100,NA,NA,NA,NA,TRUE
consultations,2025-W32,week,region_1,sentinella_region,all,agegroup_ili_ari,all,532,18394.3,857,27.18,0.58,falling,19.4,NA,NA,NA,NA,TRUE
consultations,2025-W32,week,region_2,sentinella_region,all,agegroup_ili_ari,all,292.8,46166.8,1943,19.49,0.46,falling,10.7,NA,NA,NA,NA,TRUE
consultations,2025-W32,week,region_3,sentinella_region,all,agegroup_ili_ari,all,611.6,35326.1,1490,39.63,0.94,rising,22.3,NA,NA,NA,NA,TRUE
consultations,2025-W32,week,region_4,sentinella_region,all,agegroup_ili_ari,all,129.1,40449.5,1537,14.83,0.39,stagnant,4.7,NA,NA,NA,NA,TRUE
consultations,2025-W32,week,region_5,sentinella_region,all,agegroup_ili_ari,all,1049.3,48639.7,1970,39.06,0.96,falling,38.2,NA,NA,NA,NA,TRUE
consultations,2025-W32,week,region_6,sentinella_region,all,agegroup_ili_ari,all,131.1,8653.5,508,23.11,0.39,falling,4.8,NA,NA,NA,NA,TRUE
consultations,2025-W33,week,CH,country,all,agegroup_ili_ari,all,2914.3,209818.1,10227,31.93,0.66,falling,100,NA,NA,NA,NA,TRUE
consultations,2025-W33,week,region_1,sentinella_region,all,agegroup_ili_ari,all,342.3,28584.3,1533,17.49,0.33,falling,12,NA,NA,NA,NA,TRUE
consultations,2025-W33,week,region_2,sentinella_region,all,agegroup_ili_ari,all,674.5,46766.7,2282,44.9,0.92,rising,23.7,NA,NA,NA,NA,TRUE
consultations,2025-W33,week,region_3,sentinella_region,all,agegroup_ili_ari,all,848.9,36364.6,1764,55,1.13,rising,29.8,NA,NA,NA,NA,TRUE
consultations,2025-W33,week,region_4,sentinella_region,all,agegroup_ili_ari,all,100.7,34560.4,1509,11.57,0.27,falling,3.5,NA,NA,NA,NA,TRUE
consultations,2025-W33,week,region_5,sentinella_region,all,agegroup_ili_ari,all,688.8,54599.2,2542,25.64,0.55,falling,24.2,NA,NA,NA,NA,TRUE
consultations,2025-W33,week,region_6,sentinella_region,all,agegroup_ili_ari,all,190.3,8943,597,33.55,0.5,falling,6.7,NA,NA,NA,NA,TRUE
consultations,2025-W34,week,CH,country,all,agegroup_ili_ari,all,4239.5,200230.5,11125,46.45,0.84,rising,100,NA,NA,NA,NA,TRUE
consultations,2025-W34,week,region_1,sentinella_region,all,agegroup_ili_ari,all,767.8,28040.3,1717,39.23,0.64,rising,17.3,NA,NA,NA,NA,TRUE
consultations,2025-W34,week,region_2,sentinella_region,all,agegroup_ili_ari,all,360.8,41632.3,2320,24.02,0.43,stagnant,8.1,NA,NA,NA,NA,TRUE
consultations,2025-W34,week,region_3,sentinella_region,all,agegroup_ili_ari,all,1483.3,33295.6,1830,96.11,1.75,rising,33.4,NA,NA,NA,NA,TRUE
consultations,2025-W34,week,region_4,sentinella_region,all,agegroup_ili_ari,all,212.2,32824,1626,24.37,0.49,stagnant,4.8,NA,NA,NA,NA,TRUE
consultations,2025-W34,week,region_5,sentinella_region,all,agegroup_ili_ari,all,1306.4,53465.6,2801,48.63,0.93,rising,29.4,NA,NA,NA,NA,TRUE
consultations,2025-W34,week,region_6,sentinella_region,all,agegroup_ili_ari,all,310.1,10972.7,831,54.68,0.72,falling,7,NA,NA,NA,NA,TRUE
consultations,2025-W35,week,CH,country,all,agegroup_ili_ari,all,4428.5,187554.4,10573,48.52,0.86,rising,100,NA,NA,NA,NA,TRUE
consultations,2025-W35,week,region_1,sentinella_region,all,agegroup_ili_ari,all,794.2,29573.4,1837,40.58,0.65,rising,16.4,NA,NA,NA,NA,TRUE
consultations,2025-W35,week,region_2,sentinella_region,all,agegroup_ili_ari,all,429.2,42005.2,2370,28.57,0.51,stagnant,8.8,NA,NA,NA,NA,TRUE
consultations,2025-W35,week,region_3,sentinella_region,all,agegroup_ili_ari,all,1405.7,28547.8,1595,91.08,1.63,rising,29,NA,NA,NA,NA,TRUE
consultations,2025-W35,week,region_4,sentinella_region,all,agegroup_ili_ari,all,138.5,31435.3,1564,15.91,0.32,rising,2.9,NA,NA,NA,NA,TRUE
consultations,2025-W35,week,region_5,sentinella_region,all,agegroup_ili_ari,all,1586.1,45734.5,2419,59.04,1.12,rising,32.7,NA,NA,NA,NA,TRUE
consultations,2025-W35,week,region_6,sentinella_region,all,agegroup_ili_ari,all,497.6,10258.1,788,87.74,1.14,rising,10.3,NA,NA,NA,NA,TRUE
consultations,2025-W36,week,CH,country,all,agegroup_ili_ari,all,5063.7,196463.4,10800,55.48,1.01,rising,100,NA,NA,NA,NA,TRUE
consultations,2025-W36,week,region_1,sentinella_region,all,agegroup_ili_ari,all,978.8,29994.2,1818,50.01,0.83,rising,18.3,NA,NA,NA,NA,TRUE
consultations,2025-W36,week,region_2,sentinella_region,all,agegroup_ili_ari,all,722.9,39485.4,2176,48.12,0.87,rising,13.5,NA,NA,NA,NA,TRUE
consultations,2025-W36,week,region_3,sentinella_region,all,agegroup_ili_ari,all,1492.1,29997.4,1638,96.68,1.77,rising,27.8,NA,NA,NA,NA,TRUE
consultations,2025-W36,week,region_4,sentinella_region,all,agegroup_ili_ari,all,204.7,34030.3,1653,23.51,0.48,rising,3.8,NA,NA,NA,NA,TRUE
consultations,2025-W36,week,region_5,sentinella_region,all,agegroup_ili_ari,all,1622.3,51336,2644,60.39,1.17,rising,30.3,NA,NA,NA,NA,TRUE
consultations,2025-W36,week,region_6,sentinella_region,all,agegroup_ili_ari,all,341.7,11620,871,60.24,0.8,rising,6.4,NA,NA,NA,NA,TRUE
consultations,2025-W37,week,CH,country,all,agegroup_ili_ari,all,8501,187881.3,10678,93.14,1.64,rising,100,NA,NA,NA,NA,TRUE
consultations,2025-W37,week,region_1,sentinella_region,all,agegroup_ili_ari,all,1838.2,27682.5,1716,93.92,1.52,rising,20.7,NA,NA,NA,NA,TRUE
consultations,2025-W37,week,region_2,sentinella_region,all,agegroup_ili_ari,all,1368.7,37316,2131,91.11,1.6,rising,15.4,NA,NA,NA,NA,TRUE
consultations,2025-W37,week,region_3,sentinella_region,all,agegroup_ili_ari,all,1823,30477.5,1717,118.12,2.1,rising,20.5,NA,NA,NA,NA,TRUE
consultations,2025-W37,week,region_4,sentinella_region,all,agegroup_ili_ari,all,67.3,25883.9,1312,7.73,0.15,stagnant,0.8,NA,NA,NA,NA,TRUE
consultations,2025-W37,week,region_5,sentinella_region,all,agegroup_ili_ari,all,2767,55339.5,2934,103,1.94,rising,31.2,NA,NA,NA,NA,TRUE
consultations,2025-W37,week,region_6,sentinella_region,all,agegroup_ili_ari,all,1014.5,11181.9,868,178.86,2.3,rising,11.4,NA,NA,NA,NA,TRUE
consultations,2025-W38,week,CH,country,all,agegroup_ili_ari,all,7372,208000.7,11747,80.77,1.43,rising,100,NA,NA,NA,NA,TRUE
consultations,2025-W38,week,region_1,sentinella_region,all,agegroup_ili_ari,all,1926.5,30479.2,1886,98.43,1.59,rising,24.7,NA,NA,NA,NA,TRUE
consultations,2025-W38,week,region_2,sentinella_region,all,agegroup_ili_ari,all,1163.3,42614.1,2419,77.44,1.36,rising,14.9,NA,NA,NA,NA,TRUE
consultations,2025-W38,week,region_3,sentinella_region,all,agegroup_ili_ari,all,1650.8,35527.2,1999,106.96,1.9,rising,21.1,NA,NA,NA,NA,TRUE
consultations,2025-W38,week,region_4,sentinella_region,all,agegroup_ili_ari,all,318.4,35546.6,1787,36.57,0.73,rising,4.1,NA,NA,NA,NA,TRUE
consultations,2025-W38,week,region_5,sentinella_region,all,agegroup_ili_ari,all,2131.1,52940.8,2815,79.33,1.49,rising,27.3,NA,NA,NA,NA,TRUE
consultations,2025-W38,week,region_6,sentinella_region,all,agegroup_ili_ari,all,624.9,10892.7,841,110.17,1.43,rising,8,NA,NA,NA,NA,TRUE
consultations,2025-W39,week,CH,country,all,agegroup_ili_ari,all,6253.9,192641.9,10925,68.52,1.21,rising,100,NA,NA,NA,NA,TRUE
consultations,2025-W39,week,region_1,sentinella_region,all,agegroup_ili_ari,all,1585.3,28395.3,1775,81,1.3,rising,24.5,NA,NA,NA,NA,TRUE
consultations,2025-W39,week,region_2,sentinella_region,all,agegroup_ili_ari,all,1077.4,34855.7,1973,71.72,1.27,rising,16.6,NA,NA,NA,NA,TRUE
consultations,2025-W39,week,region_3,sentinella_region,all,agegroup_ili_ari,all,1307.6,31868.2,1784,84.72,1.51,stagnant,20.2,NA,NA,NA,NA,TRUE
consultations,2025-W39,week,region_4,sentinella_region,all,agegroup_ili_ari,all,395.1,33052.4,1668,45.38,0.9,rising,6.1,NA,NA,NA,NA,TRUE
consultations,2025-W39,week,region_5,sentinella_region,all,agegroup_ili_ari,all,1629.6,52750.8,2824,60.66,1.13,rising,25.2,NA,NA,NA,NA,TRUE
consultations,2025-W39,week,region_6,sentinella_region,all,agegroup_ili_ari,all,484,11719.6,901,85.33,1.11,rising,7.5,NA,NA,NA,NA,TRUE
consultations,2025-W40,week,CH,country,all,agegroup_ili_ari,all,6780.5,197869.6,10092,74.29,1.46,rising,100,NA,NA,NA,NA,TRUE
consultations,2025-W40,week,region_1,sentinella_region,all,agegroup_ili_ari,all,1709.2,36641.1,2043,87.33,1.57,rising,25.1,NA,NA,NA,NA,TRUE
consultations,2025-W40,week,region_2,sentinella_region,all,agegroup_ili_ari,all,856.9,36814.4,1866,57.04,1.13,stagnant,12.6,NA,NA,NA,NA,TRUE
consultations,2025-W40,week,region_3,sentinella_region,all,agegroup_ili_ari,all,526.4,20523.6,1028,34.11,0.68,falling,7.7,NA,NA,NA,NA,TRUE
consultations,2025-W40,week,region_4,sentinella_region,all,agegroup_ili_ari,all,256.3,30585.3,1378,29.43,0.65,rising,3.8,NA,NA,NA,NA,TRUE
consultations,2025-W40,week,region_5,sentinella_region,all,agegroup_ili_ari,all,2541.9,60238.6,2877,94.62,1.98,rising,37.4,NA,NA,NA,NA,TRUE
consultations,2025-W40,week,region_6,sentinella_region,all,agegroup_ili_ari,all,911.6,13066.5,900,160.72,2.33,rising,13.4,NA,NA,NA,NA,TRUE
consultations,2025-W41,week,CH,country,all,agegroup_ili_ari,all,7071.7,197458.6,8897,77.48,1.72,falling,100,NA,NA,NA,NA,TRUE
consultations,2025-W41,week,region_1,sentinella_region,all,agegroup_ili_ari,all,2032.8,38514,1889,103.86,2.12,stagnant,27.3,NA,NA,NA,NA,TRUE
consultations,2025-W41,week,region_2,sentinella_region,all,agegroup_ili_ari,all,971.6,43288.7,1925,64.68,1.45,falling,13.1,NA,NA,NA,NA,TRUE
consultations,2025-W41,week,region_3,sentinella_region,all,agegroup_ili_ari,all,1721.3,21519.8,950,111.53,2.53,falling,23.1,NA,NA,NA,NA,TRUE
consultations,2025-W41,week,region_4,sentinella_region,all,agegroup_ili_ari,all,229,34223.7,1348,26.3,0.67,rising,3.1,NA,NA,NA,NA,TRUE
consultations,2025-W41,week,region_5,sentinella_region,all,agegroup_ili_ari,all,1297.8,45540.6,1916,48.31,1.15,falling,17.5,NA,NA,NA,NA,TRUE
consultations,2025-W41,week,region_6,sentinella_region,all,agegroup_ili_ari,all,1183.9,14371.9,869,208.74,3.45,rising,15.9,NA,NA,NA,NA,TRUE
consultations,2025-W42,week,CH,country,all,agegroup_ili_ari,all,8426.2,187395,9582,92.32,1.81,rising,100,NA,NA,NA,NA,TRUE
consultations,2025-W42,week,region_1,sentinella_region,all,agegroup_ili_ari,all,2979.9,19048.2,1108,152.25,2.62,rising,29.7,NA,NA,NA,NA,TRUE
consultations,2025-W42,week,region_2,sentinella_region,all,agegroup_ili_ari,all,1023.2,45515,2357,68.11,1.32,falling,10.2,NA,NA,NA,NA,TRUE
consultations,2025-W42,week,region_3,sentinella_region,all,agegroup_ili_ari,all,2554.3,29003.7,1476,165.5,3.25,rising,25.4,NA,NA,NA,NA,TRUE
consultations,2025-W42,week,region_4,sentinella_region,all,agegroup_ili_ari,all,201.9,38810.8,1763,23.19,0.51,falling,2,NA,NA,NA,NA,TRUE
consultations,2025-W42,week,region_5,sentinella_region,all,agegroup_ili_ari,all,2400.8,44759.3,2155,89.37,1.86,stagnant,23.9,NA,NA,NA,NA,TRUE
consultations,2025-W42,week,region_6,sentinella_region,all,agegroup_ili_ari,all,884.7,10257.9,723,155.98,2.21,rising,8.8,NA,NA,NA,NA,TRUE
consultations,2025-W43,week,CH,country,all,agegroup_ili_ari,all,8321.2,194142.3,11629,91.17,1.52,rising,100,NA,NA,NA,NA,TRUE
consultations,2025-W43,week,region_1,sentinella_region,all,agegroup_ili_ari,all,1210.9,22628.3,1496,61.87,0.94,rising,13.9,NA,NA,NA,NA,TRUE
consultations,2025-W43,week,region_2,sentinella_region,all,agegroup_ili_ari,all,1046.3,41639.7,2491,69.65,1.16,stagnant,12,NA,NA,NA,NA,TRUE
consultations,2025-W43,week,region_3,sentinella_region,all,agegroup_ili_ari,all,1665.5,34286.7,2035,107.91,1.82,rising,19.1,NA,NA,NA,NA,TRUE
consultations,2025-W43,week,region_4,sentinella_region,all,agegroup_ili_ari,all,258.1,33735.1,1802,29.64,0.55,falling,3,NA,NA,NA,NA,TRUE
consultations,2025-W43,week,region_5,sentinella_region,all,agegroup_ili_ari,all,3271.8,50087.9,2846,121.79,2.14,rising,37.6,NA,NA,NA,NA,TRUE
consultations,2025-W43,week,region_6,sentinella_region,all,agegroup_ili_ari,all,1253.5,11764.4,959,221,2.71,rising,14.4,NA,NA,NA,NA,TRUE
consultations,2025-W44,week,CH,country,all,agegroup_ili_ari,all,9353.5,199055.5,11685,102.48,1.75,rising,100,NA,NA,NA,NA,TRUE
consultations,2025-W44,week,region_1,sentinella_region,all,agegroup_ili_ari,all,1312.1,31323.6,2009,67.04,1.05,falling,13.6,NA,NA,NA,NA,TRUE
consultations,2025-W44,week,region_2,sentinella_region,all,agegroup_ili_ari,all,1235,38925.6,2282,82.21,1.4,rising,12.8,NA,NA,NA,NA,TRUE
consultations,2025-W44,week,region_3,sentinella_region,all,agegroup_ili_ari,all,2341,34283.6,1990,151.68,2.61,rising,24.3,NA,NA,NA,NA,TRUE
consultations,2025-W44,week,region_4,sentinella_region,all,agegroup_ili_ari,all,342.8,30478.4,1588,39.37,0.76,rising,3.6,NA,NA,NA,NA,TRUE
consultations,2025-W44,week,region_5,sentinella_region,all,agegroup_ili_ari,all,3364.7,52694.6,2913,125.25,2.27,rising,34.9,NA,NA,NA,NA,TRUE
consultations,2025-W44,week,region_6,sentinella_region,all,agegroup_ili_ari,all,1049.5,11349.7,903,185.03,2.33,rising,10.9,NA,NA,NA,NA,TRUE
consultations,2025-W45,week,CH,country,all,agegroup_ili_ari,all,10391.2,192358.3,11953,113.85,1.83,rising,100,NA,NA,NA,NA,TRUE
consultations,2025-W45,week,region_1,sentinella_region,all,agegroup_ili_ari,all,2048.6,32483.8,2204,104.67,1.54,falling,19.1,NA,NA,NA,NA,TRUE
consultations,2025-W45,week,region_2,sentinella_region,all,agegroup_ili_ari,all,1730.1,42545.9,2668,115.17,1.84,rising,16.1,NA,NA,NA,NA,TRUE
consultations,2025-W45,week,region_3,sentinella_region,all,agegroup_ili_ari,all,2431,32379.7,2000,157.51,2.55,rising,22.7,NA,NA,NA,NA,TRUE
consultations,2025-W45,week,region_4,sentinella_region,all,agegroup_ili_ari,all,236.4,25784.7,1433,27.15,0.49,rising,2.2,NA,NA,NA,NA,TRUE
consultations,2025-W45,week,region_5,sentinella_region,all,agegroup_ili_ari,all,3561.1,52050.5,3044,132.56,2.27,rising,33.2,NA,NA,NA,NA,TRUE
consultations,2025-W45,week,region_6,sentinella_region,all,agegroup_ili_ari,all,717.6,7113.7,604,126.52,1.49,falling,6.7,NA,NA,NA,NA,TRUE
consultations,2025-W46,week,CH,country,all,agegroup_ili_ari,all,14049.4,189695.4,11944,153.93,2.44,rising,100,NA,NA,NA,NA,TRUE
consultations,2025-W46,week,region_1,sentinella_region,all,agegroup_ili_ari,all,2986.5,28835.5,1978,152.59,2.22,rising,20.3,NA,NA,NA,NA,TRUE
consultations,2025-W46,week,region_2,sentinella_region,all,agegroup_ili_ari,all,2105.1,39962.1,2520,140.13,2.22,rising,14.3,NA,NA,NA,NA,TRUE
consultations,2025-W46,week,region_3,sentinella_region,all,agegroup_ili_ari,all,3747.8,28003,1744,242.83,3.9,rising,25.5,NA,NA,NA,NA,TRUE
consultations,2025-W46,week,region_4,sentinella_region,all,agegroup_ili_ari,all,393.6,26545.2,1474,45.21,0.81,rising,2.7,NA,NA,NA,NA,TRUE
consultations,2025-W46,week,region_5,sentinella_region,all,agegroup_ili_ari,all,4219.3,53482.1,3126,157.06,2.69,rising,28.7,NA,NA,NA,NA,TRUE
consultations,2025-W46,week,region_6,sentinella_region,all,agegroup_ili_ari,all,1234.2,12867.4,1102,217.6,2.54,stagnant,8.4,NA,NA,NA,NA,TRUE
consultations,2025-W47,week,CH,country,all,agegroup_ili_ari,all,12220.3,191955.5,11891,133.89,2.16,rising,100,NA,NA,NA,NA,TRUE
consultations,2025-W47,week,region_1,sentinella_region,all,agegroup_ili_ari,all,2768.1,28282.6,1921,141.43,2.08,rising,20.9,NA,NA,NA,NA,TRUE
consultations,2025-W47,week,region_2,sentinella_region,all,agegroup_ili_ari,all,1665.2,37888.9,2378,110.85,1.77,rising,12.6,NA,NA,NA,NA,TRUE
consultations,2025-W47,week,region_3,sentinella_region,all,agegroup_ili_ari,all,2735.9,28769.2,1779,177.27,2.87,rising,20.7,NA,NA,NA,NA,TRUE
consultations,2025-W47,week,region_4,sentinella_region,all,agegroup_ili_ari,all,214.1,32532.3,1785,24.59,0.45,stagnant,1.6,NA,NA,NA,NA,TRUE
consultations,2025-W47,week,region_5,sentinella_region,all,agegroup_ili_ari,all,4289.1,53236.7,3066,159.66,2.77,rising,32.4,NA,NA,NA,NA,TRUE
consultations,2025-W47,week,region_6,sentinella_region,all,agegroup_ili_ari,all,1563.5,11245.9,962,275.66,3.22,rising,11.8,NA,NA,NA,NA,TRUE
consultations,2025-W48,week,CH,country,all,agegroup_ili_ari,all,12622.8,189449.5,11657,138.3,2.25,rising,100,NA,NA,NA,NA,TRUE
consultations,2025-W48,week,region_1,sentinella_region,all,agegroup_ili_ari,all,3515,29512.3,1992,179.59,2.66,rising,26.5,NA,NA,NA,NA,TRUE
consultations,2025-W48,week,region_2,sentinella_region,all,agegroup_ili_ari,all,2352,37044.8,2322,156.57,2.5,rising,17.7,NA,NA,NA,NA,TRUE
consultations,2025-W48,week,region_3,sentinella_region,all,agegroup_ili_ari,all,1532.9,30204.7,1832,99.32,1.64,falling,11.6,NA,NA,NA,NA,TRUE
consultations,2025-W48,week,region_4,sentinella_region,all,agegroup_ili_ari,all,356.2,29332.7,1593,40.91,0.75,stagnant,2.7,NA,NA,NA,NA,TRUE
consultations,2025-W48,week,region_5,sentinella_region,all,agegroup_ili_ari,all,2484.9,51891.4,2949,92.5,1.63,falling,18.7,NA,NA,NA,NA,TRUE
consultations,2025-W48,week,region_6,sentinella_region,all,agegroup_ili_ari,all,3018,11463.7,969,532.11,6.3,rising,22.8,NA,NA,NA,NA,TRUE
consultations,2025-W49,week,CH,country,all,agegroup_ili_ari,all,18412.1,201255.8,12614,201.73,3.22,rising,100,NA,NA,NA,NA,TRUE
consultations,2025-W49,week,region_1,sentinella_region,all,agegroup_ili_ari,all,5147.7,32317.7,2242,263.01,3.79,rising,25.6,NA,NA,NA,NA,TRUE
consultations,2025-W49,week,region_2,sentinella_region,all,agegroup_ili_ari,all,2405.4,39345.8,2498,160.12,2.52,rising,12,NA,NA,NA,NA,TRUE
consultations,2025-W49,week,region_3,sentinella_region,all,agegroup_ili_ari,all,3743,34223.3,2127,242.52,3.9,rising,18.6,NA,NA,NA,NA,TRUE
consultations,2025-W49,week,region_4,sentinella_region,all,agegroup_ili_ari,all,369.4,32999.1,1819,42.43,0.77,rising,1.8,NA,NA,NA,NA,TRUE
consultations,2025-W49,week,region_5,sentinella_region,all,agegroup_ili_ari,all,4725.1,51737.7,3006,175.89,3.03,rising,23.5,NA,NA,NA,NA,TRUE
consultations,2025-W49,week,region_6,sentinella_region,all,agegroup_ili_ari,all,3734.2,10632.2,922,658.38,7.59,rising,18.6,NA,NA,NA,NA,TRUE
consultations,2025-W50,week,CH,country,all,agegroup_ili_ari,all,24317.4,185035.8,12032,266.43,4.1,rising,100,NA,NA,NA,NA,TRUE
consultations,2025-W50,week,region_1,sentinella_region,all,agegroup_ili_ari,all,5593.5,30442.4,2191,285.79,3.97,rising,21.5,NA,NA,NA,NA,TRUE
consultations,2025-W50,week,region_2,sentinella_region,all,agegroup_ili_ari,all,3965.9,40908.8,2693,264,4.01,rising,15.2,NA,NA,NA,NA,TRUE
consultations,2025-W50,week,region_3,sentinella_region,all,agegroup_ili_ari,all,5347.3,28862.7,1867,346.47,5.36,rising,20.5,NA,NA,NA,NA,TRUE
consultations,2025-W50,week,region_4,sentinella_region,all,agegroup_ili_ari,all,492.3,26529.2,1518,56.54,0.99,rising,1.9,NA,NA,NA,NA,TRUE
consultations,2025-W50,week,region_5,sentinella_region,all,agegroup_ili_ari,all,6079.6,49489,2973,226.31,3.77,rising,23.3,NA,NA,NA,NA,TRUE
consultations,2025-W50,week,region_6,sentinella_region,all,agegroup_ili_ari,all,4574.2,8803.7,790,806.47,8.99,rising,17.6,NA,NA,NA,NA,TRUE
consultations,2025-W51,week,CH,country,all,agegroup_ili_ari,all,27618.7,197289.8,12837,302.6,4.65,rising,100,NA,NA,NA,NA,TRUE
consultations,2025-W51,week,region_1,sentinella_region,all,agegroup_ili_ari,all,6345.5,33928.6,2459,324.21,4.47,rising,21.3,NA,NA,NA,NA,TRUE
consultations,2025-W51,week,region_2,sentinella_region,all,agegroup_ili_ari,all,3940.3,40411.4,2638,262.3,4.02,rising,13.2,NA,NA,NA,NA,TRUE
consultations,2025-W51,week,region_3,sentinella_region,all,agegroup_ili_ari,all,6937,29812.9,1920,449.47,6.98,rising,23.3,NA,NA,NA,NA,TRUE
consultations,2025-W51,week,region_4,sentinella_region,all,agegroup_ili_ari,all,553.9,31440.9,1798,63.61,1.11,rising,1.9,NA,NA,NA,NA,TRUE
consultations,2025-W51,week,region_5,sentinella_region,all,agegroup_ili_ari,all,7046.7,51084.7,3068,262.31,4.37,rising,23.7,NA,NA,NA,NA,TRUE
consultations,2025-W51,week,region_6,sentinella_region,all,agegroup_ili_ari,all,4970.9,10611.4,954,876.42,9.75,rising,16.7,NA,NA,NA,NA,TRUE
consultations,2025-W52,week,CH,country,all,agegroup_ili_ari,all,12502.3,186165.1,5234,136.98,4.87,rising,100,NA,NA,NA,NA,TRUE
consultations,2025-W52,week,region_1,sentinella_region,all,agegroup_ili_ari,all,1357.5,23069.1,701,69.36,2.28,falling,10.5,NA,NA,NA,NA,TRUE
consultations,2025-W52,week,region_2,sentinella_region,all,agegroup_ili_ari,all,2750.4,44786.2,1289,183.09,6.36,rising,21.4,NA,NA,NA,NA,TRUE
consultations,2025-W52,week,region_3,sentinella_region,all,agegroup_ili_ari,all,2640.7,22209.5,627,171.1,6.06,rising,20.5,NA,NA,NA,NA,TRUE
consultations,2025-W52,week,region_4,sentinella_region,all,agegroup_ili_ari,all,373.2,34997.8,879,42.86,1.71,rising,2.9,NA,NA,NA,NA,TRUE
consultations,2025-W52,week,region_5,sentinella_region,all,agegroup_ili_ari,all,3839.2,52482.1,1398,142.91,5.36,rising,29.8,NA,NA,NA,NA,TRUE
consultations,2025-W52,week,region_6,sentinella_region,all,agegroup_ili_ari,all,1908.1,8620.4,340,336.41,8.53,falling,14.8,NA,NA,NA,NA,TRUE
consultations,2026-W01,week,CH,country,all,agegroup_ili_ari,all,16092,141228.2,3868,176.31,6.44,falling,100,NA,NA,NA,NA,TRUE
consultations,2026-W01,week,region_1,sentinella_region,all,agegroup_ili_ari,all,2998.4,13707.6,403,153.2,5.21,falling,19.4,NA,NA,NA,NA,TRUE
consultations,2026-W01,week,region_2,sentinella_region,all,agegroup_ili_ari,all,3472.2,35043.5,963,231.14,8.41,rising,22.5,NA,NA,NA,NA,TRUE
consultations,2026-W01,week,region_3,sentinella_region,all,agegroup_ili_ari,all,3907.1,26071.3,695,253.15,9.5,falling,25.3,NA,NA,NA,NA,TRUE
consultations,2026-W01,week,region_4,sentinella_region,all,agegroup_ili_ari,all,555.3,23523.6,575,63.77,2.61,rising,3.6,NA,NA,NA,NA,TRUE
consultations,2026-W01,week,region_5,sentinella_region,all,agegroup_ili_ari,all,2977.4,31579.6,812,110.83,4.31,falling,19.3,NA,NA,NA,NA,TRUE
consultations,2026-W01,week,region_6,sentinella_region,all,agegroup_ili_ari,all,1555.6,11302.6,420,274.27,7.38,falling,10.1,NA,NA,NA,NA,TRUE
consultations,2026-W02,week,CH,country,all,agegroup_ili_ari,all,33110.5,207019.6,13095,362.77,5.74,rising,100,NA,NA,NA,NA,TRUE
consultations,2026-W02,week,region_1,sentinella_region,all,agegroup_ili_ari,all,6450.4,34894.2,2426,329.57,4.74,falling,18.7,NA,NA,NA,NA,TRUE
consultations,2026-W02,week,region_2,sentinella_region,all,agegroup_ili_ari,all,6513.2,43821.9,2792,433.57,6.81,rising,18.9,NA,NA,NA,NA,TRUE
consultations,2026-W02,week,region_3,sentinella_region,all,agegroup_ili_ari,all,6314,32755,2060,409.1,6.5,falling,18.3,NA,NA,NA,NA,TRUE
consultations,2026-W02,week,region_4,sentinella_region,all,agegroup_ili_ari,all,1216,33653.9,1887,139.66,2.49,rising,3.5,NA,NA,NA,NA,TRUE
consultations,2026-W02,week,region_5,sentinella_region,all,agegroup_ili_ari,all,11516.7,51784,3058,428.7,7.26,rising,33.5,NA,NA,NA,NA,TRUE
consultations,2026-W02,week,region_6,sentinella_region,all,agegroup_ili_ari,all,2412.2,10110.6,872,425.3,4.93,falling,7,NA,NA,NA,NA,TRUE
consultations,2026-W03,week,CH,country,all,agegroup_ili_ari,all,23428.4,217382.8,14434,256.69,3.87,rising,100,NA,NA,NA,NA,TRUE
consultations,2026-W03,week,region_1,sentinella_region,all,agegroup_ili_ari,all,5136.5,35055.6,2581,262.44,3.56,rising,21,NA,NA,NA,NA,TRUE
consultations,2026-W03,week,region_2,sentinella_region,all,agegroup_ili_ari,all,4040.8,43867.8,2927,268.99,4.03,rising,16.6,NA,NA,NA,NA,TRUE
consultations,2026-W03,week,region_3,sentinella_region,all,agegroup_ili_ari,all,4863.7,33319.5,2192,315.13,4.79,falling,19.9,NA,NA,NA,NA,TRUE
consultations,2026-W03,week,region_4,sentinella_region,all,agegroup_ili_ari,all,1238.6,37257,2186,142.25,2.42,rising,5.1,NA,NA,NA,NA,TRUE
consultations,2026-W03,week,region_5,sentinella_region,all,agegroup_ili_ari,all,7801.9,55437.3,3416,290.42,4.71,rising,32,NA,NA,NA,NA,TRUE
consultations,2026-W03,week,region_6,sentinella_region,all,agegroup_ili_ari,all,1321.6,12445.6,1132,233.01,2.56,falling,5.4,NA,NA,NA,NA,TRUE
consultations,2026-W04,week,CH,country,all,agegroup_ili_ari,all,23156.4,202987.3,13507,253.71,3.81,rising,100,NA,NA,NA,NA,TRUE
consultations,2026-W04,week,region_1,sentinella_region,all,agegroup_ili_ari,all,6611.9,28713.1,2100,337.82,4.62,rising,27.1,NA,NA,NA,NA,TRUE
consultations,2026-W04,week,region_2,sentinella_region,all,agegroup_ili_ari,all,4023.9,41812.2,2832,267.86,3.95,rising,16.5,NA,NA,NA,NA,TRUE
consultations,2026-W04,week,region_3,sentinella_region,all,agegroup_ili_ari,all,5174,35198.4,2325,335.24,5.08,rising,21.2,NA,NA,NA,NA,TRUE
consultations,2026-W04,week,region_4,sentinella_region,all,agegroup_ili_ari,all,1074.7,34837.2,2049,123.43,2.1,rising,4.4,NA,NA,NA,NA,TRUE
consultations,2026-W04,week,region_5,sentinella_region,all,agegroup_ili_ari,all,6249.1,50726.8,3133,232.62,3.77,rising,25.6,NA,NA,NA,NA,TRUE
consultations,2026-W04,week,region_6,sentinella_region,all,agegroup_ili_ari,all,1308.9,11699.6,1068,230.78,2.53,falling,5.4,NA,NA,NA,NA,TRUE
consultations,2026-W05,week,CH,country,all,agegroup_ili_ari,all,23661.2,208301.7,13292,259.24,4.06,rising,100,NA,NA,NA,NA,TRUE
consultations,2026-W05,week,region_1,sentinella_region,all,agegroup_ili_ari,all,4530.2,36292,2512,231.46,3.34,rising,18.6,NA,NA,NA,NA,TRUE
consultations,2026-W05,week,region_2,sentinella_region,all,agegroup_ili_ari,all,4424.8,42097.4,2750,294.55,4.51,falling,18.2,NA,NA,NA,NA,TRUE
consultations,2026-W05,week,region_3,sentinella_region,all,agegroup_ili_ari,all,6202.1,33843.8,2154,401.85,6.31,rising,25.5,NA,NA,NA,NA,TRUE
consultations,2026-W05,week,region_4,sentinella_region,all,agegroup_ili_ari,all,1151.3,36303.1,2024,132.22,2.37,rising,4.7,NA,NA,NA,NA,TRUE
consultations,2026-W05,week,region_5,sentinella_region,all,agegroup_ili_ari,all,6456.5,48680.8,2876,240.34,4.07,rising,26.5,NA,NA,NA,NA,TRUE
consultations,2026-W05,week,region_6,sentinella_region,all,agegroup_ili_ari,all,1586.2,11084.5,976,279.67,3.18,falling,6.5,NA,NA,NA,NA,TRUE
consultations,2026-W06,week,CH,country,all,agegroup_ili_ari,all,21885,200182.3,12840,239.78,3.74,falling,100,NA,NA,NA,NA,TRUE
consultations,2026-W06,week,region_1,sentinella_region,all,agegroup_ili_ari,all,5003.6,36377.6,2536,255.65,3.67,falling,21.5,NA,NA,NA,NA,TRUE
consultations,2026-W06,week,region_2,sentinella_region,all,agegroup_ili_ari,all,4616.6,36119.1,2372,307.32,4.68,falling,19.9,NA,NA,NA,NA,TRUE
consultations,2026-W06,week,region_3,sentinella_region,all,agegroup_ili_ari,all,5599.4,30319.7,1960,362.8,5.61,stagnant,24.1,NA,NA,NA,NA,TRUE
consultations,2026-W06,week,region_4,sentinella_region,all,agegroup_ili_ari,all,750.7,38273,2152,86.22,1.53,falling,3.2,NA,NA,NA,NA,TRUE
consultations,2026-W06,week,region_5,sentinella_region,all,agegroup_ili_ari,all,5797.5,47263.4,2771,215.81,3.68,falling,24.9,NA,NA,NA,NA,TRUE
consultations,2026-W06,week,region_6,sentinella_region,all,agegroup_ili_ari,all,1486.4,11829.5,1049,262.06,2.96,falling,6.4,NA,NA,NA,NA,TRUE
consultations,2026-W07,week,CH,country,all,agegroup_ili_ari,all,16207,199926,12609,177.57,2.82,falling,100,NA,NA,NA,NA,TRUE
consultations,2026-W07,week,region_1,sentinella_region,all,agegroup_ili_ari,all,2792.7,35741.8,2447,142.69,2.08,falling,17.2,NA,NA,NA,NA,TRUE
consultations,2026-W07,week,region_2,sentinella_region,all,agegroup_ili_ari,all,3047.7,43375.2,2748,202.88,3.2,falling,18.8,NA,NA,NA,NA,TRUE
consultations,2026-W07,week,region_3,sentinella_region,all,agegroup_ili_ari,all,3389,37799.6,2350,219.58,3.53,falling,20.9,NA,NA,NA,NA,TRUE
consultations,2026-W07,week,region_4,sentinella_region,all,agegroup_ili_ari,all,667.7,26082.7,1438,76.68,1.39,falling,4.1,NA,NA,NA,NA,TRUE
consultations,2026-W07,week,region_5,sentinella_region,all,agegroup_ili_ari,all,4532,45644,2653,168.7,2.9,falling,27.9,NA,NA,NA,NA,TRUE
consultations,2026-W07,week,region_6,sentinella_region,all,agegroup_ili_ari,all,1809.7,11282.7,973,319.07,3.7,rising,11.1,NA,NA,NA,NA,TRUE
consultations,2026-W08,week,CH,country,all,agegroup_ili_ari,all,14126.1,181565.6,11026,154.77,2.55,falling,100,NA,NA,NA,NA,TRUE
consultations,2026-W08,week,region_1,sentinella_region,all,agegroup_ili_ari,all,2199.9,27579.6,1816,112.4,1.71,falling,15.7,NA,NA,NA,NA,TRUE
consultations,2026-W08,week,region_2,sentinella_region,all,agegroup_ili_ari,all,2958,37580.8,2336,196.91,3.17,falling,21.1,NA,NA,NA,NA,TRUE
consultations,2026-W08,week,region_3,sentinella_region,all,agegroup_ili_ari,all,2768.5,30661.3,1853,179.38,2.97,falling,19.7,NA,NA,NA,NA,TRUE
consultations,2026-W08,week,region_4,sentinella_region,all,agegroup_ili_ari,all,882,28626.5,1545,101.3,1.88,falling,6.3,NA,NA,NA,NA,TRUE
consultations,2026-W08,week,region_5,sentinella_region,all,agegroup_ili_ari,all,4485.8,48508.3,2770,166.98,2.92,falling,32,NA,NA,NA,NA,TRUE
consultations,2026-W08,week,region_6,sentinella_region,all,agegroup_ili_ari,all,724.7,8609,706,127.77,1.56,falling,5.2,NA,NA,NA,NA,TRUE
consultations,2026-W09,week,CH,country,all,agegroup_ili_ari,all,12427.5,213712.8,12067,136.16,2.41,falling,100,NA,NA,NA,NA,TRUE
consultations,2026-W09,week,region_1,sentinella_region,all,agegroup_ili_ari,all,2999,27409.4,1712,153.23,2.45,falling,22.9,NA,NA,NA,NA,TRUE
consultations,2026-W09,week,region_2,sentinella_region,all,agegroup_ili_ari,all,1758.4,47841,2747,117.05,2.04,falling,13.4,NA,NA,NA,NA,TRUE
consultations,2026-W09,week,region_3,sentinella_region,all,agegroup_ili_ari,all,2783,30502.1,1699,180.32,3.24,falling,21.3,NA,NA,NA,NA,TRUE
consultations,2026-W09,week,region_4,sentinella_region,all,agegroup_ili_ari,all,834.6,37557.1,1865,95.85,1.93,falling,6.4,NA,NA,NA,NA,TRUE
consultations,2026-W09,week,region_5,sentinella_region,all,agegroup_ili_ari,all,3830.3,57509.6,3038,142.58,2.7,falling,29.3,NA,NA,NA,NA,TRUE
consultations,2026-W09,week,region_6,sentinella_region,all,agegroup_ili_ari,all,879.8,12893.6,1006,155.12,1.99,falling,6.7,NA,NA,NA,NA,TRUE
consultations,2026-W10,week,CH,country,all,agegroup_ili_ari,all,10756.3,214687.8,13257,117.85,1.91,falling,100,NA,NA,NA,NA,TRUE
consultations,2026-W10,week,region_1,sentinella_region,all,agegroup_ili_ari,all,2357.1,39856.5,2647,120.43,1.81,falling,20.5,NA,NA,NA,NA,TRUE
consultations,2026-W10,week,region_2,sentinella_region,all,agegroup_ili_ari,all,1316.5,41078.7,2553,87.64,1.41,falling,11.4,NA,NA,NA,NA,TRUE
consultations,2026-W10,week,region_3,sentinella_region,all,agegroup_ili_ari,all,2857.9,35643.3,2182,185.17,3.02,falling,24.8,NA,NA,NA,NA,TRUE
consultations,2026-W10,week,region_4,sentinella_region,all,agegroup_ili_ari,all,256.3,33983.4,1856,29.43,0.54,falling,2.2,NA,NA,NA,NA,TRUE
consultations,2026-W10,week,region_5,sentinella_region,all,agegroup_ili_ari,all,3890.5,51097.5,2920,144.82,2.53,falling,33.8,NA,NA,NA,NA,TRUE
consultations,2026-W10,week,region_6,sentinella_region,all,agegroup_ili_ari,all,827.1,13028.5,1099,145.83,1.73,falling,7.2,NA,NA,NA,NA,TRUE
consultations,2026-W11,week,CH,country,all,agegroup_ili_ari,all,11234.6,202287.1,12765,123.09,1.95,falling,100,NA,NA,NA,NA,TRUE
consultations,2026-W11,week,region_1,sentinella_region,all,agegroup_ili_ari,all,3603,34222.3,2336,184.09,2.7,rising,30.3,NA,NA,NA,NA,TRUE
consultations,2026-W11,week,region_2,sentinella_region,all,agegroup_ili_ari,all,1414.6,40352.1,2568,94.17,1.48,falling,11.9,NA,NA,NA,NA,TRUE
consultations,2026-W11,week,region_3,sentinella_region,all,agegroup_ili_ari,all,2223.7,36092.2,2247,144.08,2.31,falling,18.7,NA,NA,NA,NA,TRUE
consultations,2026-W11,week,region_4,sentinella_region,all,agegroup_ili_ari,all,451.1,28954,1621,51.81,0.93,falling,3.8,NA,NA,NA,NA,TRUE
consultations,2026-W11,week,region_5,sentinella_region,all,agegroup_ili_ari,all,3272.1,50901.3,2981,121.8,2.08,falling,27.5,NA,NA,NA,NA,TRUE
consultations,2026-W11,week,region_6,sentinella_region,all,agegroup_ili_ari,all,915.9,11765.2,1012,161.49,1.88,falling,7.7,NA,NA,NA,NA,TRUE
consultations,2026-W12,week,CH,country,all,agegroup_ili_ari,all,10299,204715.1,12779,112.84,1.81,falling,100,NA,NA,NA,NA,TRUE
consultations,2026-W12,week,region_1,sentinella_region,all,agegroup_ili_ari,all,2982.8,34120.3,2313,152.4,2.25,rising,27,NA,NA,NA,NA,TRUE
consultations,2026-W12,week,region_2,sentinella_region,all,agegroup_ili_ari,all,1143.2,43363,2725,76.1,1.21,falling,10.3,NA,NA,NA,NA,TRUE
consultations,2026-W12,week,region_3,sentinella_region,all,agegroup_ili_ari,all,3109,33757.4,2090,201.44,3.25,stagnant,28.1,NA,NA,NA,NA,TRUE
consultations,2026-W12,week,region_4,sentinella_region,all,agegroup_ili_ari,all,257.7,30406.8,1687,29.6,0.53,falling,2.3,NA,NA,NA,NA,TRUE
consultations,2026-W12,week,region_5,sentinella_region,all,agegroup_ili_ari,all,2914,52550.1,3066,108.47,1.86,falling,26.4,NA,NA,NA,NA,TRUE
consultations,2026-W12,week,region_6,sentinella_region,all,agegroup_ili_ari,all,647.2,10517.5,898,114.1,1.34,stagnant,5.9,NA,NA,NA,NA,TRUE
consultations,2026-W13,week,CH,country,all,agegroup_ili_ari,all,7874,222549.6,13236,86.27,1.45,falling,100,NA,NA,NA,NA,TRUE
consultations,2026-W13,week,region_1,sentinella_region,all,agegroup_ili_ari,all,2312.6,38931.7,2518,118.16,1.83,falling,27.8,NA,NA,NA,NA,TRUE
consultations,2026-W13,week,region_2,sentinella_region,all,agegroup_ili_ari,all,1001.7,44990.6,2705,66.68,1.11,falling,12,NA,NA,NA,NA,TRUE
consultations,2026-W13,week,region_3,sentinella_region,all,agegroup_ili_ari,all,2426.3,36894,2175,157.21,2.67,falling,29.1,NA,NA,NA,NA,TRUE
consultations,2026-W13,week,region_4,sentinella_region,all,agegroup_ili_ari,all,253.1,34400.2,1801,29.07,0.56,falling,3,NA,NA,NA,NA,TRUE
consultations,2026-W13,week,region_5,sentinella_region,all,agegroup_ili_ari,all,1723.1,56130,3119,64.14,1.15,falling,20.7,NA,NA,NA,NA,TRUE
consultations,2026-W13,week,region_6,sentinella_region,all,agegroup_ili_ari,all,607.5,11203.1,918,107.11,1.31,falling,7.3,NA,NA,NA,NA,TRUE
consultations,2026-W14,week,CH,country,all,agegroup_ili_ari,all,7236.9,192956.2,10780,79.29,1.42,falling,100,NA,NA,NA,NA,TRUE
consultations,2026-W14,week,region_1,sentinella_region,all,agegroup_ili_ari,all,1434.8,38192.1,2320,73.31,1.21,falling,18.8,NA,NA,NA,NA,TRUE
consultations,2026-W14,week,region_2,sentinella_region,all,agegroup_ili_ari,all,1282.6,40993.8,2273,85.38,1.54,falling,16.8,NA,NA,NA,NA,TRUE
consultations,2026-W14,week,region_3,sentinella_region,all,agegroup_ili_ari,all,1787.2,24179.7,1323,115.8,2.12,falling,23.5,NA,NA,NA,NA,TRUE
consultations,2026-W14,week,region_4,sentinella_region,all,agegroup_ili_ari,all,249.8,27879.7,1369,28.69,0.58,falling,3.3,NA,NA,NA,NA,TRUE
consultations,2026-W14,week,region_5,sentinella_region,all,agegroup_ili_ari,all,2529.3,49922.5,2606,94.15,1.8,falling,33.2,NA,NA,NA,NA,TRUE
consultations,2026-W14,week,region_6,sentinella_region,all,agegroup_ili_ari,all,336.8,11788.4,889,59.38,0.79,falling,4.4,NA,NA,NA,NA,TRUE
consultations,2026-W15,week,CH,country,all,agegroup_ili_ari,all,5581.2,170083.7,7604,61.15,1.37,falling,100,NA,NA,NA,NA,TRUE
consultations,2026-W15,week,region_1,sentinella_region,all,agegroup_ili_ari,all,1155,20334.1,1006,59.01,1.19,falling,19.2,NA,NA,NA,NA,TRUE
consultations,2026-W15,week,region_2,sentinella_region,all,agegroup_ili_ari,all,893.2,33637,1520,59.46,1.32,falling,14.9,NA,NA,NA,NA,TRUE
consultations,2026-W15,week,region_3,sentinella_region,all,agegroup_ili_ari,all,1248.7,23484,1053,80.91,1.8,falling,20.8,NA,NA,NA,NA,TRUE
consultations,2026-W15,week,region_4,sentinella_region,all,agegroup_ili_ari,all,210.1,33151.4,1338,24.13,0.6,falling,3.5,NA,NA,NA,NA,TRUE
consultations,2026-W15,week,region_5,sentinella_region,all,agegroup_ili_ari,all,1961.1,52055.8,2228,73,1.71,falling,32.7,NA,NA,NA,NA,TRUE
consultations,2026-W15,week,region_6,sentinella_region,all,agegroup_ili_ari,all,535,7421.4,459,94.32,1.53,falling,8.9,NA,NA,NA,NA,TRUE
consultations,2026-W16,week,CH,country,all,agegroup_ili_ari,all,5911.6,274809.1,11757,64.77,1.51,falling,100,NA,NA,NA,NA,TRUE
consultations,2026-W16,week,region_1,sentinella_region,all,agegroup_ili_ari,all,1552.3,37826,1781,79.31,1.68,falling,24.4,NA,NA,NA,NA,TRUE
consultations,2026-W16,week,region_2,sentinella_region,all,agegroup_ili_ari,all,1105.9,52974.6,2253,73.62,1.73,stagnant,17.4,NA,NA,NA,NA,TRUE
consultations,2026-W16,week,region_3,sentinella_region,all,agegroup_ili_ari,all,1560.2,42538.2,1797,101.09,2.39,falling,24.6,NA,NA,NA,NA,TRUE
consultations,2026-W16,week,region_4,sentinella_region,all,agegroup_ili_ari,all,180.5,48249.3,1836,20.73,0.54,falling,2.8,NA,NA,NA,NA,TRUE
consultations,2026-W16,week,region_5,sentinella_region,all,agegroup_ili_ari,all,1597.9,75661.2,3069,59.48,1.47,falling,25.2,NA,NA,NA,NA,TRUE
consultations,2026-W16,week,region_6,sentinella_region,all,agegroup_ili_ari,all,355.3,17559.9,1021,62.64,1.08,falling,5.6,NA,NA,NA,NA,TRUE
consultations,2026-W17,week,CH,country,all,agegroup_ili_ari,all,5127.6,242089,12784,56.18,1.06,falling,100,NA,NA,NA,NA,TRUE
consultations,2026-W17,week,region_1,sentinella_region,all,agegroup_ili_ari,all,1331.9,42612.6,2444,68.05,1.19,falling,24.8,NA,NA,NA,NA,TRUE
consultations,2026-W17,week,region_2,sentinella_region,all,agegroup_ili_ari,all,862.3,50525.8,2686,57.4,1.08,falling,16.1,NA,NA,NA,NA,TRUE
consultations,2026-W17,week,region_3,sentinella_region,all,agegroup_ili_ari,all,852.7,36200.6,1873,55.25,1.07,falling,15.9,NA,NA,NA,NA,TRUE
consultations,2026-W17,week,region_4,sentinella_region,all,agegroup_ili_ari,all,199.9,39190.3,1820,22.96,0.49,falling,3.7,NA,NA,NA,NA,TRUE
consultations,2026-W17,week,region_5,sentinella_region,all,agegroup_ili_ari,all,1523.5,58192.4,2851,56.71,1.16,falling,28.4,NA,NA,NA,NA,TRUE
consultations,2026-W17,week,region_6,sentinella_region,all,agegroup_ili_ari,all,590.6,15367.3,1110,104.12,1.44,stagnant,11,NA,NA,NA,NA,TRUE
consultations,2026-W18,week,CH,country,all,agegroup_ili_ari,all,5504.6,213899.4,11562,60.31,1.12,falling,100,NA,NA,NA,NA,TRUE
consultations,2026-W18,week,region_1,sentinella_region,all,agegroup_ili_ari,all,1551.3,39109.5,2293,79.26,1.35,rising,27.3,NA,NA,NA,NA,TRUE
consultations,2026-W18,week,region_2,sentinella_region,all,agegroup_ili_ari,all,1024.2,46935.8,2560,68.18,1.25,falling,18,NA,NA,NA,NA,TRUE
consultations,2026-W18,week,region_3,sentinella_region,all,agegroup_ili_ari,all,1780.1,31213.3,1655,115.34,2.18,falling,31.3,NA,NA,NA,NA,TRUE
consultations,2026-W18,week,region_4,sentinella_region,all,agegroup_ili_ari,all,191.2,40988.6,1954,21.96,0.46,falling,3.4,NA,NA,NA,NA,TRUE
consultations,2026-W18,week,region_5,sentinella_region,all,agegroup_ili_ari,all,686.9,43025.1,2170,25.57,0.51,falling,12.1,NA,NA,NA,NA,TRUE
consultations,2026-W18,week,region_6,sentinella_region,all,agegroup_ili_ari,all,449.2,12627.1,930,79.19,1.08,rising,7.9,NA,NA,NA,NA,TRUE
consultations,2026-W19,week,CH,country,all,agegroup_ili_ari,all,4068.9,228786.9,12658,44.58,0.81,falling,100,NA,NA,NA,NA,TRUE
consultations,2026-W19,week,region_1,sentinella_region,all,agegroup_ili_ari,all,930.9,37848.6,2273,47.56,0.79,falling,22.3,NA,NA,NA,NA,TRUE
consultations,2026-W19,week,region_2,sentinella_region,all,agegroup_ili_ari,all,739.1,42682.8,2377,49.2,0.88,falling,17.7,NA,NA,NA,NA,TRUE
consultations,2026-W19,week,region_3,sentinella_region,all,agegroup_ili_ari,all,886.2,33091.7,1802,57.42,1.05,falling,21.2,NA,NA,NA,NA,TRUE
consultations,2026-W19,week,region_4,sentinella_region,all,agegroup_ili_ari,all,263.2,39701.7,1942,30.23,0.62,rising,6.3,NA,NA,NA,NA,TRUE
consultations,2026-W19,week,region_5,sentinella_region,all,agegroup_ili_ari,all,1020.3,60552.7,3138,37.98,0.73,falling,24.4,NA,NA,NA,NA,TRUE
consultations,2026-W19,week,region_6,sentinella_region,all,agegroup_ili_ari,all,342.4,14909.4,1126,60.36,0.8,falling,8.2,NA,NA,NA,NA,TRUE
consultations,2026-W20,week,CH,country,all,agegroup_ili_ari,all,5057.3,176854.3,9668,55.41,1.01,falling,100,NA,NA,NA,NA,TRUE
consultations,2026-W20,week,region_1,sentinella_region,all,agegroup_ili_ari,all,1965.8,24890.7,1496,100.44,1.67,rising,35.2,NA,NA,NA,NA,TRUE
consultations,2026-W20,week,region_2,sentinella_region,all,agegroup_ili_ari,all,623.3,36157.6,1989,41.49,0.75,falling,11.2,NA,NA,NA,NA,TRUE
consultations,2026-W20,week,region_3,sentinella_region,all,agegroup_ili_ari,all,1268.8,30410,1643,82.21,1.52,falling,22.7,NA,NA,NA,NA,TRUE
consultations,2026-W20,week,region_4,sentinella_region,all,agegroup_ili_ari,all,165.3,31605.3,1524,18.98,0.39,stagnant,3,NA,NA,NA,NA,TRUE
consultations,2026-W20,week,region_5,sentinella_region,all,agegroup_ili_ari,all,1016,42307.9,2160,37.82,0.74,falling,18.2,NA,NA,NA,NA,TRUE
consultations,2026-W20,week,region_6,sentinella_region,all,agegroup_ili_ari,all,543.4,11482.8,856,95.8,1.29,stagnant,9.7,NA,NA,NA,NA,TRUE
consultations,2026-W21,week,CH,country,all,agegroup_ili_ari,all,5093.8,261604,12853,55.81,1.14,falling,100,NA,NA,NA,NA,TRUE
consultations,2026-W21,week,region_1,sentinella_region,all,agegroup_ili_ari,all,705.6,44382.6,2378,36.05,0.67,falling,13.4,NA,NA,NA,NA,TRUE
consultations,2026-W21,week,region_2,sentinella_region,all,agegroup_ili_ari,all,696.9,49584,2450,46.39,0.94,falling,13.3,NA,NA,NA,NA,TRUE
consultations,2026-W21,week,region_3,sentinella_region,all,agegroup_ili_ari,all,2023.1,43484.1,2106,131.08,2.71,rising,38.5,NA,NA,NA,NA,TRUE
consultations,2026-W21,week,region_4,sentinella_region,all,agegroup_ili_ari,all,151.9,45841.8,1985,17.45,0.4,falling,2.9,NA,NA,NA,NA,TRUE
consultations,2026-W21,week,region_5,sentinella_region,all,agegroup_ili_ari,all,1130.4,61782.2,2819,42.08,0.92,falling,21.5,NA,NA,NA,NA,TRUE
consultations,2026-W21,week,region_6,sentinella_region,all,agegroup_ili_ari,all,549,16529.3,1115,96.8,1.43,stagnant,10.4,NA,NA,NA,NA,TRUE
consultations,2026-W22,week,CH,country,all,agegroup_ili_ari,all,4621.1,203429.8,11076,50.63,0.93,falling,100,NA,NA,NA,NA,TRUE
consultations,2026-W22,week,region_1,sentinella_region,all,agegroup_ili_ari,all,1400,36350.1,2151,71.53,1.21,falling,28.7,NA,NA,NA,NA,TRUE
consultations,2026-W22,week,region_2,sentinella_region,all,agegroup_ili_ari,all,873.1,39575.6,2166,58.12,1.06,falling,17.9,NA,NA,NA,NA,TRUE
consultations,2026-W22,week,region_3,sentinella_region,all,agegroup_ili_ari,all,1197,32231.9,1739,77.56,1.44,stagnant,24.6,NA,NA,NA,NA,TRUE
consultations,2026-W22,week,region_4,sentinella_region,all,agegroup_ili_ari,all,80.5,32437.9,1560,9.25,0.19,falling,1.7,NA,NA,NA,NA,TRUE
consultations,2026-W22,week,region_5,sentinella_region,all,agegroup_ili_ari,all,841.1,51100.1,2587,31.31,0.62,rising,17.3,NA,NA,NA,NA,TRUE
consultations,2026-W22,week,region_6,sentinella_region,all,agegroup_ili_ari,all,483.4,11734.1,873,85.22,1.15,rising,9.9,NA,NA,NA,NA,TRUE
consultations,2026-W23,week,CH,country,all,agegroup_ili_ari,all,4059.7,238330.4,12678,44.48,0.84,falling,100,NA,NA,NA,NA,TRUE
consultations,2026-W23,week,region_1,sentinella_region,all,agegroup_ili_ari,all,1403.1,43240.5,2525,71.69,1.23,rising,33.1,NA,NA,NA,NA,TRUE
consultations,2026-W23,week,region_2,sentinella_region,all,agegroup_ili_ari,all,563.2,48007.7,2563,37.49,0.7,stagnant,13.3,NA,NA,NA,NA,TRUE
consultations,2026-W23,week,region_3,sentinella_region,all,agegroup_ili_ari,all,1187.9,40274.1,2113,76.97,1.47,rising,28,NA,NA,NA,NA,TRUE
consultations,2026-W23,week,region_4,sentinella_region,all,agegroup_ili_ari,all,103.7,33596.9,1572,11.91,0.25,falling,2.4,NA,NA,NA,NA,TRUE
consultations,2026-W23,week,region_5,sentinella_region,all,agegroup_ili_ari,all,745.2,61293.9,3042,27.74,0.56,falling,17.6,NA,NA,NA,NA,TRUE
consultations,2026-W23,week,region_6,sentinella_region,all,agegroup_ili_ari,all,238,11917.3,863,41.96,0.58,falling,5.6,NA,NA,NA,NA,TRUE
consultations,2026-W24,week,CH,country,all,agegroup_ili_ari,all,5138.6,230914.6,12940,56.3,1,falling,100,NA,NA,NA,NA,TRUE
consultations,2026-W24,week,region_1,sentinella_region,all,agegroup_ili_ari,all,637.3,39924.2,2415,32.56,0.54,falling,12.3,NA,NA,NA,NA,TRUE
consultations,2026-W24,week,region_2,sentinella_region,all,agegroup_ili_ari,all,935.1,44981.1,2529,62.25,1.11,rising,18,NA,NA,NA,NA,TRUE
consultations,2026-W24,week,region_3,sentinella_region,all,agegroup_ili_ari,all,1475.3,37660.4,2086,95.59,1.73,falling,28.4,NA,NA,NA,NA,TRUE
consultations,2026-W24,week,region_4,sentinella_region,all,agegroup_ili_ari,all,292,38760.6,1921,33.54,0.68,rising,5.6,NA,NA,NA,NA,TRUE
consultations,2026-W24,week,region_5,sentinella_region,all,agegroup_ili_ari,all,1405.3,55433.8,2907,52.31,1,rising,27.1,NA,NA,NA,NA,TRUE
consultations,2026-W24,week,region_6,sentinella_region,all,agegroup_ili_ari,all,440.8,14154.4,1082,77.71,1.02,falling,8.5,NA,NA,NA,NA,TRUE
consultations,2026-W25,week,CH,country,all,agegroup_ili_ari,all,5042.7,228059.7,13086,55.25,0.96,stagnant,100,NA,NA,NA,NA,TRUE
consultations,2026-W25,week,region_1,sentinella_region,all,agegroup_ili_ari,all,1249.9,40713.6,2535,63.86,1.03,rising,23.8,NA,NA,NA,NA,TRUE
consultations,2026-W25,week,region_2,sentinella_region,all,agegroup_ili_ari,all,1079.2,44541.5,2570,71.84,1.25,rising,20.6,NA,NA,NA,NA,TRUE
consultations,2026-W25,week,region_3,sentinella_region,all,agegroup_ili_ari,all,1389.7,35539.6,2020,90.04,1.58,falling,26.5,NA,NA,NA,NA,TRUE
consultations,2026-W25,week,region_4,sentinella_region,all,agegroup_ili_ari,all,136.4,38311.7,1938,15.66,0.31,rising,2.6,NA,NA,NA,NA,TRUE
consultations,2026-W25,week,region_5,sentinella_region,all,agegroup_ili_ari,all,961.2,55894.2,3002,35.78,0.67,rising,18.3,NA,NA,NA,NA,TRUE
consultations,2026-W25,week,region_6,sentinella_region,all,agegroup_ili_ari,all,434.3,13058.9,1021,76.58,0.98,falling,8.3,NA,NA,NA,NA,TRUE
consultations,2026-W26,week,CH,country,all,agegroup_ili_ari,all,4231.3,200597,11541,46.36,0.81,stagnant,100,NA,NA,NA,NA,TRUE
consultations,2026-W26,week,region_1,sentinella_region,all,agegroup_ili_ari,all,1020.7,34514.5,2171,52.15,0.83,falling,22.9,NA,NA,NA,NA,TRUE
consultations,2026-W26,week,region_2,sentinella_region,all,agegroup_ili_ari,all,536.9,39167.4,2273,35.74,0.62,stagnant,12.1,NA,NA,NA,NA,TRUE
consultations,2026-W26,week,region_3,sentinella_region,all,agegroup_ili_ari,all,1012.9,33520.9,1902,65.63,1.16,stagnant,22.7,NA,NA,NA,NA,TRUE
consultations,2026-W26,week,region_4,sentinella_region,all,agegroup_ili_ari,all,165.6,31545.2,1595,19.02,0.38,rising,3.7,NA,NA,NA,NA,TRUE
consultations,2026-W26,week,region_5,sentinella_region,all,agegroup_ili_ari,all,1116.7,50512.6,2715,41.57,0.77,rising,25.1,NA,NA,NA,NA,TRUE
consultations,2026-W26,week,region_6,sentinella_region,all,agegroup_ili_ari,all,600.4,11336.4,885,105.85,1.36,rising,13.5,NA,NA,NA,NA,TRUE
consultations,2026-W27,week,CH,country,all,agegroup_ili_ari,all,3186.3,206243.4,11602,34.91,0.62,falling,100,NA,NA,NA,NA,TRUE
consultations,2026-W27,week,region_1,sentinella_region,all,agegroup_ili_ari,all,668,32228.7,1996,34.13,0.55,falling,19.9,NA,NA,NA,NA,TRUE
consultations,2026-W27,week,region_2,sentinella_region,all,agegroup_ili_ari,all,366.7,36867,2083,24.41,0.43,falling,10.9,NA,NA,NA,NA,TRUE
consultations,2026-W27,week,region_3,sentinella_region,all,agegroup_ili_ari,all,760.4,34501,1931,49.27,0.88,falling,22.6,NA,NA,NA,NA,TRUE
consultations,2026-W27,week,region_4,sentinella_region,all,agegroup_ili_ari,all,156.1,39040.3,1961,17.93,0.36,stagnant,4.6,NA,NA,NA,NA,TRUE
consultations,2026-W27,week,region_5,sentinella_region,all,agegroup_ili_ari,all,1286,54311.1,2911,47.87,0.89,rising,38.3,NA,NA,NA,NA,TRUE
consultations,2026-W27,week,region_6,sentinella_region,all,agegroup_ili_ari,all,122.1,9295.3,720,21.52,0.28,stagnant,3.6,NA,NA,NA,NA,TRUE
consultations,2026-W28,week,CH,country,all,agegroup_ili_ari,all,2708,229209.2,11523,29.67,0.59,falling,100,NA,NA,NA,NA,TRUE
consultations,2026-W28,week,region_1,sentinella_region,all,agegroup_ili_ari,all,683.3,37233.8,2044,34.91,0.64,falling,23.1,NA,NA,NA,NA,TRUE
consultations,2026-W28,week,region_2,sentinella_region,all,agegroup_ili_ari,all,588.4,43403.8,2186,39.17,0.78,falling,19.9,NA,NA,NA,NA,TRUE
consultations,2026-W28,week,region_3,sentinella_region,all,agegroup_ili_ari,all,783.4,29548.1,1472,50.76,1.02,falling,26.5,NA,NA,NA,NA,TRUE
consultations,2026-W28,week,region_4,sentinella_region,all,agegroup_ili_ari,all,60.9,42831.4,1908,7,0.16,falling,2.1,NA,NA,NA,NA,TRUE
consultations,2026-W28,week,region_5,sentinella_region,all,agegroup_ili_ari,all,476,62084.7,2947,17.72,0.37,falling,16.1,NA,NA,NA,NA,TRUE
consultations,2026-W28,week,region_6,sentinella_region,all,agegroup_ili_ari,all,361.9,14107.3,966,63.8,0.93,falling,12.3,NA,NA,NA,NA,TRUE
consultations,2026-W29,week,CH,country,all,agegroup_ili_ari,all,2306.4,209763.7,9624,25.27,0.55,falling,100,NA,NA,NA,NA,TRUE
consultations,2026-W29,week,region_1,sentinella_region,all,agegroup_ili_ari,all,692.9,39552.3,1964,35.4,0.71,falling,28.8,NA,NA,NA,NA,TRUE
consultations,2026-W29,week,region_2,sentinella_region,all,agegroup_ili_ari,all,366.5,40978,1857,24.4,0.54,falling,15.2,NA,NA,NA,NA,TRUE
consultations,2026-W29,week,region_3,sentinella_region,all,agegroup_ili_ari,all,463.2,33319.1,1496,30.01,0.67,falling,19.3,NA,NA,NA,NA,TRUE
consultations,2026-W29,week,region_4,sentinella_region,all,agegroup_ili_ari,all,71,36815.8,1480,8.15,0.2,falling,3,NA,NA,NA,NA,TRUE
consultations,2026-W29,week,region_5,sentinella_region,all,agegroup_ili_ari,all,551,43876.2,1887,20.51,0.48,falling,22.9,NA,NA,NA,NA,TRUE
consultations,2026-W29,week,region_6,sentinella_region,all,agegroup_ili_ari,all,260.8,15222.2,940,45.99,0.74,falling,10.8,NA,NA,NA,NA,TRUE
consultations,2026-W30,week,CH,country,all,agegroup_ili_ari,all,1357.2,208424.2,8609,14.87,0.36,falling,100,NA,NA,NA,NA,TRUE
consultations,2026-W30,week,region_1,sentinella_region,all,agegroup_ili_ari,all,348.6,33690.2,1520,17.81,0.39,falling,21.9,NA,NA,NA,NA,TRUE
consultations,2026-W30,week,region_2,sentinella_region,all,agegroup_ili_ari,all,255.1,47116.2,1919,16.98,0.42,falling,16.1,NA,NA,NA,NA,TRUE
consultations,2026-W30,week,region_3,sentinella_region,all,agegroup_ili_ari,all,242,25511.5,1036,15.68,0.39,falling,15.2,NA,NA,NA,NA,TRUE
consultations,2026-W30,week,region_4,sentinella_region,all,agegroup_ili_ari,all,18.5,47118.5,1728,2.12,0.06,falling,1.2,NA,NA,NA,NA,TRUE
consultations,2026-W30,week,region_5,sentinella_region,all,agegroup_ili_ari,all,617.1,39189.3,1539,22.97,0.58,falling,38.8,NA,NA,NA,NA,TRUE
consultations,2026-W30,week,region_6,sentinella_region,all,agegroup_ili_ari,all,107.7,15798.5,867,18.99,0.35,falling,6.8,NA,NA,NA,NA,TRUE
consultations,2026-W31,week,CH,country,all,agegroup_ili_ari,all,2738.1,203312.5,7722,30,0.79,falling,100,NA,NA,NA,NA,TRUE
consultations,2026-W31,week,region_1,sentinella_region,all,agegroup_ili_ari,all,946.1,24826.5,1029,48.34,1.17,rising,33.6,NA,NA,NA,NA,TRUE
consultations,2026-W31,week,region_2,sentinella_region,all,agegroup_ili_ari,all,485.4,55701.7,2052,32.31,0.88,stagnant,17.3,NA,NA,NA,NA,TRUE
consultations,2026-W31,week,region_3,sentinella_region,all,agegroup_ili_ari,all,873.2,35348.7,1317,56.58,1.52,falling,31,NA,NA,NA,NA,TRUE
consultations,2026-W31,week,region_4,sentinella_region,all,agegroup_ili_ari,all,0,34956.1,1202,0,0,falling,0,NA,NA,NA,NA,TRUE
consultations,2026-W31,week,region_5,sentinella_region,all,agegroup_ili_ari,all,218.7,36859.1,1336,8.14,0.22,falling,7.8,NA,NA,NA,NA,TRUE
consultations,2026-W31,week,region_6,sentinella_region,all,agegroup_ili_ari,all,290.5,15620.4,786,51.22,1.02,stagnant,10.3,NA,NA,NA,NA,TRUE
consultations,2026-W32,week,CH,country,all,agegroup_ili_ari,all,2154.9,241465.2,9312,23.61,0.61,falling,100,NA,NA,NA,NA,TRUE
consultations,2026-W32,week,region_1,sentinella_region,all,agegroup_ili_ari,all,881.7,28855.5,1229,45.05,1.06,rising,37.4,NA,NA,NA,NA,TRUE
consultations,2026-W32,week,region_2,sentinella_region,all,agegroup_ili_ari,all,415.1,61533,2318,27.63,0.73,falling,17.6,NA,NA,NA,NA,TRUE
consultations,2026-W32,week,region_3,sentinella_region,all,agegroup_ili_ari,all,549.6,44931,1728,35.61,0.93,stagnant,23.3,NA,NA,NA,NA,TRUE
consultations,2026-W32,week,region_4,sentinella_region,all,agegroup_ili_ari,all,40.4,43103.7,1490,4.64,0.13,falling,1.7,NA,NA,NA,NA,TRUE
consultations,2026-W32,week,region_5,sentinella_region,all,agegroup_ili_ari,all,430.1,49971.1,1851,16.01,0.43,falling,18.2,NA,NA,NA,NA,TRUE
consultations,2026-W32,week,region_6,sentinella_region,all,agegroup_ili_ari,all,43.4,13070.9,696,7.65,0.14,falling,1.8,NA,NA,NA,NA,TRUE
consultations,2026-W33,week,CH,country,all,agegroup_ili_ari,all,2865.9,229306,11059,31.4,0.65,rising,100,NA,NA,NA,NA,TRUE
consultations,2026-W33,week,region_1,sentinella_region,all,agegroup_ili_ari,all,802.3,34158.3,1808,40.99,0.77,rising,26.3,NA,NA,NA,NA,TRUE
consultations,2026-W33,week,region_2,sentinella_region,all,agegroup_ili_ari,all,310.8,48342.9,2333,20.69,0.43,stagnant,10.2,NA,NA,NA,NA,TRUE
consultations,2026-W33,week,region_3,sentinella_region,all,agegroup_ili_ari,all,883.3,41933.5,2004,57.23,1.2,rising,29,NA,NA,NA,NA,TRUE
consultations,2026-W33,week,region_4,sentinella_region,all,agegroup_ili_ari,all,93.5,37233.3,1599,10.74,0.25,rising,3.1,NA,NA,NA,NA,TRUE
consultations,2026-W33,week,region_5,sentinella_region,all,agegroup_ili_ari,all,852.7,56715.2,2597,31.74,0.69,rising,28,NA,NA,NA,NA,TRUE
consultations,2026-W33,week,region_6,sentinella_region,all,agegroup_ili_ari,all,103.9,10922.7,718,18.31,0.28,falling,3.4,NA,NA,NA,NA,TRUE
consultations,2026-W34,week,CH,country,all,agegroup_ili_ari,all,3525.8,225237.9,12611,38.63,0.69,rising,100,NA,NA,NA,NA,TRUE
consultations,2026-W34,week,region_1,sentinella_region,all,agegroup_ili_ari,all,1292.5,36341.2,2227,66.04,1.08,rising,34,NA,NA,NA,NA,TRUE
consultations,2026-W34,week,region_2,sentinella_region,all,agegroup_ili_ari,all,388.8,42504.4,2380,25.88,0.46,stagnant,10.2,NA,NA,NA,NA,TRUE
consultations,2026-W34,week,region_3,sentinella_region,all,agegroup_ili_ari,all,927.3,39943.5,2211,60.08,1.09,rising,24.4,NA,NA,NA,NA,TRUE
consultations,2026-W34,week,region_4,sentinella_region,all,agegroup_ili_ari,all,134.5,38847.5,1928,15.45,0.31,rising,3.5,NA,NA,NA,NA,TRUE
consultations,2026-W34,week,region_5,sentinella_region,all,agegroup_ili_ari,all,832.5,54858,2894,30.99,0.59,rising,21.9,NA,NA,NA,NA,TRUE
consultations,2026-W34,week,region_6,sentinella_region,all,agegroup_ili_ari,all,222.6,12743.3,971,39.24,0.51,stagnant,5.9,NA,NA,NA,NA,TRUE
consultations,2026-W35,week,CH,country,all,agegroup_ili_ari,all,4421.2,208488.6,12016,48.44,0.84,rising,100,NA,NA,NA,NA,TRUE
consultations,2026-W35,week,region_1,sentinella_region,all,agegroup_ili_ari,all,2386.6,35261.9,2211,121.94,1.94,rising,49.1,NA,NA,NA,NA,TRUE
consultations,2026-W35,week,region_2,sentinella_region,all,agegroup_ili_ari,all,556.1,40517.1,2328,37.02,0.64,stagnant,11.4,NA,NA,NA,NA,TRUE
consultations,2026-W35,week,region_3,sentinella_region,all,agegroup_ili_ari,all,834.7,38829.4,2203,54.08,0.95,rising,17.2,NA,NA,NA,NA,TRUE
consultations,2026-W35,week,region_4,sentinella_region,all,agegroup_ili_ari,all,52,33478.6,1692,5.97,0.12,rising,1.1,NA,NA,NA,NA,TRUE
consultations,2026-W35,week,region_5,sentinella_region,all,agegroup_ili_ari,all,681.8,47289.3,2557,25.38,0.47,rising,14,NA,NA,NA,NA,TRUE
consultations,2026-W35,week,region_6,sentinella_region,all,agegroup_ili_ari,all,346,13112.3,1025,61.01,0.78,rising,7.1,NA,NA,NA,NA,TRUE
consultations,2026-W36,week,CH,country,all,agegroup_ili_ari,all,4764.4,222203.5,12560,52.2,0.92,rising,100,NA,NA,NA,NA,TRUE
consultations,2026-W36,week,region_1,sentinella_region,all,agegroup_ili_ari,all,1798.9,35903.3,2212,91.91,1.49,rising,34.6,NA,NA,NA,NA,TRUE
consultations,2026-W36,week,region_2,sentinella_region,all,agegroup_ili_ari,all,642.2,39761.5,2236,42.75,0.76,rising,12.4,NA,NA,NA,NA,TRUE
consultations,2026-W36,week,region_3,sentinella_region,all,agegroup_ili_ari,all,1364.8,37315.8,2074,88.43,1.59,rising,26.3,NA,NA,NA,NA,TRUE
consultations,2026-W36,week,region_4,sentinella_region,all,agegroup_ili_ari,all,111,39203.6,1953,12.75,0.26,rising,2.1,NA,NA,NA,NA,TRUE
consultations,2026-W36,week,region_5,sentinella_region,all,agegroup_ili_ari,all,991,54218.5,2873,36.89,0.7,rising,19.1,NA,NA,NA,NA,TRUE
consultations,2026-W36,week,region_6,sentinella_region,all,agegroup_ili_ari,all,287.2,15800.9,1212,50.63,0.66,rising,5.5,NA,NA,NA,NA,TRUE
consultations,2026-W37,week,CH,country,all,agegroup_ili_ari,all,6241.1,204739.1,11481,68.38,1.22,rising,100,NA,NA,NA,NA,TRUE
consultations,2026-W37,week,region_1,sentinella_region,all,agegroup_ili_ari,all,1802.6,35830.7,2182,92.1,1.51,rising,27.4,NA,NA,NA,NA,TRUE
consultations,2026-W37,week,region_2,sentinella_region,all,agegroup_ili_ari,all,388.5,38670.5,2160,25.86,0.46,rising,5.9,NA,NA,NA,NA,TRUE
consultations,2026-W37,week,region_3,sentinella_region,all,agegroup_ili_ari,all,2212.3,33487.9,1847,143.34,2.6,rising,33.6,NA,NA,NA,NA,TRUE
consultations,2026-W37,week,region_4,sentinella_region,all,agegroup_ili_ari,all,307,31194.6,1536,35.26,0.72,rising,4.7,NA,NA,NA,NA,TRUE
consultations,2026-W37,week,region_5,sentinella_region,all,agegroup_ili_ari,all,1499,51968.6,2725,55.8,1.06,rising,22.8,NA,NA,NA,NA,TRUE
consultations,2026-W37,week,region_6,sentinella_region,all,agegroup_ili_ari,all,375.7,13586.8,1031,66.24,0.87,rising,5.7,NA,NA,NA,NA,TRUE
consultations,2026-W38,week,CH,country,all,agegroup_ili_ari,all,7884.9,222249.5,12673,86.39,1.52,rising,100,NA,NA,NA,NA,TRUE
consultations,2026-W38,week,region_1,sentinella_region,all,agegroup_ili_ari,all,2283.3,40286.8,2504,116.66,1.88,rising,27.3,NA,NA,NA,NA,TRUE
consultations,2026-W38,week,region_2,sentinella_region,all,agegroup_ili_ari,all,860.9,41876.5,2387,57.31,1.01,rising,10.3,NA,NA,NA,NA,TRUE
consultations,2026-W38,week,region_3,sentinella_region,all,agegroup_ili_ari,all,2289.3,36406,2048,148.33,2.64,rising,27.4,NA,NA,NA,NA,TRUE
consultations,2026-W38,week,region_4,sentinella_region,all,agegroup_ili_ari,all,282.8,36944,1858,32.48,0.65,rising,3.4,NA,NA,NA,NA,TRUE
consultations,2026-W38,week,region_5,sentinella_region,all,agegroup_ili_ari,all,1939.9,54011.1,2889,72.21,1.35,rising,23.2,NA,NA,NA,NA,TRUE
consultations,2026-W38,week,region_6,sentinella_region,all,agegroup_ili_ari,all,713.2,12725,987,125.74,1.62,rising,8.5,NA,NA,NA,NA,TRUE
consultations,2026-W39,week,CH,country,all,agegroup_ili_ari,all,7777.2,203028.4,11172,85.21,1.55,rising,100,NA,NA,NA,NA,TRUE
consultations,2026-W39,week,region_1,sentinella_region,all,agegroup_ili_ari,all,2301.1,32322.3,1952,117.57,1.95,rising,27.5,NA,NA,NA,NA,TRUE
consultations,2026-W39,week,region_2,sentinella_region,all,agegroup_ili_ari,all,1053.7,29941.1,1644,70.14,1.28,rising,12.6,NA,NA,NA,NA,TRUE
consultations,2026-W39,week,region_3,sentinella_region,all,agegroup_ili_ari,all,1819.6,37318.4,2031,117.9,2.17,rising,21.7,NA,NA,NA,NA,TRUE
consultations,2026-W39,week,region_4,sentinella_region,all,agegroup_ili_ari,all,247.3,38726.2,1894,28.4,0.58,rising,3,NA,NA,NA,NA,TRUE
consultations,2026-W39,week,region_5,sentinella_region,all,agegroup_ili_ari,all,2360.3,52353.5,2726,87.86,1.69,rising,28.2,NA,NA,NA,NA,TRUE
consultations,2026-W39,week,region_6,sentinella_region,all,agegroup_ili_ari,all,596.2,12367,925,105.12,1.41,rising,7.1,NA,NA,NA,NA,TRUE
consultations,2026-W40,week,CH,country,all,agegroup_ili_ari,all,8361.4,167020.3,8591,91.61,1.78,rising,100,NA,NA,NA,NA,TRUE
consultations,2026-W40,week,region_1,sentinella_region,all,agegroup_ili_ari,all,2992.2,34012.7,1897,152.88,2.74,rising,30,NA,NA,NA,NA,TRUE
consultations,2026-W40,week,region_2,sentinella_region,all,agegroup_ili_ari,all,1376.6,32735.1,1676,91.64,1.79,rising,13.8,NA,NA,NA,NA,TRUE
consultations,2026-W40,week,region_3,sentinella_region,all,agegroup_ili_ari,all,3607,13264.1,678,233.71,4.57,rising,36.2,NA,NA,NA,NA,TRUE
consultations,2026-W40,week,region_4,sentinella_region,all,agegroup_ili_ari,all,151.9,28649.9,1287,17.45,0.39,stagnant,1.5,NA,NA,NA,NA,TRUE
consultations,2026-W40,week,region_5,sentinella_region,all,agegroup_ili_ari,all,921.4,46647.9,2239,34.3,0.71,rising,9.2,NA,NA,NA,NA,TRUE
consultations,2026-W40,week,region_6,sentinella_region,all,agegroup_ili_ari,all,920.3,11710.7,814,162.25,2.33,rising,9.2,NA,NA,NA,NA,TRUE
consultations,2020-W10,week,CH,country,0 - 4,agegroup_ili_ari,all,NA,11100.8,1125.2,NA,NA,NA,NA,NA,NA,NA,NA,TRUE
consultations,2020-W10,week,CH,country,15 - 29,agegroup_ili_ari,all,NA,29265.4,1383.2,NA,NA,NA,NA,NA,NA,NA,NA,TRUE
consultations,2020-W10,week,CH,country,30 - 64,agegroup_ili_ari,all,NA,81953.2,4780.7,NA,NA,NA,NA,NA,NA,NA,NA,TRUE
consultations,2020-W10,week,CH,country,5 - 14,agegroup_ili_ari,all,NA,21203.7,1214,NA,NA,NA,NA,NA,NA,NA,NA,TRUE
consultations,2020-W10,week,CH,country,65+,agegroup_ili_ari,all,NA,31023.3,3824.9,NA,NA,NA,NA,NA,NA,NA,NA,TRUE
consultations,2020-W11,week,CH,country,0 - 4,agegroup_ili_ari,all,NA,11773.3,1178,NA,NA,NA,NA,NA,NA,NA,NA,TRUE
consultations,2020-W11,week,CH,country,15 - 29,agegroup_ili_ari,all,NA,30551.8,1473.7,NA,NA,NA,NA,NA,NA,NA,NA,TRUE
consultations,2020-W11,week,CH,country,30 - 64,agegroup_ili_ari,all,NA,85979,5088.5,NA,NA,NA,NA,NA,NA,NA,NA,TRUE
consultations,2020-W11,week,CH,country,5 - 14,agegroup_ili_ari,all,NA,22418.2,1276.4,NA,NA,NA,NA,NA,NA,NA,NA,TRUE
consultations,2020-W11,week,CH,country,65+,agegroup_ili_ari,all,NA,32702.1,4107.3,NA,NA,NA,NA,NA,NA,NA,NA,TRUE
consultations,2020-W12,week,CH,country,0 - 4,agegroup_ili_ari,all,NA,8397.1,814.7,NA,NA,NA,NA,NA,NA,NA,NA,TRUE
consultations,2020-W12,week,CH,country,15 - 29,agegroup_ili_ari,all,NA,24535.7,1174.9,NA,NA,NA,NA,NA,NA,NA,NA,TRUE
consultations,2020-W12,week,CH,country,30 - 64,agegroup_ili_ari,all,NA,70380.7,4144.5,NA,NA,NA,NA,NA,NA,NA,NA,TRUE
consultations,2020-W12,week,CH,country,5 - 14,agegroup_ili_ari,all,NA,16025,877.3,NA,NA,NA,NA,NA,NA,NA,NA,TRUE
consultations,2020-W12,week,CH,country,65+,agegroup_ili_ari,all,NA,26609.9,3310.6,NA,NA,NA,NA,NA,NA,NA,NA,TRUE
consultations,2020-W13,week,CH,country,0 - 4,agegroup_ili_ari,all,994.6,6620.6,624.3,226.56,2.4,NA,3.7,NA,NA,NA,NA,TRUE
consultations,2020-W13,week,CH,country,15 - 29,agegroup_ili_ari,all,4216.8,20492.2,939.6,287.91,6.28,NA,15.7,NA,NA,NA,NA,TRUE
consultations,2020-W13,week,CH,country,30 - 64,agegroup_ili_ari,all,17263.6,59721.4,3359.6,401.87,7.14,NA,64.2,NA,NA,NA,NA,TRUE
consultations,2020-W13,week,CH,country,5 - 14,agegroup_ili_ari,all,752,12769,691.5,86.15,1.59,NA,2.8,NA,NA,NA,NA,TRUE
consultations,2020-W13,week,CH,country,65+,agegroup_ili_ari,all,3678.4,22696.3,2697.9,224.71,1.89,NA,13.7,NA,NA,NA,NA,TRUE
consultations,2020-W14,week,CH,country,0 - 4,agegroup_ili_ari,all,232.8,7543.9,590.7,53.02,0.68,NA,1,NA,NA,NA,NA,TRUE
consultations,2020-W14,week,CH,country,15 - 29,agegroup_ili_ari,all,3423.4,20535.7,876.5,233.74,5.48,NA,14.4,NA,NA,NA,NA,TRUE
consultations,2020-W14,week,CH,country,30 - 64,agegroup_ili_ari,all,15723.6,58194.1,3108.9,366.02,6.85,NA,66.2,NA,NA,NA,NA,TRUE
consultations,2020-W14,week,CH,country,5 - 14,agegroup_ili_ari,all,668.7,14360.6,657.1,76.6,1.67,NA,2.8,NA,NA,NA,NA,TRUE
consultations,2020-W14,week,CH,country,65+,agegroup_ili_ari,all,3716.2,22024.3,2483.8,227.02,2.01,NA,15.6,NA,NA,NA,NA,TRUE
consultations,2020-W15,week,CH,country,0 - 4,agegroup_ili_ari,all,161.3,8168.3,518.6,36.73,0.58,NA,1.5,NA,NA,NA,NA,TRUE
consultations,2020-W15,week,CH,country,15 - 29,agegroup_ili_ari,all,1320.8,22177.3,773.3,90.18,2.59,NA,12.7,NA,NA,NA,NA,TRUE
consultations,2020-W15,week,CH,country,30 - 64,agegroup_ili_ari,all,6950.6,63039.4,2765.1,161.8,3.69,NA,66.7,NA,NA,NA,NA,TRUE
consultations,2020-W15,week,CH,country,5 - 14,agegroup_ili_ari,all,0,15469,566.4,0,0,NA,0,NA,NA,NA,NA,TRUE
consultations,2020-W15,week,CH,country,65+,agegroup_ili_ari,all,1991,23841.9,2199.6,121.63,1.32,NA,19.1,NA,NA,NA,NA,TRUE
consultations,2020-W16,week,CH,country,0 - 4,agegroup_ili_ari,all,58.4,7520.4,438.2,13.3,0.23,NA,0.9,NA,NA,NA,NA,TRUE
consultations,2020-W16,week,CH,country,15 - 29,agegroup_ili_ari,all,951,21562.2,712.2,64.93,1.97,NA,15.3,NA,NA,NA,NA,TRUE
consultations,2020-W16,week,CH,country,30 - 64,agegroup_ili_ari,all,4331.1,62487.4,2599.1,100.82,2.42,NA,69.5,NA,NA,NA,NA,TRUE
consultations,2020-W16,week,CH,country,5 - 14,agegroup_ili_ari,all,60.7,14393.9,490.2,6.95,0.2,NA,1,NA,NA,NA,NA,TRUE
consultations,2020-W16,week,CH,country,65+,agegroup_ili_ari,all,831.2,23633.6,2062.4,50.78,0.58,NA,13.3,NA,NA,NA,NA,TRUE
consultations,2020-W17,week,CH,country,0 - 4,agegroup_ili_ari,all,154.4,8533.6,713.1,35.16,0.42,NA,1.9,NA,NA,NA,NA,TRUE
consultations,2020-W17,week,CH,country,15 - 29,agegroup_ili_ari,all,1751.8,24245.9,973.1,119.61,2.98,NA,21.7,NA,NA,NA,NA,TRUE
consultations,2020-W17,week,CH,country,30 - 64,agegroup_ili_ari,all,4141.6,69497,3446.2,96.41,1.94,NA,51.4,NA,NA,NA,NA,TRUE
consultations,2020-W17,week,CH,country,5 - 14,agegroup_ili_ari,all,268,16286.1,757.1,30.7,0.66,NA,3.3,NA,NA,NA,NA,TRUE
consultations,2020-W17,week,CH,country,65+,agegroup_ili_ari,all,1739.3,26353.8,2776.6,106.25,1.01,NA,21.6,NA,NA,NA,NA,TRUE
consultations,2020-W18,week,CH,country,0 - 4,agegroup_ili_ari,all,440.2,7978.2,677.8,100.27,1.18,NA,7.9,NA,NA,NA,NA,TRUE
consultations,2020-W18,week,CH,country,15 - 29,agegroup_ili_ari,all,916.3,23978.2,980.4,62.56,1.53,NA,16.4,NA,NA,NA,NA,TRUE
consultations,2020-W18,week,CH,country,30 - 64,agegroup_ili_ari,all,2851.1,69306,3522,66.37,1.31,NA,51,NA,NA,NA,NA,TRUE
consultations,2020-W18,week,CH,country,5 - 14,agegroup_ili_ari,all,510.6,15387.5,737.6,58.49,1.22,NA,9.1,NA,NA,NA,NA,TRUE
consultations,2020-W18,week,CH,country,65+,agegroup_ili_ari,all,874.3,26210.8,2818.3,53.41,0.5,NA,15.6,NA,NA,NA,NA,TRUE
consultations,2020-W19,week,CH,country,0 - 4,agegroup_ili_ari,all,391.7,8965.5,770.8,89.23,1.04,NA,7.9,NA,NA,NA,NA,TRUE
consultations,2020-W19,week,CH,country,15 - 29,agegroup_ili_ari,all,741.5,27653.3,1165,50.63,1.2,NA,15,NA,NA,NA,NA,TRUE
consultations,2020-W19,week,CH,country,30 - 64,agegroup_ili_ari,all,2675.9,80265.7,4236.5,62.29,1.18,NA,54.1,NA,NA,NA,NA,TRUE
consultations,2020-W19,week,CH,country,5 - 14,agegroup_ili_ari,all,650,17459.9,843.6,74.46,1.54,NA,13.2,NA,NA,NA,NA,TRUE
consultations,2020-W19,week,CH,country,65+,agegroup_ili_ari,all,483.1,30501.6,3413.1,29.51,0.26,NA,9.8,NA,NA,NA,NA,TRUE
consultations,2020-W20,week,CH,country,0 - 4,agegroup_ili_ari,all,333.3,9221.3,786.6,75.91,0.89,NA,5.4,NA,NA,NA,NA,TRUE
consultations,2020-W20,week,CH,country,15 - 29,agegroup_ili_ari,all,1150.6,29278.5,1215.3,78.56,1.89,NA,18.7,NA,NA,NA,NA,TRUE
consultations,2020-W20,week,CH,country,30 - 64,agegroup_ili_ari,all,3125.2,85221.8,4411.2,72.75,1.41,NA,50.9,NA,NA,NA,NA,TRUE
consultations,2020-W20,week,CH,country,5 - 14,agegroup_ili_ari,all,825.9,17968.1,878.3,94.61,1.94,NA,13.4,NA,NA,NA,NA,TRUE
consultations,2020-W20,week,CH,country,65+,agegroup_ili_ari,all,709.1,32320.2,3545.7,43.32,0.39,NA,11.5,NA,NA,NA,NA,TRUE
consultations,2020-W21,week,CH,country,0 - 4,agegroup_ili_ari,all,1223.5,8252.9,649.4,278.69,3.54,NA,22.2,NA,NA,NA,NA,TRUE
consultations,2020-W21,week,CH,country,15 - 29,agegroup_ili_ari,all,765,24891.2,932.4,52.23,1.39,NA,13.9,NA,NA,NA,NA,TRUE
consultations,2020-W21,week,CH,country,30 - 64,agegroup_ili_ari,all,2211.5,71876.9,3316.9,51.48,1.12,NA,40.1,NA,NA,NA,NA,TRUE
consultations,2020-W21,week,CH,country,5 - 14,agegroup_ili_ari,all,770.9,15853,716.1,88.31,1.96,NA,14,NA,NA,NA,NA,TRUE
consultations,2020-W21,week,CH,country,65+,agegroup_ili_ari,all,539.7,27298,2673.2,32.97,0.34,NA,9.8,NA,NA,NA,NA,TRUE
consultations,2020-W22,week,CH,country,0 - 4,agegroup_ili_ari,all,703.2,11237.4,951,160.18,1.89,NA,11.8,NA,NA,NA,NA,TRUE
consultations,2020-W22,week,CH,country,15 - 29,agegroup_ili_ari,all,1230.1,32146,1334.2,83.99,2.02,NA,20.7,NA,NA,NA,NA,TRUE
consultations,2020-W22,week,CH,country,30 - 64,agegroup_ili_ari,all,1728.2,91978.8,4733.5,40.23,0.78,NA,29.1,NA,NA,NA,NA,TRUE
consultations,2020-W22,week,CH,country,5 - 14,agegroup_ili_ari,all,1858.7,21604.2,1047.5,212.92,4.39,NA,31.3,NA,NA,NA,NA,TRUE
consultations,2020-W22,week,CH,country,65+,agegroup_ili_ari,all,422.2,34899.3,3804.8,25.79,0.24,NA,7.1,NA,NA,NA,NA,TRUE
consultations,2020-W23,week,CH,country,0 - 4,agegroup_ili_ari,all,871.1,10079.3,820.4,198.43,2.44,NA,12.4,NA,NA,NA,NA,TRUE
consultations,2020-W23,week,CH,country,15 - 29,agegroup_ili_ari,all,1152.4,27960.4,1132.7,78.68,1.94,NA,16.4,NA,NA,NA,NA,TRUE
consultations,2020-W23,week,CH,country,30 - 64,agegroup_ili_ari,all,1839.5,79398.7,3990.2,42.82,0.85,NA,26.1,NA,NA,NA,NA,TRUE
consultations,2020-W23,week,CH,country,5 - 14,agegroup_ili_ari,all,2747.8,19378.9,897.3,314.77,6.8,NA,39,NA,NA,NA,NA,TRUE
consultations,2020-W23,week,CH,country,65+,agegroup_ili_ari,all,434.6,30126.2,3209.3,26.55,0.25,NA,6.2,NA,NA,NA,NA,TRUE
consultations,2020-W24,week,CH,country,0 - 4,agegroup_ili_ari,all,1348.8,11066.6,939.2,307.23,3.62,NA,13.1,NA,NA,NA,NA,TRUE
consultations,2020-W24,week,CH,country,15 - 29,agegroup_ili_ari,all,1369.9,32075.2,1370.7,93.53,2.19,NA,13.3,NA,NA,NA,NA,TRUE
consultations,2020-W24,week,CH,country,30 - 64,agegroup_ili_ari,all,2063.7,91585.8,4879.9,48.04,0.9,NA,20.1,NA,NA,NA,NA,TRUE
consultations,2020-W24,week,CH,country,5 - 14,agegroup_ili_ari,all,5030.4,21345,1036.2,576.25,11.87,NA,48.9,NA,NA,NA,NA,TRUE
consultations,2020-W24,week,CH,country,65+,agegroup_ili_ari,all,473.2,34596,3899,28.91,0.26,NA,4.6,NA,NA,NA,NA,TRUE
consultations,2020-W25,week,CH,country,0 - 4,agegroup_ili_ari,all,1410.9,12135.7,1077.7,321.37,3.62,NA,10.4,NA,NA,NA,NA,TRUE
consultations,2020-W25,week,CH,country,15 - 29,agegroup_ili_ari,all,2263,32360.5,1414.6,154.51,3.53,NA,16.7,NA,NA,NA,NA,TRUE
consultations,2020-W25,week,CH,country,30 - 64,agegroup_ili_ari,all,4685.5,90763.7,4938.5,109.07,2,NA,34.7,NA,NA,NA,NA,TRUE
consultations,2020-W25,week,CH,country,5 - 14,agegroup_ili_ari,all,4638.2,23337.9,1187.1,531.32,10.45,NA,34.3,NA,NA,NA,NA,TRUE
consultations,2020-W25,week,CH,country,65+,agegroup_ili_ari,all,524,34363.6,3958,32.01,0.28,NA,3.9,NA,NA,NA,NA,TRUE
consultations,2020-W26,week,CH,country,0 - 4,agegroup_ili_ari,all,904.9,11158,1000.5,206.13,2.3,NA,6.6,NA,NA,NA,NA,TRUE
consultations,2020-W26,week,CH,country,15 - 29,agegroup_ili_ari,all,2684.6,32188.5,1414.3,183.3,4.17,NA,19.4,NA,NA,NA,NA,TRUE
consultations,2020-W26,week,CH,country,30 - 64,agegroup_ili_ari,all,5414,92045.2,5017.6,126.03,2.31,NA,39.2,NA,NA,NA,NA,TRUE
consultations,2020-W26,week,CH,country,5 - 14,agegroup_ili_ari,all,3721.2,21581.8,1104.8,426.28,8.33,NA,27,NA,NA,NA,NA,TRUE
consultations,2020-W26,week,CH,country,65+,agegroup_ili_ari,all,1077.9,34926.9,4030.9,65.85,0.57,NA,7.8,NA,NA,NA,NA,TRUE
consultations,2020-W27,week,CH,country,0 - 4,agegroup_ili_ari,all,998.3,10993.8,878.2,227.4,2.85,NA,5.9,NA,NA,NA,NA,TRUE
consultations,2020-W27,week,CH,country,15 - 29,agegroup_ili_ari,all,4619.8,31069,1344.3,315.43,7.29,NA,27.1,NA,NA,NA,NA,TRUE
consultations,2020-W27,week,CH,country,30 - 64,agegroup_ili_ari,all,7524.6,88490.8,4810.2,175.16,3.22,NA,44.1,NA,NA,NA,NA,TRUE
consultations,2020-W27,week,CH,country,5 - 14,agegroup_ili_ari,all,3269.2,21094.9,970.2,374.5,8.14,NA,19.2,NA,NA,NA,NA,TRUE
consultations,2020-W27,week,CH,country,65+,agegroup_ili_ari,all,638.7,33315.2,3823.1,39.02,0.34,NA,3.7,NA,NA,NA,NA,TRUE
consultations,2020-W28,week,CH,country,0 - 4,agegroup_ili_ari,all,1251.1,11229,831.5,284.98,3.85,NA,10.4,NA,NA,NA,NA,TRUE
consultations,2020-W28,week,CH,country,15 - 29,agegroup_ili_ari,all,3482.7,31119.8,1195.6,237.79,6.19,NA,28.9,NA,NA,NA,NA,TRUE
consultations,2020-W28,week,CH,country,30 - 64,agegroup_ili_ari,all,5105.6,88344.8,4243.6,118.85,2.47,NA,42.3,NA,NA,NA,NA,TRUE
consultations,2020-W28,week,CH,country,5 - 14,agegroup_ili_ari,all,1530.5,21674.3,925.2,175.32,4.11,NA,12.7,NA,NA,NA,NA,TRUE
consultations,2020-W28,week,CH,country,65+,agegroup_ili_ari,all,687.5,33334.7,3386.1,42,0.41,NA,5.7,NA,NA,NA,NA,TRUE
consultations,2020-W29,week,CH,country,0 - 4,agegroup_ili_ari,all,1022.2,10308,660.8,232.83,3.63,NA,12.2,NA,NA,NA,NA,TRUE
consultations,2020-W29,week,CH,country,15 - 29,agegroup_ili_ari,all,1860.8,29908.5,1038.6,127.05,3.66,NA,22.2,NA,NA,NA,NA,TRUE
consultations,2020-W29,week,CH,country,30 - 64,agegroup_ili_ari,all,3919.1,85502.8,3760.6,91.23,2.07,NA,46.8,NA,NA,NA,NA,TRUE
consultations,2020-W29,week,CH,country,5 - 14,agegroup_ili_ari,all,1056.2,19836.2,731.8,120.99,3.28,NA,12.6,NA,NA,NA,NA,TRUE
consultations,2020-W29,week,CH,country,65+,agegroup_ili_ari,all,508.6,32187.8,2986.2,31.07,0.33,NA,6.1,NA,NA,NA,NA,TRUE
consultations,2020-W30,week,CH,country,0 - 4,agegroup_ili_ari,all,399.8,9883.8,518.4,91.06,1.74,NA,7.1,NA,NA,NA,NA,TRUE
consultations,2020-W30,week,CH,country,15 - 29,agegroup_ili_ari,all,1195.7,28173.5,894.8,81.64,2.57,NA,21.3,NA,NA,NA,NA,TRUE
consultations,2020-W30,week,CH,country,30 - 64,agegroup_ili_ari,all,3174.2,81197.9,3320.6,73.89,1.81,NA,56.5,NA,NA,NA,NA,TRUE
consultations,2020-W30,week,CH,country,5 - 14,agegroup_ili_ari,all,272.8,19199.1,589.7,31.25,1.02,NA,4.9,NA,NA,NA,NA,TRUE
consultations,2020-W30,week,CH,country,65+,agegroup_ili_ari,all,579.2,31090.3,2695.5,35.38,0.41,NA,10.3,NA,NA,NA,NA,TRUE
consultations,2020-W31,week,CH,country,0 - 4,agegroup_ili_ari,all,251.1,12238.2,571.7,57.2,1.22,NA,5.1,NA,NA,NA,NA,TRUE
consultations,2020-W31,week,CH,country,15 - 29,agegroup_ili_ari,all,989.2,32573.9,942.3,67.54,2.33,NA,20,NA,NA,NA,NA,TRUE
consultations,2020-W31,week,CH,country,30 - 64,agegroup_ili_ari,all,2751,93685.8,3533.3,64.04,1.7,NA,55.5,NA,NA,NA,NA,TRUE
consultations,2020-W31,week,CH,country,5 - 14,agegroup_ili_ari,all,551.4,23746.4,638.5,63.17,2.35,NA,11.1,NA,NA,NA,NA,TRUE
consultations,2020-W31,week,CH,country,65+,agegroup_ili_ari,all,409.9,35948.3,2869.2,25.04,0.31,NA,8.3,NA,NA,NA,NA,TRUE
consultations,2020-W32,week,CH,country,0 - 4,agegroup_ili_ari,all,113,11655.4,541.1,25.74,0.55,NA,2.6,NA,NA,NA,NA,TRUE
consultations,2020-W32,week,CH,country,15 - 29,agegroup_ili_ari,all,1355.1,31345.2,927.9,92.52,3.13,NA,31.2,NA,NA,NA,NA,TRUE
consultations,2020-W32,week,CH,country,30 - 64,agegroup_ili_ari,all,2239.8,90136.2,3431.1,52.14,1.37,NA,51.6,NA,NA,NA,NA,TRUE
consultations,2020-W32,week,CH,country,5 - 14,agegroup_ili_ari,all,157,22243.3,598.6,17.98,0.67,NA,3.6,NA,NA,NA,NA,TRUE
consultations,2020-W32,week,CH,country,65+,agegroup_ili_ari,all,477.8,34263.5,2756.3,29.19,0.36,NA,11,NA,NA,NA,NA,TRUE
consultations,2020-W33,week,CH,country,0 - 4,agegroup_ili_ari,all,654.4,10063.2,682.5,149.06,2.2,NA,9.9,NA,NA,NA,NA,TRUE
consultations,2020-W33,week,CH,country,15 - 29,agegroup_ili_ari,all,1544.1,28454.1,1053.2,105.43,2.85,NA,23.4,NA,NA,NA,NA,TRUE
consultations,2020-W33,week,CH,country,30 - 64,agegroup_ili_ari,all,2790.1,81595.2,3783,64.95,1.4,NA,42.3,NA,NA,NA,NA,TRUE
consultations,2020-W33,week,CH,country,5 - 14,agegroup_ili_ari,all,961.3,19070.7,729,110.12,2.88,NA,14.6,NA,NA,NA,NA,TRUE
consultations,2020-W33,week,CH,country,65+,agegroup_ili_ari,all,638.7,30750.5,3017.3,39.02,0.4,NA,9.7,NA,NA,NA,NA,TRUE
consultations,2020-W34,week,CH,country,0 - 4,agegroup_ili_ari,all,517.8,11021.2,896,117.95,1.45,NA,4.2,NA,NA,NA,NA,TRUE
consultations,2020-W34,week,CH,country,15 - 29,agegroup_ili_ari,all,2873.6,29561.1,1258.8,196.2,4.61,NA,23.2,NA,NA,NA,NA,TRUE
consultations,2020-W34,week,CH,country,30 - 64,agegroup_ili_ari,all,5155.8,83320.5,4479.8,120.02,2.23,NA,41.7,NA,NA,NA,NA,TRUE
consultations,2020-W34,week,CH,country,5 - 14,agegroup_ili_ari,all,2936.4,21107.2,970.5,336.38,7.32,NA,23.7,NA,NA,NA,NA,TRUE
consultations,2020-W34,week,CH,country,65+,agegroup_ili_ari,all,882.3,31539.3,3601,53.9,0.47,NA,7.1,NA,NA,NA,NA,TRUE
consultations,2020-W35,week,CH,country,0 - 4,agegroup_ili_ari,all,795.5,10485.5,882,181.2,2.15,NA,5.1,NA,NA,NA,NA,TRUE
consultations,2020-W35,week,CH,country,15 - 29,agegroup_ili_ari,all,3710.3,29605.1,1293.2,253.33,5.8,NA,23.6,NA,NA,NA,NA,TRUE
consultations,2020-W35,week,CH,country,30 - 64,agegroup_ili_ari,all,6483.3,84152.5,4625.1,150.92,2.75,NA,41.3,NA,NA,NA,NA,TRUE
consultations,2020-W35,week,CH,country,5 - 14,agegroup_ili_ari,all,3286.7,20185.2,967,376.51,7.86,NA,20.9,NA,NA,NA,NA,TRUE
consultations,2020-W35,week,CH,country,65+,agegroup_ili_ari,all,1434.5,31952.4,3739.7,87.63,0.75,NA,9.1,NA,NA,NA,NA,TRUE
consultations,2020-W36,week,CH,country,0 - 4,agegroup_ili_ari,all,805.6,11443.9,928.1,183.5,2.26,NA,4.5,NA,NA,NA,NA,TRUE
consultations,2020-W36,week,CH,country,15 - 29,agegroup_ili_ari,all,4844.6,29929.1,1285.4,330.78,7.7,NA,27.3,NA,NA,NA,NA,TRUE
consultations,2020-W36,week,CH,country,30 - 64,agegroup_ili_ari,all,7659.5,84130.2,4541.5,178.3,3.3,NA,43.2,NA,NA,NA,NA,TRUE
consultations,2020-W36,week,CH,country,5 - 14,agegroup_ili_ari,all,3055.7,21997.2,1032.5,350.04,7.46,NA,17.2,NA,NA,NA,NA,TRUE
consultations,2020-W36,week,CH,country,65+,agegroup_ili_ari,all,1383.9,31939.4,3655.5,84.54,0.74,NA,7.8,NA,NA,NA,NA,TRUE
consultations,2020-W37,week,CH,country,0 - 4,agegroup_ili_ari,all,861.3,12233.8,1020.5,196.18,2.35,NA,4.3,NA,NA,NA,NA,TRUE
consultations,2020-W37,week,CH,country,15 - 29,agegroup_ili_ari,all,5834.6,30624.9,1310.3,398.37,9.31,NA,29,NA,NA,NA,NA,TRUE
consultations,2020-W37,week,CH,country,30 - 64,agegroup_ili_ari,all,7465.7,85160,4562.6,173.79,3.24,NA,37.1,NA,NA,NA,NA,TRUE
consultations,2020-W37,week,CH,country,5 - 14,agegroup_ili_ari,all,4523.5,23350.7,1115.3,518.19,10.85,NA,22.5,NA,NA,NA,NA,TRUE
consultations,2020-W37,week,CH,country,65+,agegroup_ili_ari,all,1416.1,32368,3678.3,86.51,0.76,NA,7,NA,NA,NA,NA,TRUE
consultations,2020-W38,week,CH,country,0 - 4,agegroup_ili_ari,all,710.3,11125.6,935.2,161.79,1.92,NA,4.1,NA,NA,NA,NA,TRUE
consultations,2020-W38,week,CH,country,15 - 29,agegroup_ili_ari,all,5317,31402.2,1364.5,363.03,8.35,NA,30.6,NA,NA,NA,NA,TRUE
consultations,2020-W38,week,CH,country,30 - 64,agegroup_ili_ari,all,7302.9,89411.4,4879.6,170,3.12,NA,42.1,NA,NA,NA,NA,TRUE
consultations,2020-W38,week,CH,country,5 - 14,agegroup_ili_ari,all,2765.2,21467.2,1041.5,316.76,6.53,NA,15.9,NA,NA,NA,NA,TRUE
consultations,2020-W38,week,CH,country,65+,agegroup_ili_ari,all,1255.1,33913,3916.2,76.67,0.66,NA,7.2,NA,NA,NA,NA,TRUE
consultations,2020-W39,week,CH,country,0 - 4,agegroup_ili_ari,all,290.3,10585.5,820,66.13,0.85,NA,2.1,NA,NA,NA,NA,TRUE
consultations,2020-W39,week,CH,country,15 - 29,agegroup_ili_ari,all,4592,30299.8,1284.3,313.53,7.4,NA,32.7,NA,NA,NA,NA,TRUE
consultations,2020-W39,week,CH,country,30 - 64,agegroup_ili_ari,all,5486.2,86913.5,4621.5,127.71,2.4,NA,39.1,NA,NA,NA,NA,TRUE
consultations,2020-W39,week,CH,country,5 - 14,agegroup_ili_ari,all,1967.5,20410.2,919,225.38,5.01,NA,14,NA,NA,NA,NA,TRUE
consultations,2020-W39,week,CH,country,65+,agegroup_ili_ari,all,1697,32796.9,3666.2,103.67,0.93,NA,12.1,NA,NA,NA,NA,TRUE
consultations,2020-W40,week,CH,country,0 - 4,agegroup_ili_ari,all,239.3,9173,694,54.51,0.72,NA,1.8,NA,NA,NA,NA,TRUE
consultations,2020-W40,week,CH,country,15 - 29,agegroup_ili_ari,all,4586.9,29376.5,1159.7,313.18,7.93,NA,34,NA,NA,NA,NA,TRUE
consultations,2020-W40,week,CH,country,30 - 64,agegroup_ili_ari,all,6057.5,85098.4,4171.5,141.01,2.88,NA,45,NA,NA,NA,NA,TRUE
consultations,2020-W40,week,CH,country,5 - 14,agegroup_ili_ari,all,1368,17866.8,801.1,156.71,3.5,NA,10.2,NA,NA,NA,NA,TRUE
consultations,2020-W40,week,CH,country,65+,agegroup_ili_ari,all,1224.3,32088.6,3301.7,74.79,0.73,NA,9.1,NA,NA,NA,NA,TRUE
consultations,2020-W41,week,CH,country,0 - 4,agegroup_ili_ari,all,163,10775.8,758.8,37.12,0.53,NA,1.3,NA,NA,NA,NA,TRUE
consultations,2020-W41,week,CH,country,15 - 29,agegroup_ili_ari,all,3525.6,26587.4,904.9,240.72,7.07,NA,29,NA,NA,NA,NA,TRUE
consultations,2020-W41,week,CH,country,30 - 64,agegroup_ili_ari,all,6450.6,73923.3,3181.7,150.16,3.49,NA,53,NA,NA,NA,NA,TRUE
consultations,2020-W41,week,CH,country,5 - 14,agegroup_ili_ari,all,587.3,20809,818.6,67.28,1.71,NA,4.8,NA,NA,NA,NA,TRUE
consultations,2020-W41,week,CH,country,65+,agegroup_ili_ari,all,1444.4,28332,2572,88.24,0.97,NA,11.9,NA,NA,NA,NA,TRUE
consultations,2020-W42,week,CH,country,0 - 4,agegroup_ili_ari,all,318.9,11014.5,816.3,72.63,0.98,NA,1.6,NA,NA,NA,NA,TRUE
consultations,2020-W42,week,CH,country,15 - 29,agegroup_ili_ari,all,5535.5,30691.8,1139.6,377.95,10.18,NA,28.1,NA,NA,NA,NA,TRUE
consultations,2020-W42,week,CH,country,30 - 64,agegroup_ili_ari,all,10375.7,87775.4,4121.8,241.53,5.14,NA,52.7,NA,NA,NA,NA,TRUE
consultations,2020-W42,week,CH,country,5 - 14,agegroup_ili_ari,all,1554.2,21344,872,178.04,4.36,NA,7.9,NA,NA,NA,NA,TRUE
consultations,2020-W42,week,CH,country,65+,agegroup_ili_ari,all,1898.2,33631,3371.4,115.96,1.16,NA,9.6,NA,NA,NA,NA,TRUE
consultations,2020-W43,week,CH,country,0 - 4,agegroup_ili_ari,all,584.3,11270.1,951.3,133.1,1.58,NA,2,NA,NA,NA,NA,TRUE
consultations,2020-W43,week,CH,country,15 - 29,agegroup_ili_ari,all,7249.7,31313.8,1382.8,494.99,11.21,NA,24.3,NA,NA,NA,NA,TRUE
consultations,2020-W43,week,CH,country,30 - 64,agegroup_ili_ari,all,15779.4,89568.8,4923.8,367.32,6.68,NA,52.9,NA,NA,NA,NA,TRUE
consultations,2020-W43,week,CH,country,5 - 14,agegroup_ili_ari,all,2602.6,21466.3,1033.5,298.14,6.19,NA,8.7,NA,NA,NA,NA,TRUE
consultations,2020-W43,week,CH,country,65+,agegroup_ili_ari,all,3613.4,33975.9,3956.7,220.74,1.9,NA,12.1,NA,NA,NA,NA,TRUE
consultations,2020-W44,week,CH,country,0 - 4,agegroup_ili_ari,all,880.4,8975.1,779.3,200.55,2.31,NA,2.3,NA,NA,NA,NA,TRUE
consultations,2020-W44,week,CH,country,15 - 29,agegroup_ili_ari,all,10057.1,29271.5,1374.2,686.67,14.63,NA,26.5,NA,NA,NA,NA,TRUE
consultations,2020-W44,week,CH,country,30 - 64,agegroup_ili_ari,all,19926.2,85157.5,5042.4,463.85,7.83,NA,52.4,NA,NA,NA,NA,TRUE
consultations,2020-W44,week,CH,country,5 - 14,agegroup_ili_ari,all,2863.5,17376.4,870.8,328.03,6.55,NA,7.5,NA,NA,NA,NA,TRUE
consultations,2020-W44,week,CH,country,65+,agegroup_ili_ari,all,4268,32217.4,4044.4,260.73,2.08,NA,11.2,NA,NA,NA,NA,TRUE
consultations,2020-W45,week,CH,country,0 - 4,agegroup_ili_ari,all,568.6,10809.1,938.7,129.52,1.49,NA,1.6,NA,NA,NA,NA,TRUE
consultations,2020-W45,week,CH,country,15 - 29,agegroup_ili_ari,all,9445.9,31165.7,1425,644.94,14.1,NA,25.8,NA,NA,NA,NA,TRUE
consultations,2020-W45,week,CH,country,30 - 64,agegroup_ili_ari,all,19122.9,88959.3,5087.5,445.15,7.78,NA,52.3,NA,NA,NA,NA,TRUE
consultations,2020-W45,week,CH,country,5 - 14,agegroup_ili_ari,all,3750.6,20714.4,1045.9,429.65,8.51,NA,10.3,NA,NA,NA,NA,TRUE
consultations,2020-W45,week,CH,country,65+,agegroup_ili_ari,all,3701,33615,4076.9,226.09,1.86,NA,10.1,NA,NA,NA,NA,TRUE
consultations,2020-W46,week,CH,country,0 - 4,agegroup_ili_ari,all,708.5,9913.8,958.1,161.39,1.67,NA,2.3,NA,NA,NA,NA,TRUE
consultations,2020-W46,week,CH,country,15 - 29,agegroup_ili_ari,all,7508.3,30235.1,1430,512.65,10.84,NA,24.1,NA,NA,NA,NA,TRUE
consultations,2020-W46,week,CH,country,30 - 64,agegroup_ili_ari,all,15272.9,87194.7,5140.8,355.53,6.03,NA,49.1,NA,NA,NA,NA,TRUE
consultations,2020-W46,week,CH,country,5 - 14,agegroup_ili_ari,all,3547.1,19196.2,1064.3,406.33,7.33,NA,11.4,NA,NA,NA,NA,TRUE
consultations,2020-W46,week,CH,country,65+,agegroup_ili_ari,all,4060.9,33054,4120.8,248.08,1.99,NA,13.1,NA,NA,NA,NA,TRUE
consultations,2020-W47,week,CH,country,0 - 4,agegroup_ili_ari,all,726,10279.1,1014.5,165.38,1.68,NA,2.8,NA,NA,NA,NA,TRUE
consultations,2020-W47,week,CH,country,15 - 29,agegroup_ili_ari,all,6100.1,29292,1398.1,416.5,8.73,NA,23.6,NA,NA,NA,NA,TRUE
consultations,2020-W47,week,CH,country,30 - 64,agegroup_ili_ari,all,13734.6,83823.2,4959.2,319.72,5.4,NA,53.2,NA,NA,NA,NA,TRUE
consultations,2020-W47,week,CH,country,5 - 14,agegroup_ili_ari,all,2572.8,19679.7,1098.3,294.72,5.28,NA,10,NA,NA,NA,NA,TRUE
consultations,2020-W47,week,CH,country,65+,agegroup_ili_ari,all,2677.9,31785.9,3982.9,163.59,1.31,NA,10.4,NA,NA,NA,NA,TRUE
consultations,2020-W48,week,CH,country,0 - 4,agegroup_ili_ari,all,556.1,10261.7,997.5,126.68,1.3,NA,2.1,NA,NA,NA,NA,TRUE
consultations,2020-W48,week,CH,country,15 - 29,agegroup_ili_ari,all,5383,28568.6,1330.8,367.54,7.89,NA,20.5,NA,NA,NA,NA,TRUE
consultations,2020-W48,week,CH,country,30 - 64,agegroup_ili_ari,all,13039.5,81043.5,4677.1,303.54,5.26,NA,49.6,NA,NA,NA,NA,TRUE
consultations,2020-W48,week,CH,country,5 - 14,agegroup_ili_ari,all,3071.1,19612.7,1082.2,351.81,6.38,NA,11.7,NA,NA,NA,NA,TRUE
consultations,2020-W48,week,CH,country,65+,agegroup_ili_ari,all,4214.7,30682.9,3754.5,257.47,2.1,NA,16,NA,NA,NA,NA,TRUE
consultations,2020-W49,week,CH,country,0 - 4,agegroup_ili_ari,all,789.9,10003.8,983,179.93,1.83,NA,2.7,NA,NA,NA,NA,TRUE
consultations,2020-W49,week,CH,country,15 - 29,agegroup_ili_ari,all,7998.8,28747.2,1360.6,546.14,11.54,NA,27.3,NA,NA,NA,NA,TRUE
consultations,2020-W49,week,CH,country,30 - 64,agegroup_ili_ari,all,12530.5,81936.6,4809.5,291.69,4.97,NA,42.7,NA,NA,NA,NA,TRUE
consultations,2020-W49,week,CH,country,5 - 14,agegroup_ili_ari,all,3583.9,19242.6,1081.8,410.55,7.3,NA,12.2,NA,NA,NA,NA,TRUE
consultations,2020-W49,week,CH,country,65+,agegroup_ili_ari,all,4440.9,30963.4,3838.2,271.29,2.19,NA,15.1,NA,NA,NA,NA,TRUE
consultations,2020-W50,week,CH,country,0 - 4,agegroup_ili_ari,all,912.5,10102.9,1006.5,207.86,2.09,NA,3.1,NA,NA,NA,NA,TRUE
consultations,2020-W50,week,CH,country,15 - 29,agegroup_ili_ari,all,6747.6,29736.8,1386.2,460.71,9.88,NA,22.9,NA,NA,NA,NA,TRUE
consultations,2020-W50,week,CH,country,30 - 64,agegroup_ili_ari,all,13223.4,85113.7,4884.1,307.82,5.36,NA,44.9,NA,NA,NA,NA,TRUE
consultations,2020-W50,week,CH,country,5 - 14,agegroup_ili_ari,all,3775.9,19419.7,1098.2,432.55,7.65,NA,12.8,NA,NA,NA,NA,TRUE
consultations,2020-W50,week,CH,country,65+,agegroup_ili_ari,all,4781.7,32179.3,3914,292.11,2.4,NA,16.2,NA,NA,NA,NA,TRUE
consultations,2020-W51,week,CH,country,0 - 4,agegroup_ili_ari,all,892.8,9342.6,1004.5,203.37,1.89,NA,2.7,NA,NA,NA,NA,TRUE
consultations,2020-W51,week,CH,country,15 - 29,agegroup_ili_ari,all,6409.7,29933.6,1497.3,437.64,8.75,NA,19.1,NA,NA,NA,NA,TRUE
consultations,2020-W51,week,CH,country,30 - 64,agegroup_ili_ari,all,17087.9,87235.1,5374.6,397.78,6.46,NA,50.9,NA,NA,NA,NA,TRUE
consultations,2020-W51,week,CH,country,5 - 14,agegroup_ili_ari,all,3803.4,18132.2,1107.3,435.69,7.13,NA,11.3,NA,NA,NA,NA,TRUE
consultations,2020-W51,week,CH,country,65+,agegroup_ili_ari,all,5391.6,33093.5,4315.3,329.37,2.53,NA,16.1,NA,NA,NA,NA,TRUE
consultations,2020-W52,week,CH,country,0 - 4,agegroup_ili_ari,all,426.4,8237.2,606.7,97.12,1.32,NA,2.2,NA,NA,NA,NA,TRUE
consultations,2020-W52,week,CH,country,15 - 29,agegroup_ili_ari,all,3417.5,24428.3,838,233.34,6.8,NA,18,NA,NA,NA,NA,TRUE
consultations,2020-W52,week,CH,country,30 - 64,agegroup_ili_ari,all,9855.9,70610.3,2968.1,229.43,5.46,NA,51.8,NA,NA,NA,NA,TRUE
consultations,2020-W52,week,CH,country,5 - 14,agegroup_ili_ari,all,2211.3,15790.9,655.4,253.31,6.1,NA,11.6,NA,NA,NA,NA,TRUE
consultations,2020-W52,week,CH,country,65+,agegroup_ili_ari,all,3117.6,26779,2374.8,190.45,2.15,NA,16.4,NA,NA,NA,NA,TRUE
consultations,2020-W53,week,CH,country,0 - 4,agegroup_ili_ari,all,681.6,5152.9,232.5,155.25,3.44,NA,5.2,NA,NA,NA,NA,TRUE
consultations,2020-W53,week,CH,country,15 - 29,agegroup_ili_ari,all,2076.5,23980.6,517.2,141.78,6.57,NA,15.7,NA,NA,NA,NA,TRUE
consultations,2020-W53,week,CH,country,30 - 64,agegroup_ili_ari,all,6429.6,73497.3,2003.1,149.67,5.49,NA,48.6,NA,NA,NA,NA,TRUE
consultations,2020-W53,week,CH,country,5 - 14,agegroup_ili_ari,all,839.1,10404,253.8,96.12,3.94,NA,6.3,NA,NA,NA,NA,TRUE
consultations,2020-W53,week,CH,country,65+,agegroup_ili_ari,all,3197.9,28153.2,1633.5,195.36,3.37,NA,24.2,NA,NA,NA,NA,TRUE
consultations,2021-W01,week,CH,country,0 - 4,agegroup_ili_ari,all,322.5,10925.8,664.3,73.22,1.2,NA,2,NA,NA,NA,NA,TRUE
consultations,2021-W01,week,CH,country,15 - 29,agegroup_ili_ari,all,3267.7,41031.4,1120.2,224.22,8.21,NA,20.7,NA,NA,NA,NA,TRUE
consultations,2021-W01,week,CH,country,30 - 64,agegroup_ili_ari,all,8745.6,125161.6,4315.7,202.14,5.86,NA,55.5,NA,NA,NA,NA,TRUE
consultations,2021-W01,week,CH,country,5 - 14,agegroup_ili_ari,all,1047.6,21962.6,735.6,118.38,3.53,NA,6.6,NA,NA,NA,NA,TRUE
consultations,2021-W01,week,CH,country,65+,agegroup_ili_ari,all,2386,48260.3,3499.1,142.97,1.97,NA,15.1,NA,NA,NA,NA,TRUE
consultations,2021-W02,week,CH,country,0 - 4,agegroup_ili_ari,all,666.3,9254.2,954.1,151.28,1.47,NA,3.6,NA,NA,NA,NA,TRUE
consultations,2021-W02,week,CH,country,15 - 29,agegroup_ili_ari,all,4813.3,29066.9,1309.7,330.27,7.33,NA,25.9,NA,NA,NA,NA,TRUE
consultations,2021-W02,week,CH,country,30 - 64,agegroup_ili_ari,all,8310.4,86423.3,4911.8,192.08,3.38,NA,44.7,NA,NA,NA,NA,TRUE
consultations,2021-W02,week,CH,country,5 - 14,agegroup_ili_ari,all,2259.1,18410.2,1026.1,255.29,4.58,NA,12.2,NA,NA,NA,NA,TRUE
consultations,2021-W02,week,CH,country,65+,agegroup_ili_ari,all,2531.8,33617.6,4057.3,151.71,1.26,NA,13.6,NA,NA,NA,NA,TRUE
consultations,2021-W03,week,CH,country,0 - 4,agegroup_ili_ari,all,537.3,9836.6,1046.6,121.99,1.15,NA,2.7,NA,NA,NA,NA,TRUE
consultations,2021-W03,week,CH,country,15 - 29,agegroup_ili_ari,all,5031.9,28673.4,1322.6,345.27,7.49,NA,25.7,NA,NA,NA,NA,TRUE
consultations,2021-W03,week,CH,country,30 - 64,agegroup_ili_ari,all,8216.9,84247,4824.8,189.92,3.32,NA,41.9,NA,NA,NA,NA,TRUE
consultations,2021-W03,week,CH,country,5 - 14,agegroup_ili_ari,all,3304.2,19282.9,1115.7,373.39,6.45,NA,16.9,NA,NA,NA,NA,TRUE
consultations,2021-W03,week,CH,country,65+,agegroup_ili_ari,all,2500.6,32702,3979.3,149.84,1.23,NA,12.8,NA,NA,NA,NA,TRUE
consultations,2021-W04,week,CH,country,0 - 4,agegroup_ili_ari,all,831.8,9001.7,979.7,188.85,1.74,NA,4.3,NA,NA,NA,NA,TRUE
consultations,2021-W04,week,CH,country,15 - 29,agegroup_ili_ari,all,4016.8,29025.1,1302.1,275.62,6.14,NA,20.9,NA,NA,NA,NA,TRUE
consultations,2021-W04,week,CH,country,30 - 64,agegroup_ili_ari,all,8059.8,86422.6,4811.7,186.29,3.35,NA,41.9,NA,NA,NA,NA,TRUE
consultations,2021-W04,week,CH,country,5 - 14,agegroup_ili_ari,all,4360,17860.9,1052.2,492.7,8.36,NA,22.6,NA,NA,NA,NA,TRUE
consultations,2021-W04,week,CH,country,65+,agegroup_ili_ari,all,1989.3,33558.4,3967.2,119.2,1.01,NA,10.3,NA,NA,NA,NA,TRUE
consultations,2021-W05,week,CH,country,0 - 4,agegroup_ili_ari,all,627.3,9829.3,1065.4,142.43,1.31,NA,3.5,NA,NA,NA,NA,TRUE
consultations,2021-W05,week,CH,country,15 - 29,agegroup_ili_ari,all,3068.1,29450.7,1290.8,210.52,4.8,NA,17.2,NA,NA,NA,NA,TRUE
consultations,2021-W05,week,CH,country,30 - 64,agegroup_ili_ari,all,8124.3,86806,4701.2,187.78,3.47,NA,45.6,NA,NA,NA,NA,TRUE
consultations,2021-W05,week,CH,country,5 - 14,agegroup_ili_ari,all,3978.5,19350.9,1121.6,449.59,7.76,NA,22.3,NA,NA,NA,NA,TRUE
consultations,2021-W05,week,CH,country,65+,agegroup_ili_ari,all,2032.8,33658,3870,121.81,1.06,NA,11.4,NA,NA,NA,NA,TRUE
consultations,2021-W06,week,CH,country,0 - 4,agegroup_ili_ari,all,1119.9,8652.3,980.6,254.27,2.24,NA,6.5,NA,NA,NA,NA,TRUE
consultations,2021-W06,week,CH,country,15 - 29,agegroup_ili_ari,all,3277.3,26681.4,1159.9,224.88,5.17,NA,19,NA,NA,NA,NA,TRUE
consultations,2021-W06,week,CH,country,30 - 64,agegroup_ili_ari,all,7025.8,78824.8,4216.9,162.39,3.04,NA,40.6,NA,NA,NA,NA,TRUE
consultations,2021-W06,week,CH,country,5 - 14,agegroup_ili_ari,all,4394,17118.5,1040.3,496.54,8.17,NA,25.4,NA,NA,NA,NA,TRUE
consultations,2021-W06,week,CH,country,65+,agegroup_ili_ari,all,1473.4,30582.5,3484.3,88.29,0.77,NA,8.5,NA,NA,NA,NA,TRUE
consultations,2021-W07,week,CH,country,0 - 4,agegroup_ili_ari,all,880.1,8507,891.6,199.83,1.91,NA,6.1,NA,NA,NA,NA,TRUE
consultations,2021-W07,week,CH,country,15 - 29,agegroup_ili_ari,all,3373.8,28078.1,1190.4,231.5,5.46,NA,23.3,NA,NA,NA,NA,TRUE
consultations,2021-W07,week,CH,country,30 - 64,agegroup_ili_ari,all,6445.6,83902.5,4411.5,148.98,2.83,NA,44.5,NA,NA,NA,NA,TRUE
consultations,2021-W07,week,CH,country,5 - 14,agegroup_ili_ari,all,1984.2,16947.5,960.8,224.22,3.96,NA,13.7,NA,NA,NA,NA,TRUE
consultations,2021-W07,week,CH,country,65+,agegroup_ili_ari,all,1797.7,32492.7,3614.7,107.72,0.97,NA,12.4,NA,NA,NA,NA,TRUE
consultations,2021-W08,week,CH,country,0 - 4,agegroup_ili_ari,all,1173.1,9386.4,945.2,266.34,2.65,NA,8.8,NA,NA,NA,NA,TRUE
consultations,2021-W08,week,CH,country,15 - 29,agegroup_ili_ari,all,3241.9,29219.7,1243.6,222.45,5.23,NA,24.2,NA,NA,NA,NA,TRUE
consultations,2021-W08,week,CH,country,30 - 64,agegroup_ili_ari,all,5819.2,86991.1,4645.2,134.5,2.52,NA,43.5,NA,NA,NA,NA,TRUE
consultations,2021-W08,week,CH,country,5 - 14,agegroup_ili_ari,all,1569.7,18603.6,998.2,177.38,3.31,NA,11.7,NA,NA,NA,NA,TRUE
consultations,2021-W08,week,CH,country,65+,agegroup_ili_ari,all,1580.7,33785.5,3849.9,94.72,0.83,NA,11.8,NA,NA,NA,NA,TRUE
consultations,2021-W09,week,CH,country,0 - 4,agegroup_ili_ari,all,922.1,10508.3,1046.2,209.36,2.1,NA,6.7,NA,NA,NA,NA,TRUE
consultations,2021-W09,week,CH,country,15 - 29,agegroup_ili_ari,all,3104.8,30979.8,1297.7,213.04,5.09,NA,22.5,NA,NA,NA,NA,TRUE
consultations,2021-W09,week,CH,country,30 - 64,agegroup_ili_ari,all,6091.3,90915,4725.3,140.79,2.71,NA,44.1,NA,NA,NA,NA,TRUE
consultations,2021-W09,week,CH,country,5 - 14,agegroup_ili_ari,all,2186.4,20642,1107.3,247.07,4.61,NA,15.8,NA,NA,NA,NA,TRUE
consultations,2021-W09,week,CH,country,65+,agegroup_ili_ari,all,1518.2,35178.1,3879.5,90.97,0.82,NA,11,NA,NA,NA,NA,TRUE
consultations,2021-W10,week,CH,country,0 - 4,agegroup_ili_ari,all,1079.1,10203.6,1017,245.01,2.46,NA,6.6,NA,NA,NA,NA,TRUE
consultations,2021-W10,week,CH,country,15 - 29,agegroup_ili_ari,all,3343.9,31380,1329.4,229.45,5.42,NA,20.4,NA,NA,NA,NA,TRUE
consultations,2021-W10,week,CH,country,30 - 64,agegroup_ili_ari,all,6931.9,92372.9,4942.1,160.22,2.99,NA,42.2,NA,NA,NA,NA,TRUE
consultations,2021-W10,week,CH,country,5 - 14,agegroup_ili_ari,all,3424.8,20154.1,1071.3,387.02,7.28,NA,20.9,NA,NA,NA,NA,TRUE
consultations,2021-W10,week,CH,country,65+,agegroup_ili_ari,all,1633.8,35751.8,4063.2,97.9,0.86,NA,10,NA,NA,NA,NA,TRUE
consultations,2021-W11,week,CH,country,0 - 4,agegroup_ili_ari,all,910,10164.2,1061.5,206.61,1.98,NA,4.9,NA,NA,NA,NA,TRUE
consultations,2021-W11,week,CH,country,15 - 29,agegroup_ili_ari,all,3901.5,29135.5,1292.8,267.71,6.03,NA,20.8,NA,NA,NA,NA,TRUE
consultations,2021-W11,week,CH,country,30 - 64,agegroup_ili_ari,all,7840.1,84986,4695,181.21,3.28,NA,41.9,NA,NA,NA,NA,TRUE
consultations,2021-W11,week,CH,country,5 - 14,agegroup_ili_ari,all,4505.3,19838.3,1123.6,509.12,8.99,NA,24.1,NA,NA,NA,NA,TRUE
consultations,2021-W11,week,CH,country,65+,agegroup_ili_ari,all,1570.4,32942.1,3860.1,94.1,0.8,NA,8.4,NA,NA,NA,NA,TRUE
consultations,2021-W12,week,CH,country,0 - 4,agegroup_ili_ari,all,856.8,10794.8,1094.1,194.54,1.92,NA,4.3,NA,NA,NA,NA,TRUE
consultations,2021-W12,week,CH,country,15 - 29,agegroup_ili_ari,all,4152.3,31587.3,1351.7,284.92,6.66,NA,21,NA,NA,NA,NA,TRUE
consultations,2021-W12,week,CH,country,30 - 64,agegroup_ili_ari,all,8226.4,92037.6,4906.2,190.14,3.57,NA,41.6,NA,NA,NA,NA,TRUE
consultations,2021-W12,week,CH,country,5 - 14,agegroup_ili_ari,all,4042.2,21235.1,1177.3,456.79,8.24,NA,20.5,NA,NA,NA,NA,TRUE
consultations,2021-W12,week,CH,country,65+,agegroup_ili_ari,all,2476.3,35718.9,4053.7,148.38,1.31,NA,12.5,NA,NA,NA,NA,TRUE
consultations,2021-W13,week,CH,country,0 - 4,agegroup_ili_ari,all,799.6,10465.8,979.7,181.54,1.94,NA,5.2,NA,NA,NA,NA,TRUE
consultations,2021-W13,week,CH,country,15 - 29,agegroup_ili_ari,all,2780.8,28824.5,1158.8,190.81,4.75,NA,18,NA,NA,NA,NA,TRUE
consultations,2021-W13,week,CH,country,30 - 64,agegroup_ili_ari,all,7201,84114.3,4249.7,166.44,3.29,NA,46.6,NA,NA,NA,NA,TRUE
consultations,2021-W13,week,CH,country,5 - 14,agegroup_ili_ari,all,2863.9,20393.4,1008,323.63,6.55,NA,18.5,NA,NA,NA,NA,TRUE
consultations,2021-W13,week,CH,country,65+,agegroup_ili_ari,all,1801.9,32415.9,3476.8,107.97,1.01,NA,11.7,NA,NA,NA,NA,TRUE
consultations,2021-W14,week,CH,country,0 - 4,agegroup_ili_ari,all,769.6,8584.5,735,174.73,2.04,NA,4.5,NA,NA,NA,NA,TRUE
consultations,2021-W14,week,CH,country,15 - 29,agegroup_ili_ari,all,4186.4,24019.7,935.4,287.26,7.38,NA,24.7,NA,NA,NA,NA,TRUE
consultations,2021-W14,week,CH,country,30 - 64,agegroup_ili_ari,all,7615.1,71019,3426.9,176.01,3.65,NA,45,NA,NA,NA,NA,TRUE
consultations,2021-W14,week,CH,country,5 - 14,agegroup_ili_ari,all,2600.1,16676.7,767,293.82,6.39,NA,15.4,NA,NA,NA,NA,TRUE
consultations,2021-W14,week,CH,country,65+,agegroup_ili_ari,all,1758.8,27517.3,2819.6,105.39,1.03,NA,10.4,NA,NA,NA,NA,TRUE
consultations,2021-W15,week,CH,country,0 - 4,agegroup_ili_ari,all,796.8,13267.2,1129.6,180.9,2.12,NA,6.5,NA,NA,NA,NA,TRUE
consultations,2021-W15,week,CH,country,15 - 29,agegroup_ili_ari,all,2408.7,31462.3,1214.1,165.28,4.28,NA,19.7,NA,NA,NA,NA,TRUE
consultations,2021-W15,week,CH,country,30 - 64,agegroup_ili_ari,all,5974.5,89074.5,4287.7,138.09,2.87,NA,48.9,NA,NA,NA,NA,TRUE
consultations,2021-W15,week,CH,country,5 - 14,agegroup_ili_ari,all,1810.5,25416.6,1164.8,204.59,4.46,NA,14.8,NA,NA,NA,NA,TRUE
consultations,2021-W15,week,CH,country,65+,agegroup_ili_ari,all,1216.8,34287.1,3510.9,72.91,0.71,NA,10,NA,NA,NA,NA,TRUE
consultations,2021-W16,week,CH,country,0 - 4,agegroup_ili_ari,all,576.4,12991.5,1047.3,130.86,1.62,NA,5.6,NA,NA,NA,NA,TRUE
consultations,2021-W16,week,CH,country,15 - 29,agegroup_ili_ari,all,2105.8,36680.7,1327.1,144.49,3.99,NA,20.3,NA,NA,NA,NA,TRUE
consultations,2021-W16,week,CH,country,30 - 64,agegroup_ili_ari,all,4518.6,107236.7,4881.3,104.44,2.29,NA,43.5,NA,NA,NA,NA,TRUE
consultations,2021-W16,week,CH,country,5 - 14,agegroup_ili_ari,all,1730.8,25563.4,1124.7,195.59,4.45,NA,16.7,NA,NA,NA,NA,TRUE
consultations,2021-W16,week,CH,country,65+,agegroup_ili_ari,all,1453.7,41329,4005.5,87.11,0.9,NA,14,NA,NA,NA,NA,TRUE
consultations,2021-W17,week,CH,country,0 - 4,agegroup_ili_ari,all,1081.7,11808.1,986.8,245.59,2.94,NA,11,NA,NA,NA,NA,TRUE
consultations,2021-W17,week,CH,country,15 - 29,agegroup_ili_ari,all,1695.8,35234.1,1323.8,116.36,3.1,NA,17.3,NA,NA,NA,NA,TRUE
consultations,2021-W17,week,CH,country,30 - 64,agegroup_ili_ari,all,3751.5,103791.4,4927.3,86.71,1.83,NA,38.3,NA,NA,NA,NA,TRUE
consultations,2021-W17,week,CH,country,5 - 14,agegroup_ili_ari,all,2147,23493.7,1064.7,242.62,5.35,NA,21.9,NA,NA,NA,NA,TRUE
consultations,2021-W17,week,CH,country,65+,agegroup_ili_ari,all,1116.1,40368.3,4080.3,66.88,0.66,NA,11.4,NA,NA,NA,NA,TRUE
consultations,2021-W18,week,CH,country,0 - 4,agegroup_ili_ari,all,672.7,13094.6,1091.7,152.74,1.83,NA,7.4,NA,NA,NA,NA,TRUE
consultations,2021-W18,week,CH,country,15 - 29,agegroup_ili_ari,all,2351.3,35949.7,1364.6,161.34,4.25,NA,25.9,NA,NA,NA,NA,TRUE
consultations,2021-W18,week,CH,country,30 - 64,agegroup_ili_ari,all,3433.5,104583,5001.8,79.36,1.66,NA,37.8,NA,NA,NA,NA,TRUE
consultations,2021-W18,week,CH,country,5 - 14,agegroup_ili_ari,all,2101.8,25682.9,1161.9,237.51,5.25,NA,23.1,NA,NA,NA,NA,TRUE
consultations,2021-W18,week,CH,country,65+,agegroup_ili_ari,all,532.5,40739.8,4150,31.91,0.31,NA,5.9,NA,NA,NA,NA,TRUE
consultations,2021-W19,week,CH,country,0 - 4,agegroup_ili_ari,all,759.3,9861.4,878.6,172.39,1.93,NA,7,NA,NA,NA,NA,TRUE
consultations,2021-W19,week,CH,country,15 - 29,agegroup_ili_ari,all,1898.2,29175.5,1164.8,130.25,3.26,NA,17.5,NA,NA,NA,NA,TRUE
consultations,2021-W19,week,CH,country,30 - 64,agegroup_ili_ari,all,4052.6,85406.6,4294.2,93.67,1.86,NA,37.5,NA,NA,NA,NA,TRUE
consultations,2021-W19,week,CH,country,5 - 14,agegroup_ili_ari,all,3202.3,19343.4,941.2,361.88,7.44,NA,29.6,NA,NA,NA,NA,TRUE
consultations,2021-W19,week,CH,country,65+,agegroup_ili_ari,all,907.9,33090.1,3550.3,54.4,0.51,NA,8.4,NA,NA,NA,NA,TRUE
consultations,2021-W20,week,CH,country,0 - 4,agegroup_ili_ari,all,806.2,12565.1,1159.7,183.05,1.98,NA,8.5,NA,NA,NA,NA,TRUE
consultations,2021-W20,week,CH,country,15 - 29,agegroup_ili_ari,all,1623.2,34117.5,1371.5,111.38,2.77,NA,17.2,NA,NA,NA,NA,TRUE
consultations,2021-W20,week,CH,country,30 - 64,agegroup_ili_ari,all,3987.3,98736.3,4958.6,92.16,1.84,NA,42.2,NA,NA,NA,NA,TRUE
consultations,2021-W20,week,CH,country,5 - 14,agegroup_ili_ari,all,2243.4,24455.9,1219.8,253.52,5.08,NA,23.7,NA,NA,NA,NA,TRUE
consultations,2021-W20,week,CH,country,65+,agegroup_ili_ari,all,786.4,38196.4,4072.5,47.12,0.44,NA,8.3,NA,NA,NA,NA,TRUE
consultations,2021-W21,week,CH,country,0 - 4,agegroup_ili_ari,all,390.7,9018.5,805.4,88.71,0.99,NA,5.4,NA,NA,NA,NA,TRUE
consultations,2021-W21,week,CH,country,15 - 29,agegroup_ili_ari,all,1356.8,30074,1147.5,93.1,2.44,NA,18.8,NA,NA,NA,NA,TRUE
consultations,2021-W21,week,CH,country,30 - 64,agegroup_ili_ari,all,3218.1,90080.1,4296.8,74.38,1.56,NA,44.6,NA,NA,NA,NA,TRUE
consultations,2021-W21,week,CH,country,5 - 14,agegroup_ili_ari,all,1818.9,18001.5,864.2,205.54,4.28,NA,25.2,NA,NA,NA,NA,TRUE
consultations,2021-W21,week,CH,country,65+,agegroup_ili_ari,all,428.2,35077.1,3569.1,25.66,0.25,NA,5.9,NA,NA,NA,NA,TRUE
consultations,2021-W22,week,CH,country,0 - 4,agegroup_ili_ari,all,298.2,11817,1048.5,67.7,0.76,NA,4.3,NA,NA,NA,NA,TRUE
consultations,2021-W22,week,CH,country,15 - 29,agegroup_ili_ari,all,1565.9,36295.9,1403.1,107.45,2.78,NA,22.7,NA,NA,NA,NA,TRUE
consultations,2021-W22,week,CH,country,30 - 64,agegroup_ili_ari,all,2699.7,107377.2,5189.7,62.4,1.29,NA,39.1,NA,NA,NA,NA,TRUE
consultations,2021-W22,week,CH,country,5 - 14,agegroup_ili_ari,all,1976.5,23281.9,1112.8,223.35,4.67,NA,28.6,NA,NA,NA,NA,TRUE
consultations,2021-W22,week,CH,country,65+,agegroup_ili_ari,all,358.8,41853.2,4313.8,21.5,0.21,NA,5.2,NA,NA,NA,NA,TRUE
consultations,2021-W23,week,CH,country,0 - 4,agegroup_ili_ari,all,271.1,11375.3,1073.8,61.54,0.65,NA,5.4,NA,NA,NA,NA,TRUE
consultations,2021-W23,week,CH,country,15 - 29,agegroup_ili_ari,all,1270.1,35569.4,1440.8,87.15,2.15,NA,25.2,NA,NA,NA,NA,TRUE
consultations,2021-W23,week,CH,country,30 - 64,agegroup_ili_ari,all,1519,105395.6,5378.3,35.11,0.69,NA,30.1,NA,NA,NA,NA,TRUE
consultations,2021-W23,week,CH,country,5 - 14,agegroup_ili_ari,all,1573.6,22495,1137.5,177.82,3.52,NA,31.2,NA,NA,NA,NA,TRUE
consultations,2021-W23,week,CH,country,65+,agegroup_ili_ari,all,409.2,40779,4423.7,24.52,0.23,NA,8.1,NA,NA,NA,NA,TRUE
consultations,2021-W24,week,CH,country,0 - 4,agegroup_ili_ari,all,266.2,13239.2,1199.4,60.43,0.67,NA,5.3,NA,NA,NA,NA,TRUE
consultations,2021-W24,week,CH,country,15 - 29,agegroup_ili_ari,all,1470.9,36658,1455.7,100.93,2.54,NA,29.1,NA,NA,NA,NA,TRUE
consultations,2021-W24,week,CH,country,30 - 64,agegroup_ili_ari,all,1703.8,106641.8,5312.2,39.38,0.79,NA,33.7,NA,NA,NA,NA,TRUE
consultations,2021-W24,week,CH,country,5 - 14,agegroup_ili_ari,all,1298.1,25905.2,1267.4,146.69,3,NA,25.6,NA,NA,NA,NA,TRUE
consultations,2021-W24,week,CH,country,65+,agegroup_ili_ari,all,323.9,41212.1,4350.3,19.41,0.18,NA,6.4,NA,NA,NA,NA,TRUE
consultations,2021-W25,week,CH,country,0 - 4,agegroup_ili_ari,all,148.5,11866.5,1089.1,33.71,0.37,NA,3.2,NA,NA,NA,NA,TRUE
consultations,2021-W25,week,CH,country,15 - 29,agegroup_ili_ari,all,1052.2,34624.5,1376.9,72.2,1.82,NA,22.6,NA,NA,NA,NA,TRUE
consultations,2021-W25,week,CH,country,30 - 64,agegroup_ili_ari,all,1745.7,101611.9,5057.2,40.35,0.81,NA,37.5,NA,NA,NA,NA,TRUE
consultations,2021-W25,week,CH,country,5 - 14,agegroup_ili_ari,all,1410.6,23211.6,1140,159.4,3.25,NA,30.3,NA,NA,NA,NA,TRUE
consultations,2021-W25,week,CH,country,65+,agegroup_ili_ari,all,296.6,39395.5,4159.8,17.77,0.17,NA,6.4,NA,NA,NA,NA,TRUE
consultations,2021-W26,week,CH,country,0 - 4,agegroup_ili_ari,all,187,11775.3,1103.1,42.46,0.45,NA,4.1,NA,NA,NA,NA,TRUE
consultations,2021-W26,week,CH,country,15 - 29,agegroup_ili_ari,all,1208.7,31347.2,1258.7,82.94,2.07,NA,26.4,NA,NA,NA,NA,TRUE
consultations,2021-W26,week,CH,country,30 - 64,agegroup_ili_ari,all,1917.1,90270.9,4501.9,44.31,0.89,NA,41.8,NA,NA,NA,NA,TRUE
consultations,2021-W26,week,CH,country,5 - 14,agegroup_ili_ari,all,889.6,22879.4,1154.2,100.53,1.99,NA,19.4,NA,NA,NA,NA,TRUE
consultations,2021-W26,week,CH,country,65+,agegroup_ili_ari,all,383.5,34811.9,3674.1,22.98,0.22,NA,8.4,NA,NA,NA,NA,TRUE
consultations,2021-W27,week,CH,country,0 - 4,agegroup_ili_ari,all,108.2,12209.4,1080.9,24.57,0.28,NA,2,NA,NA,NA,NA,TRUE
consultations,2021-W27,week,CH,country,15 - 29,agegroup_ili_ari,all,1499.9,32064.1,1250.1,102.92,2.64,NA,28.2,NA,NA,NA,NA,TRUE
consultations,2021-W27,week,CH,country,30 - 64,agegroup_ili_ari,all,2245.5,92477.2,4478.1,51.9,1.07,NA,42.2,NA,NA,NA,NA,TRUE
consultations,2021-W27,week,CH,country,5 - 14,agegroup_ili_ari,all,1005.4,23764.3,1137.9,113.62,2.37,NA,18.9,NA,NA,NA,NA,TRUE
consultations,2021-W27,week,CH,country,65+,agegroup_ili_ari,all,468.4,35627.2,3666,28.07,0.27,NA,8.8,NA,NA,NA,NA,TRUE
consultations,2021-W28,week,CH,country,0 - 4,agegroup_ili_ari,all,415.6,12717.2,972.5,94.36,1.23,NA,5.7,NA,NA,NA,NA,TRUE
consultations,2021-W28,week,CH,country,15 - 29,agegroup_ili_ari,all,1999.1,31347.8,1106.7,137.17,3.89,NA,27.3,NA,NA,NA,NA,TRUE
consultations,2021-W28,week,CH,country,30 - 64,agegroup_ili_ari,all,3110.3,89025,3948.8,71.89,1.62,NA,42.5,NA,NA,NA,NA,TRUE
consultations,2021-W28,week,CH,country,5 - 14,agegroup_ili_ari,all,1117.4,24550.5,1026.8,126.27,3.02,NA,15.3,NA,NA,NA,NA,TRUE
consultations,2021-W28,week,CH,country,65+,agegroup_ili_ari,all,679.2,34396.2,3259.3,40.7,0.43,NA,9.3,NA,NA,NA,NA,TRUE
consultations,2021-W29,week,CH,country,0 - 4,agegroup_ili_ari,all,514.4,12844.9,786.3,116.78,1.91,NA,9.2,NA,NA,NA,NA,TRUE
consultations,2021-W29,week,CH,country,15 - 29,agegroup_ili_ari,all,1743,30935.5,971.7,119.6,3.81,NA,31.3,NA,NA,NA,NA,TRUE
consultations,2021-W29,week,CH,country,30 - 64,agegroup_ili_ari,all,2060.7,88176.9,3565.5,47.63,1.18,NA,36.9,NA,NA,NA,NA,TRUE
consultations,2021-W29,week,CH,country,5 - 14,agegroup_ili_ari,all,674,24945.6,851.9,76.17,2.23,NA,12.1,NA,NA,NA,NA,TRUE
consultations,2021-W29,week,CH,country,65+,agegroup_ili_ari,all,585.4,34205.3,2948.6,35.08,0.41,NA,10.5,NA,NA,NA,NA,TRUE
consultations,2021-W30,week,CH,country,0 - 4,agegroup_ili_ari,all,244.5,10806.9,518.7,55.52,1.16,NA,7,NA,NA,NA,NA,TRUE
consultations,2021-W30,week,CH,country,15 - 29,agegroup_ili_ari,all,908.7,30475.3,817.6,62.35,2.32,NA,26.1,NA,NA,NA,NA,TRUE
consultations,2021-W30,week,CH,country,30 - 64,agegroup_ili_ari,all,1481.4,90525.3,3198.8,34.24,0.97,NA,42.5,NA,NA,NA,NA,TRUE
consultations,2021-W30,week,CH,country,5 - 14,agegroup_ili_ari,all,332.1,21318.3,555.8,37.53,1.44,NA,9.5,NA,NA,NA,NA,TRUE
consultations,2021-W30,week,CH,country,65+,agegroup_ili_ari,all,519,35366.4,2647.1,31.1,0.42,NA,14.9,NA,NA,NA,NA,TRUE
consultations,2021-W31,week,CH,country,0 - 4,agegroup_ili_ari,all,65.2,13516.4,518.1,14.8,0.39,NA,1.8,NA,NA,NA,NA,TRUE
consultations,2021-W31,week,CH,country,15 - 29,agegroup_ili_ari,all,1192.7,37878.4,837.3,81.84,3.7,NA,32,NA,NA,NA,NA,TRUE
consultations,2021-W31,week,CH,country,30 - 64,agegroup_ili_ari,all,1801.6,112880.9,3268.6,41.64,1.44,NA,48.4,NA,NA,NA,NA,TRUE
consultations,2021-W31,week,CH,country,5 - 14,agegroup_ili_ari,all,136,26029.9,526.7,15.37,0.76,NA,3.7,NA,NA,NA,NA,TRUE
consultations,2021-W31,week,CH,country,65+,agegroup_ili_ari,all,526.9,44339.3,2733.2,31.57,0.51,NA,14.2,NA,NA,NA,NA,TRUE
consultations,2021-W32,week,CH,country,0 - 4,agegroup_ili_ari,all,105.4,12543.6,731,23.92,0.41,NA,1.4,NA,NA,NA,NA,TRUE
consultations,2021-W32,week,CH,country,15 - 29,agegroup_ili_ari,all,2119.6,33002.8,978.9,145.44,4.9,NA,28.9,NA,NA,NA,NA,TRUE
consultations,2021-W32,week,CH,country,30 - 64,agegroup_ili_ari,all,3556,96118.7,3676.7,82.19,2.15,NA,48.5,NA,NA,NA,NA,TRUE
consultations,2021-W32,week,CH,country,5 - 14,agegroup_ili_ari,all,476.3,24153.7,733.7,53.82,1.77,NA,6.5,NA,NA,NA,NA,TRUE
consultations,2021-W32,week,CH,country,65+,agegroup_ili_ari,all,1070.2,37424.6,3033.7,64.13,0.79,NA,14.6,NA,NA,NA,NA,TRUE
consultations,2021-W33,week,CH,country,0 - 4,agegroup_ili_ari,all,473.7,13947.7,967.1,107.54,1.55,NA,4.3,NA,NA,NA,NA,TRUE
consultations,2021-W33,week,CH,country,15 - 29,agegroup_ili_ari,all,2727.9,35793.7,1226.9,187.18,5.46,NA,25,NA,NA,NA,NA,TRUE
consultations,2021-W33,week,CH,country,30 - 64,agegroup_ili_ari,all,5340.6,102880.1,4485.6,123.44,2.83,NA,48.9,NA,NA,NA,NA,TRUE
consultations,2021-W33,week,CH,country,5 - 14,agegroup_ili_ari,all,1539.7,27012.4,999.8,173.99,4.7,NA,14.1,NA,NA,NA,NA,TRUE
consultations,2021-W33,week,CH,country,65+,agegroup_ili_ari,all,836.8,39888.1,3690.6,50.14,0.54,NA,7.7,NA,NA,NA,NA,TRUE
consultations,2021-W34,week,CH,country,0 - 4,agegroup_ili_ari,all,636.1,11772.3,985,144.41,1.73,NA,4.7,NA,NA,NA,NA,TRUE
consultations,2021-W34,week,CH,country,15 - 29,agegroup_ili_ari,all,3398.4,32591.6,1267.8,233.19,5.99,NA,25.2,NA,NA,NA,NA,TRUE
consultations,2021-W34,week,CH,country,30 - 64,agegroup_ili_ari,all,6186.9,94408.6,4656.3,143,2.9,NA,45.9,NA,NA,NA,NA,TRUE
consultations,2021-W34,week,CH,country,5 - 14,agegroup_ili_ari,all,2336,23107.6,1035.8,263.98,5.89,NA,17.3,NA,NA,NA,NA,TRUE
consultations,2021-W34,week,CH,country,65+,agegroup_ili_ari,all,912.4,36584.2,3844,54.67,0.52,NA,6.8,NA,NA,NA,NA,TRUE
consultations,2021-W35,week,CH,country,0 - 4,agegroup_ili_ari,all,450.2,12718.8,1095.1,102.21,1.19,NA,3.2,NA,NA,NA,NA,TRUE
consultations,2021-W35,week,CH,country,15 - 29,agegroup_ili_ari,all,3598.5,31589.7,1251.1,246.92,6.23,NA,25.3,NA,NA,NA,NA,TRUE
consultations,2021-W35,week,CH,country,30 - 64,agegroup_ili_ari,all,5396.9,89788.9,4456.8,124.74,2.51,NA,38,NA,NA,NA,NA,TRUE
consultations,2021-W35,week,CH,country,5 - 14,agegroup_ili_ari,all,3706.8,24589,1140,418.89,9.03,NA,26.1,NA,NA,NA,NA,TRUE
consultations,2021-W35,week,CH,country,65+,agegroup_ili_ari,all,1054.2,34824.3,3680.9,63.17,0.6,NA,7.4,NA,NA,NA,NA,TRUE
consultations,2021-W36,week,CH,country,0 - 4,agegroup_ili_ari,all,772.5,12544,1077.5,175.38,2.04,NA,4.7,NA,NA,NA,NA,TRUE
consultations,2021-W36,week,CH,country,15 - 29,agegroup_ili_ari,all,4030.6,32179.6,1250.5,276.57,7.12,NA,24.6,NA,NA,NA,NA,TRUE
consultations,2021-W36,week,CH,country,30 - 64,agegroup_ili_ari,all,6085.7,91713.1,4457.3,140.66,2.89,NA,37.2,NA,NA,NA,NA,TRUE
consultations,2021-W36,week,CH,country,5 - 14,agegroup_ili_ari,all,4298.5,24292.5,1141.2,485.75,10.34,NA,26.3,NA,NA,NA,NA,TRUE
consultations,2021-W36,week,CH,country,65+,agegroup_ili_ari,all,1168.5,35704.5,3718.4,70.02,0.67,NA,7.1,NA,NA,NA,NA,TRUE
consultations,2021-W37,week,CH,country,0 - 4,agegroup_ili_ari,all,638.1,12424.3,1142.7,144.88,1.58,NA,4,NA,NA,NA,NA,TRUE
consultations,2021-W37,week,CH,country,15 - 29,agegroup_ili_ari,all,4292.7,34968.5,1383.9,294.55,7.44,NA,26.8,NA,NA,NA,NA,TRUE
consultations,2021-W37,week,CH,country,30 - 64,agegroup_ili_ari,all,5800.5,101440.8,5053.3,134.07,2.69,NA,36.2,NA,NA,NA,NA,TRUE
consultations,2021-W37,week,CH,country,5 - 14,agegroup_ili_ari,all,3717.8,24516.2,1197.7,420.13,8.6,NA,23.2,NA,NA,NA,NA,TRUE
consultations,2021-W37,week,CH,country,65+,agegroup_ili_ari,all,1562.4,39522.3,4210.3,93.62,0.88,NA,9.8,NA,NA,NA,NA,TRUE
consultations,2021-W38,week,CH,country,0 - 4,agegroup_ili_ari,all,695.4,12034.6,1032.5,157.88,1.84,NA,5.7,NA,NA,NA,NA,TRUE
consultations,2021-W38,week,CH,country,15 - 29,agegroup_ili_ari,all,3132.3,34430.1,1365.1,214.93,5.42,NA,25.8,NA,NA,NA,NA,TRUE
consultations,2021-W38,week,CH,country,30 - 64,agegroup_ili_ari,all,4673.9,100900.5,5019.1,108.03,2.17,NA,38.5,NA,NA,NA,NA,TRUE
consultations,2021-W38,week,CH,country,5 - 14,agegroup_ili_ari,all,2277.3,23703.5,1097.5,257.35,5.56,NA,18.8,NA,NA,NA,NA,TRUE
consultations,2021-W38,week,CH,country,65+,agegroup_ili_ari,all,1360,39266.4,4170.8,81.49,0.77,NA,11.2,NA,NA,NA,NA,TRUE
consultations,2021-W39,week,CH,country,0 - 4,agegroup_ili_ari,all,607.8,12319.9,1043.6,137.99,1.63,NA,6,NA,NA,NA,NA,TRUE
consultations,2021-W39,week,CH,country,15 - 29,agegroup_ili_ari,all,2916.9,32974.9,1306.5,200.15,5.05,NA,28.8,NA,NA,NA,NA,TRUE
consultations,2021-W39,week,CH,country,30 - 64,agegroup_ili_ari,all,3898.2,95453.6,4806.4,90.1,1.79,NA,38.5,NA,NA,NA,NA,TRUE
consultations,2021-W39,week,CH,country,5 - 14,agegroup_ili_ari,all,1610.6,24174.7,1108.3,182.01,3.97,NA,15.9,NA,NA,NA,NA,TRUE
consultations,2021-W39,week,CH,country,65+,agegroup_ili_ari,all,1086.8,36852.3,3931.2,65.12,0.61,NA,10.7,NA,NA,NA,NA,TRUE
consultations,2021-W40,week,CH,country,0 - 4,agegroup_ili_ari,all,836.1,12116.1,937.5,189.83,2.45,NA,9,NA,NA,NA,NA,TRUE
consultations,2021-W40,week,CH,country,15 - 29,agegroup_ili_ari,all,2581.4,32180.1,1138.3,177.13,5.01,NA,27.7,NA,NA,NA,NA,TRUE
consultations,2021-W40,week,CH,country,30 - 64,agegroup_ili_ari,all,3825.5,92741,4191.1,88.42,1.96,NA,41,NA,NA,NA,NA,TRUE
consultations,2021-W40,week,CH,country,5 - 14,agegroup_ili_ari,all,1202.9,23542.2,966.2,135.93,3.31,NA,12.9,NA,NA,NA,NA,TRUE
consultations,2021-W40,week,CH,country,65+,agegroup_ili_ari,all,884.7,35844.5,3464.9,53.01,0.55,NA,9.5,NA,NA,NA,NA,TRUE
consultations,2021-W41,week,CH,country,0 - 4,agegroup_ili_ari,all,313.1,12662.2,890.5,71.08,1.01,NA,4.1,NA,NA,NA,NA,TRUE
consultations,2021-W41,week,CH,country,15 - 29,agegroup_ili_ari,all,2317.4,30815,964.5,159.01,5.08,NA,30.2,NA,NA,NA,NA,TRUE
consultations,2021-W41,week,CH,country,30 - 64,agegroup_ili_ari,all,3569.8,87262.1,3485.8,82.51,2.07,NA,46.5,NA,NA,NA,NA,TRUE
consultations,2021-W41,week,CH,country,5 - 14,agegroup_ili_ari,all,901.3,24544.8,890.4,101.85,2.81,NA,11.7,NA,NA,NA,NA,TRUE
consultations,2021-W41,week,CH,country,65+,agegroup_ili_ari,all,582.3,34390.2,2951.8,34.89,0.41,NA,7.6,NA,NA,NA,NA,TRUE
consultations,2021-W42,week,CH,country,0 - 4,agegroup_ili_ari,all,391.3,13506.2,1088.3,88.85,1.1,NA,4.3,NA,NA,NA,NA,TRUE
consultations,2021-W42,week,CH,country,15 - 29,agegroup_ili_ari,all,2125,32919.7,1194.8,145.81,4.02,NA,23.2,NA,NA,NA,NA,TRUE
consultations,2021-W42,week,CH,country,30 - 64,agegroup_ili_ari,all,4199.3,93757.1,4259.4,97.06,2.14,NA,45.9,NA,NA,NA,NA,TRUE
consultations,2021-W42,week,CH,country,5 - 14,agegroup_ili_ari,all,1424.3,26095.7,1118,160.95,3.76,NA,15.6,NA,NA,NA,NA,TRUE
consultations,2021-W42,week,CH,country,65+,agegroup_ili_ari,all,1001.8,36648.6,3537.5,60.03,0.62,NA,11,NA,NA,NA,NA,TRUE
consultations,2021-W43,week,CH,country,0 - 4,agegroup_ili_ari,all,373.4,10617.2,892.9,84.77,1.01,NA,2.8,NA,NA,NA,NA,TRUE
consultations,2021-W43,week,CH,country,15 - 29,agegroup_ili_ari,all,3289.6,32340.7,1361.3,225.72,5.36,NA,24.6,NA,NA,NA,NA,TRUE
consultations,2021-W43,week,CH,country,30 - 64,agegroup_ili_ari,all,6113.8,96242.4,5157.1,141.31,2.64,NA,45.8,NA,NA,NA,NA,TRUE
consultations,2021-W43,week,CH,country,5 - 14,agegroup_ili_ari,all,2283.8,20923.8,969.4,258.08,5.57,NA,17.1,NA,NA,NA,NA,TRUE
consultations,2021-W43,week,CH,country,65+,agegroup_ili_ari,all,1288.9,37548.1,4289.2,77.23,0.68,NA,9.7,NA,NA,NA,NA,TRUE
consultations,2021-W44,week,CH,country,0 - 4,agegroup_ili_ari,all,978.2,12157.4,1062.5,222.09,2.54,NA,6.5,NA,NA,NA,NA,TRUE
consultations,2021-W44,week,CH,country,15 - 29,agegroup_ili_ari,all,3613.1,33075.1,1349.5,247.92,6.08,NA,24,NA,NA,NA,NA,TRUE
consultations,2021-W44,week,CH,country,30 - 64,agegroup_ili_ari,all,5210.8,95481.8,4952.7,120.44,2.32,NA,34.6,NA,NA,NA,NA,TRUE
consultations,2021-W44,week,CH,country,5 - 14,agegroup_ili_ari,all,3366.7,23656.1,1105.1,380.45,8.14,NA,22.3,NA,NA,NA,NA,TRUE
consultations,2021-W44,week,CH,country,65+,agegroup_ili_ari,all,1904,36813.8,4033.2,114.09,1.04,NA,12.6,NA,NA,NA,NA,TRUE
consultations,2021-W45,week,CH,country,0 - 4,agegroup_ili_ari,all,902.3,12203.4,1185,204.86,2.11,NA,4.7,NA,NA,NA,NA,TRUE
consultations,2021-W45,week,CH,country,15 - 29,agegroup_ili_ari,all,4257,32865.8,1435.8,292.1,6.69,NA,22.1,NA,NA,NA,NA,TRUE
consultations,2021-W45,week,CH,country,30 - 64,agegroup_ili_ari,all,6910.3,94538.9,5193.9,159.72,2.91,NA,35.9,NA,NA,NA,NA,TRUE
consultations,2021-W45,week,CH,country,5 - 14,agegroup_ili_ari,all,4355.7,23769.9,1237.3,492.22,9.46,NA,22.6,NA,NA,NA,NA,TRUE
consultations,2021-W45,week,CH,country,65+,agegroup_ili_ari,all,2817.5,36723.6,4313,168.83,1.44,NA,14.6,NA,NA,NA,NA,TRUE
consultations,2021-W46,week,CH,country,0 - 4,agegroup_ili_ari,all,1287.1,12661.5,1274,292.22,2.9,NA,5.7,NA,NA,NA,NA,TRUE
consultations,2021-W46,week,CH,country,15 - 29,agegroup_ili_ari,all,4932.9,33680.1,1476.1,338.48,7.72,NA,21.7,NA,NA,NA,NA,TRUE
consultations,2021-W46,week,CH,country,30 - 64,agegroup_ili_ari,all,9634.3,97000.2,5292.7,222.68,4.08,NA,42.5,NA,NA,NA,NA,TRUE
consultations,2021-W46,week,CH,country,5 - 14,agegroup_ili_ari,all,4484,24668.9,1318.9,506.71,9.48,NA,19.8,NA,NA,NA,NA,TRUE
consultations,2021-W46,week,CH,country,65+,agegroup_ili_ari,all,2345.2,37713.2,4388.3,140.53,1.21,NA,10.3,NA,NA,NA,NA,TRUE
consultations,2021-W47,week,CH,country,0 - 4,agegroup_ili_ari,all,2023.8,12840.6,1324.8,459.48,4.45,NA,6.6,NA,NA,NA,NA,TRUE
consultations,2021-W47,week,CH,country,15 - 29,agegroup_ili_ari,all,6330.7,33610.3,1470.6,434.39,9.93,NA,20.8,NA,NA,NA,NA,TRUE
consultations,2021-W47,week,CH,country,30 - 64,agegroup_ili_ari,all,12640.3,96865.3,5205.3,292.16,5.44,NA,41.5,NA,NA,NA,NA,TRUE
consultations,2021-W47,week,CH,country,5 - 14,agegroup_ili_ari,all,5640.6,24944.6,1372.5,637.41,11.58,NA,18.5,NA,NA,NA,NA,TRUE
consultations,2021-W47,week,CH,country,65+,agegroup_ili_ari,all,3816.5,37605.6,4309.8,228.69,2,NA,12.5,NA,NA,NA,NA,TRUE
consultations,2021-W48,week,CH,country,0 - 4,agegroup_ili_ari,all,2191.2,12663.6,1338.6,497.49,4.71,NA,6.3,NA,NA,NA,NA,TRUE
consultations,2021-W48,week,CH,country,15 - 29,agegroup_ili_ari,all,5786.5,34252.4,1474,397.05,9.23,NA,16.6,NA,NA,NA,NA,TRUE
consultations,2021-W48,week,CH,country,30 - 64,agegroup_ili_ari,all,15096,99162.9,5257,348.92,6.58,NA,43.3,NA,NA,NA,NA,TRUE
consultations,2021-W48,week,CH,country,5 - 14,agegroup_ili_ari,all,8247.2,24678.8,1365.5,931.97,16.84,NA,23.7,NA,NA,NA,NA,TRUE
consultations,2021-W48,week,CH,country,65+,agegroup_ili_ari,all,3515.9,38447.3,4334.9,210.68,1.87,NA,10.1,NA,NA,NA,NA,TRUE
consultations,2021-W49,week,CH,country,0 - 4,agegroup_ili_ari,all,2157.7,12655.9,1352.9,489.89,4.58,NA,6.9,NA,NA,NA,NA,TRUE
consultations,2021-W49,week,CH,country,15 - 29,agegroup_ili_ari,all,5801.4,34918.8,1538.1,398.07,9.04,NA,18.4,NA,NA,NA,NA,TRUE
consultations,2021-W49,week,CH,country,30 - 64,agegroup_ili_ari,all,13275,101357.7,5488.9,306.83,5.67,NA,42.2,NA,NA,NA,NA,TRUE
consultations,2021-W49,week,CH,country,5 - 14,agegroup_ili_ari,all,6871.3,24726.8,1396.9,776.49,13.74,NA,21.8,NA,NA,NA,NA,TRUE
consultations,2021-W49,week,CH,country,65+,agegroup_ili_ari,all,3386.1,39428,4548.1,202.9,1.76,NA,10.8,NA,NA,NA,NA,TRUE
consultations,2021-W50,week,CH,country,0 - 4,agegroup_ili_ari,all,2866.4,11831.7,1306,650.8,5.9,NA,10,NA,NA,NA,NA,TRUE
consultations,2021-W50,week,CH,country,15 - 29,agegroup_ili_ari,all,4985.1,35373.7,1598.5,342.06,7.57,NA,17.5,NA,NA,NA,NA,TRUE
consultations,2021-W50,week,CH,country,30 - 64,agegroup_ili_ari,all,11250.6,104214.7,5862.2,260.04,4.62,NA,39.4,NA,NA,NA,NA,TRUE
consultations,2021-W50,week,CH,country,5 - 14,agegroup_ili_ari,all,6290.2,23353.3,1347.3,710.82,12.32,NA,22,NA,NA,NA,NA,TRUE
consultations,2021-W50,week,CH,country,65+,agegroup_ili_ari,all,3165.7,40593.1,4854.1,189.69,1.59,NA,11.1,NA,NA,NA,NA,TRUE
consultations,2021-W51,week,CH,country,0 - 4,agegroup_ili_ari,all,2992,8685.4,986.1,679.3,5.98,NA,10.6,NA,NA,NA,NA,TRUE
consultations,2021-W51,week,CH,country,15 - 29,agegroup_ili_ari,all,4947.3,24155.1,1088.5,339.47,7.53,NA,17.5,NA,NA,NA,NA,TRUE
consultations,2021-W51,week,CH,country,30 - 64,agegroup_ili_ari,all,11450.5,70656,3943.6,264.66,4.74,NA,40.5,NA,NA,NA,NA,TRUE
consultations,2021-W51,week,CH,country,5 - 14,agegroup_ili_ari,all,5043.2,17020.3,980.2,569.91,9.9,NA,17.9,NA,NA,NA,NA,TRUE
consultations,2021-W51,week,CH,country,65+,agegroup_ili_ari,all,3817.8,27539,3278.6,228.77,1.92,NA,13.5,NA,NA,NA,NA,TRUE
consultations,2021-W52,week,CH,country,0 - 4,agegroup_ili_ari,all,1863.4,9691.3,470.8,423.06,8.71,NA,8.9,NA,NA,NA,NA,TRUE
consultations,2021-W52,week,CH,country,15 - 29,agegroup_ili_ari,all,3426,30627.7,602.2,235.08,11.96,NA,16.4,NA,NA,NA,NA,TRUE
consultations,2021-W52,week,CH,country,30 - 64,agegroup_ili_ari,all,10818.9,90779.1,2270.5,250.06,10,NA,51.7,NA,NA,NA,NA,TRUE
consultations,2021-W52,week,CH,country,5 - 14,agegroup_ili_ari,all,2117.3,19226,461.6,239.26,9.96,NA,10.1,NA,NA,NA,NA,TRUE
consultations,2021-W52,week,CH,country,65+,agegroup_ili_ari,all,2709.4,35725.8,1935.9,162.35,3,NA,12.9,NA,NA,NA,NA,TRUE
consultations,2022-W01,week,CH,country,0 - 4,agegroup_ili_ari,all,1622.2,9955.4,657,371.66,5.63,NA,5.5,NA,NA,NA,NA,TRUE
consultations,2022-W01,week,CH,country,15 - 29,agegroup_ili_ari,all,8107.5,43520.2,1178.2,556.06,20.54,NA,27.7,NA,NA,NA,NA,TRUE
consultations,2022-W01,week,CH,country,30 - 64,agegroup_ili_ari,all,12596.9,135839.8,4287,288.58,9.14,NA,43,NA,NA,NA,NA,TRUE
consultations,2022-W01,week,CH,country,5 - 14,agegroup_ili_ari,all,4479.2,21004.8,697.9,499.89,15.05,NA,15.3,NA,NA,NA,NA,TRUE
consultations,2022-W01,week,CH,country,65+,agegroup_ili_ari,all,2503.4,52948.2,3550,147.31,2.2,NA,8.5,NA,NA,NA,NA,TRUE
consultations,2022-W02,week,CH,country,0 - 4,agegroup_ili_ari,all,3731.9,10175.2,1156.2,855.02,7.52,NA,8.4,NA,NA,NA,NA,TRUE
consultations,2022-W02,week,CH,country,15 - 29,agegroup_ili_ari,all,9532.6,33190.6,1482.9,653.8,14.63,NA,21.5,NA,NA,NA,NA,TRUE
consultations,2022-W02,week,CH,country,30 - 64,agegroup_ili_ari,all,19594.6,99133.7,5158.8,448.89,8.63,NA,44.1,NA,NA,NA,NA,TRUE
consultations,2022-W02,week,CH,country,5 - 14,agegroup_ili_ari,all,7019.5,20934.5,1192.1,783.4,13.76,NA,15.8,NA,NA,NA,NA,TRUE
consultations,2022-W02,week,CH,country,65+,agegroup_ili_ari,all,4540.3,38926.2,4357.1,267.17,2.39,NA,10.2,NA,NA,NA,NA,TRUE
consultations,2022-W03,week,CH,country,0 - 4,agegroup_ili_ari,all,3924.9,9897.3,1170,899.24,7.61,NA,8.4,NA,NA,NA,NA,TRUE
consultations,2022-W03,week,CH,country,15 - 29,agegroup_ili_ari,all,9999.9,30910.5,1405.2,685.85,15.09,NA,21.5,NA,NA,NA,NA,TRUE
consultations,2022-W03,week,CH,country,30 - 64,agegroup_ili_ari,all,19907.1,91876.7,4814.4,456.05,8.7,NA,42.8,NA,NA,NA,NA,TRUE
consultations,2022-W03,week,CH,country,5 - 14,agegroup_ili_ari,all,9493.3,20293,1197.5,1059.48,17.95,NA,20.4,NA,NA,NA,NA,TRUE
consultations,2022-W03,week,CH,country,65+,agegroup_ili_ari,all,3149.7,36149.5,4078,185.34,1.64,NA,6.8,NA,NA,NA,NA,TRUE
consultations,2022-W04,week,CH,country,0 - 4,agegroup_ili_ari,all,4698.3,9289.9,1120.9,1076.44,8.92,NA,10.6,NA,NA,NA,NA,TRUE
consultations,2022-W04,week,CH,country,15 - 29,agegroup_ili_ari,all,7017.5,32204.6,1428.3,481.3,10.85,NA,15.8,NA,NA,NA,NA,TRUE
consultations,2022-W04,week,CH,country,30 - 64,agegroup_ili_ari,all,18653,97118,4953.1,427.32,8.38,NA,42,NA,NA,NA,NA,TRUE
consultations,2022-W04,week,CH,country,5 - 14,agegroup_ili_ari,all,10205.1,19316.6,1167.4,1138.92,18.84,NA,23,NA,NA,NA,NA,TRUE
consultations,2022-W04,week,CH,country,65+,agegroup_ili_ari,all,3837.5,38085.9,4169.3,225.81,2.06,NA,8.6,NA,NA,NA,NA,TRUE
consultations,2022-W05,week,CH,country,0 - 4,agegroup_ili_ari,all,3671.9,9747.2,1170.7,841.27,7,NA,10,NA,NA,NA,NA,TRUE
consultations,2022-W05,week,CH,country,15 - 29,agegroup_ili_ari,all,6696.9,30480.6,1327.9,459.31,10.54,NA,18.2,NA,NA,NA,NA,TRUE
consultations,2022-W05,week,CH,country,30 - 64,agegroup_ili_ari,all,15183.6,90270.2,4476.9,347.84,7.01,NA,41.3,NA,NA,NA,NA,TRUE
consultations,2022-W05,week,CH,country,5 - 14,agegroup_ili_ari,all,8446.9,20048.7,1198.3,942.7,15.77,NA,23,NA,NA,NA,NA,TRUE
consultations,2022-W05,week,CH,country,65+,agegroup_ili_ari,all,2790.3,35324.6,3757.2,164.19,1.54,NA,7.6,NA,NA,NA,NA,TRUE
consultations,2022-W06,week,CH,country,0 - 4,agegroup_ili_ari,all,2581,9131.9,1129.3,591.34,4.78,NA,9.1,NA,NA,NA,NA,TRUE
consultations,2022-W06,week,CH,country,15 - 29,agegroup_ili_ari,all,4779.3,30812.6,1323.7,327.79,7.63,NA,16.8,NA,NA,NA,NA,TRUE
consultations,2022-W06,week,CH,country,30 - 64,agegroup_ili_ari,all,12642.3,92536.2,4503.3,289.62,5.95,NA,44.3,NA,NA,NA,NA,TRUE
consultations,2022-W06,week,CH,country,5 - 14,agegroup_ili_ari,all,5455.8,18887,1164.1,608.89,9.88,NA,19.1,NA,NA,NA,NA,TRUE
consultations,2022-W06,week,CH,country,65+,agegroup_ili_ari,all,3059.6,36102.2,3739.6,180.04,1.74,NA,10.7,NA,NA,NA,NA,TRUE
consultations,2022-W07,week,CH,country,0 - 4,agegroup_ili_ari,all,1884,9961.7,1160.3,431.65,3.71,NA,8.4,NA,NA,NA,NA,TRUE
consultations,2022-W07,week,CH,country,15 - 29,agegroup_ili_ari,all,4151.4,31257.3,1320.5,284.73,6.74,NA,18.6,NA,NA,NA,NA,TRUE
consultations,2022-W07,week,CH,country,30 - 64,agegroup_ili_ari,all,9329.1,93114.1,4470.2,213.72,4.45,NA,41.7,NA,NA,NA,NA,TRUE
consultations,2022-W07,week,CH,country,5 - 14,agegroup_ili_ari,all,4633,20500.5,1190.5,517.06,8.9,NA,20.7,NA,NA,NA,NA,TRUE
consultations,2022-W07,week,CH,country,65+,agegroup_ili_ari,all,2369.8,36573,3767.6,139.45,1.35,NA,10.6,NA,NA,NA,NA,TRUE
consultations,2022-W08,week,CH,country,0 - 4,agegroup_ili_ari,all,1811,8676.5,957.8,414.91,3.76,NA,9.7,NA,NA,NA,NA,TRUE
consultations,2022-W08,week,CH,country,15 - 29,agegroup_ili_ari,all,4326.1,28984.5,1226.2,296.71,7.01,NA,23.2,NA,NA,NA,NA,TRUE
consultations,2022-W08,week,CH,country,30 - 64,agegroup_ili_ari,all,7752.9,87268.5,4277.2,177.61,3.62,NA,41.6,NA,NA,NA,NA,TRUE
consultations,2022-W08,week,CH,country,5 - 14,agegroup_ili_ari,all,2890.7,17978.5,1010.4,322.61,5.74,NA,15.5,NA,NA,NA,NA,TRUE
consultations,2022-W08,week,CH,country,65+,agegroup_ili_ari,all,1837.6,34217,3597.4,108.13,1.03,NA,9.9,NA,NA,NA,NA,TRUE
consultations,2022-W09,week,CH,country,0 - 4,agegroup_ili_ari,all,1567.2,8633.5,939.5,359.07,3.3,NA,6.3,NA,NA,NA,NA,TRUE
consultations,2022-W09,week,CH,country,15 - 29,agegroup_ili_ari,all,6036.5,28984.1,1205.5,414.02,9.95,NA,24.4,NA,NA,NA,NA,TRUE
consultations,2022-W09,week,CH,country,30 - 64,agegroup_ili_ari,all,11630.4,87073.7,4156.1,266.44,5.58,NA,47,NA,NA,NA,NA,TRUE
consultations,2022-W09,week,CH,country,5 - 14,agegroup_ili_ari,all,2549.6,17572.3,940.4,284.54,5.32,NA,10.3,NA,NA,NA,NA,TRUE
consultations,2022-W09,week,CH,country,65+,agegroup_ili_ari,all,2986.6,34140.4,3486.5,175.74,1.72,NA,12.1,NA,NA,NA,NA,TRUE
consultations,2022-W10,week,CH,country,0 - 4,agegroup_ili_ari,all,1394.7,9701.5,1065.3,319.54,2.91,NA,4.5,NA,NA,NA,NA,TRUE
consultations,2022-W10,week,CH,country,15 - 29,agegroup_ili_ari,all,6979,32382.3,1365.5,478.66,11.35,NA,22.3,NA,NA,NA,NA,TRUE
consultations,2022-W10,week,CH,country,30 - 64,agegroup_ili_ari,all,15344.3,97007,4741.6,351.52,7.19,NA,49,NA,NA,NA,NA,TRUE
consultations,2022-W10,week,CH,country,5 - 14,agegroup_ili_ari,all,2630.5,20097.4,1101.9,293.57,5.35,NA,8.4,NA,NA,NA,NA,TRUE
consultations,2022-W10,week,CH,country,65+,agegroup_ili_ari,all,4936.6,37866.5,3953.7,290.49,2.78,NA,15.8,NA,NA,NA,NA,TRUE
consultations,2022-W11,week,CH,country,0 - 4,agegroup_ili_ari,all,2010.4,10204.2,1187.5,460.6,3.96,NA,6,NA,NA,NA,NA,TRUE
consultations,2022-W11,week,CH,country,15 - 29,agegroup_ili_ari,all,8344,32152.1,1412.4,572.28,13.03,NA,25,NA,NA,NA,NA,TRUE
consultations,2022-W11,week,CH,country,30 - 64,agegroup_ili_ari,all,13596.5,95349.9,4819.2,311.48,6.16,NA,40.8,NA,NA,NA,NA,TRUE
consultations,2022-W11,week,CH,country,5 - 14,agegroup_ili_ari,all,4545.4,20895.8,1216.5,507.28,8.71,NA,13.6,NA,NA,NA,NA,TRUE
consultations,2022-W11,week,CH,country,65+,agegroup_ili_ari,all,4832.5,37276.8,4030.5,284.36,2.63,NA,14.5,NA,NA,NA,NA,TRUE
consultations,2022-W12,week,CH,country,0 - 4,agegroup_ili_ari,all,1408.4,9917.1,1118,322.67,2.86,NA,4.9,NA,NA,NA,NA,TRUE
consultations,2022-W12,week,CH,country,15 - 29,agegroup_ili_ari,all,4805.1,32467.3,1376.7,329.56,7.77,NA,16.7,NA,NA,NA,NA,TRUE
consultations,2022-W12,week,CH,country,30 - 64,agegroup_ili_ari,all,13113.2,96535.8,4697.4,300.41,6.17,NA,45.4,NA,NA,NA,NA,TRUE
consultations,2022-W12,week,CH,country,5 - 14,agegroup_ili_ari,all,4661.7,20374.6,1139.1,520.26,9.31,NA,16.2,NA,NA,NA,NA,TRUE
consultations,2022-W12,week,CH,country,65+,agegroup_ili_ari,all,4869.3,37691.8,3919.8,286.53,2.76,NA,16.9,NA,NA,NA,NA,TRUE
consultations,2022-W13,week,CH,country,0 - 4,agegroup_ili_ari,all,1158.8,12805.9,1306,265.5,2.6,NA,5.8,NA,NA,NA,NA,TRUE
consultations,2022-W13,week,CH,country,15 - 29,agegroup_ili_ari,all,4427,36228.5,1456.2,303.63,7.55,NA,22.3,NA,NA,NA,NA,TRUE
consultations,2022-W13,week,CH,country,30 - 64,agegroup_ili_ari,all,7206.4,105398.9,4878.5,165.09,3.57,NA,36.3,NA,NA,NA,NA,TRUE
consultations,2022-W13,week,CH,country,5 - 14,agegroup_ili_ari,all,3626.8,25941.3,1324,404.76,7.93,NA,18.3,NA,NA,NA,NA,TRUE
consultations,2022-W13,week,CH,country,65+,agegroup_ili_ari,all,3435.2,41060,4054.3,202.14,2.05,NA,17.3,NA,NA,NA,NA,TRUE
consultations,2022-W14,week,CH,country,0 - 4,agegroup_ili_ari,all,879.5,12406.7,1209.7,201.5,2.07,NA,6.8,NA,NA,NA,NA,TRUE
consultations,2022-W14,week,CH,country,15 - 29,agegroup_ili_ari,all,2559.9,35313.2,1365.5,175.57,4.54,NA,19.9,NA,NA,NA,NA,TRUE
consultations,2022-W14,week,CH,country,30 - 64,agegroup_ili_ari,all,5621.8,103268.4,4616.2,128.79,2.88,NA,43.8,NA,NA,NA,NA,TRUE
consultations,2022-W14,week,CH,country,5 - 14,agegroup_ili_ari,all,1982.7,25307.8,1240.4,221.28,4.51,NA,15.4,NA,NA,NA,NA,TRUE
consultations,2022-W14,week,CH,country,65+,agegroup_ili_ari,all,1804.6,40494.4,3889.2,106.19,1.11,NA,14,NA,NA,NA,NA,TRUE
consultations,2022-W15,week,CH,country,0 - 4,agegroup_ili_ari,all,1082.3,9275.2,873.7,247.97,2.63,NA,7.9,NA,NA,NA,NA,TRUE
consultations,2022-W15,week,CH,country,15 - 29,agegroup_ili_ari,all,2172.8,27513.9,1047.2,149.02,3.92,NA,15.8,NA,NA,NA,NA,TRUE
consultations,2022-W15,week,CH,country,30 - 64,agegroup_ili_ari,all,5593,81170.5,3593.8,128.13,2.89,NA,40.8,NA,NA,NA,NA,TRUE
consultations,2022-W15,week,CH,country,5 - 14,agegroup_ili_ari,all,2038.6,18900.4,894.8,227.51,4.81,NA,14.9,NA,NA,NA,NA,TRUE
consultations,2022-W15,week,CH,country,65+,agegroup_ili_ari,all,2833.1,31791.2,3014.4,166.71,1.76,NA,20.6,NA,NA,NA,NA,TRUE
consultations,2022-W16,week,CH,country,0 - 4,agegroup_ili_ari,all,812.8,8592.4,742.2,186.21,2.16,NA,7.8,NA,NA,NA,NA,TRUE
consultations,2022-W16,week,CH,country,15 - 29,agegroup_ili_ari,all,2027.4,22294.2,800.7,139.05,3.87,NA,19.4,NA,NA,NA,NA,TRUE
consultations,2022-W16,week,CH,country,30 - 64,agegroup_ili_ari,all,4625.7,64171.4,2635.5,105.97,2.58,NA,44.2,NA,NA,NA,NA,TRUE
consultations,2022-W16,week,CH,country,5 - 14,agegroup_ili_ari,all,677,17206.1,748.2,75.55,1.74,NA,6.5,NA,NA,NA,NA,TRUE
consultations,2022-W16,week,CH,country,65+,agegroup_ili_ari,all,2311.5,24996.5,2192.5,136.02,1.55,NA,22.1,NA,NA,NA,NA,TRUE
consultations,2022-W17,week,CH,country,0 - 4,agegroup_ili_ari,all,889.4,11287.1,1025.9,203.77,2.24,NA,11.8,NA,NA,NA,NA,TRUE
consultations,2022-W17,week,CH,country,15 - 29,agegroup_ili_ari,all,1451.8,32138.3,1200.6,99.57,2.67,NA,19.3,NA,NA,NA,NA,TRUE
consultations,2022-W17,week,CH,country,30 - 64,agegroup_ili_ari,all,3275.6,94621.8,4096.7,75.04,1.73,NA,43.6,NA,NA,NA,NA,TRUE
consultations,2022-W17,week,CH,country,5 - 14,agegroup_ili_ari,all,663,22976.8,1053.5,73.99,1.61,NA,8.8,NA,NA,NA,NA,TRUE
consultations,2022-W17,week,CH,country,65+,agegroup_ili_ari,all,1233.1,37210.1,3459.3,72.56,0.78,NA,16.4,NA,NA,NA,NA,TRUE
consultations,2022-W18,week,CH,country,0 - 4,agegroup_ili_ari,all,882.4,11376.4,1043.1,202.17,2.2,NA,12.9,NA,NA,NA,NA,TRUE
consultations,2022-W18,week,CH,country,15 - 29,agegroup_ili_ari,all,1526.3,33434,1257.7,104.68,2.78,NA,22.3,NA,NA,NA,NA,TRUE
consultations,2022-W18,week,CH,country,30 - 64,agegroup_ili_ari,all,2308.7,98308.4,4301.4,52.89,1.21,NA,33.7,NA,NA,NA,NA,TRUE
consultations,2022-W18,week,CH,country,5 - 14,agegroup_ili_ari,all,808.7,23268.8,1077.3,90.25,1.95,NA,11.8,NA,NA,NA,NA,TRUE
consultations,2022-W18,week,CH,country,65+,agegroup_ili_ari,all,1328.1,38389.9,3589.5,78.15,0.84,NA,19.4,NA,NA,NA,NA,TRUE
consultations,2022-W19,week,CH,country,0 - 4,agegroup_ili_ari,all,513.3,10203.3,1014.3,117.61,1.18,NA,8.6,NA,NA,NA,NA,TRUE
consultations,2022-W19,week,CH,country,15 - 29,agegroup_ili_ari,all,1255.4,32521.3,1289.9,86.1,2.17,NA,20.9,NA,NA,NA,NA,TRUE
consultations,2022-W19,week,CH,country,30 - 64,agegroup_ili_ari,all,2118,96864,4447.2,48.52,1.06,NA,35.3,NA,NA,NA,NA,TRUE
consultations,2022-W19,week,CH,country,5 - 14,agegroup_ili_ari,all,765.3,21074.3,1058.5,85.41,1.7,NA,12.8,NA,NA,NA,NA,TRUE
consultations,2022-W19,week,CH,country,65+,agegroup_ili_ari,all,1344.1,37929.8,3736.1,79.09,0.8,NA,22.4,NA,NA,NA,NA,TRUE
consultations,2022-W20,week,CH,country,0 - 4,agegroup_ili_ari,all,335.6,11703.4,1194.6,76.9,0.75,NA,5.3,NA,NA,NA,NA,TRUE
consultations,2022-W20,week,CH,country,15 - 29,agegroup_ili_ari,all,1638.1,33822.6,1351.8,112.35,2.81,NA,25.7,NA,NA,NA,NA,TRUE
consultations,2022-W20,week,CH,country,30 - 64,agegroup_ili_ari,all,2429.2,98832.9,4536.6,55.65,1.21,NA,38.1,NA,NA,NA,NA,TRUE
consultations,2022-W20,week,CH,country,5 - 14,agegroup_ili_ari,all,830.2,23744.8,1203.9,92.65,1.83,NA,13,NA,NA,NA,NA,TRUE
consultations,2022-W20,week,CH,country,65+,agegroup_ili_ari,all,1146.4,38543.6,3773,67.46,0.69,NA,18,NA,NA,NA,NA,TRUE
consultations,2022-W21,week,CH,country,0 - 4,agegroup_ili_ari,all,235.3,9275,910.9,53.91,0.55,NA,5.3,NA,NA,NA,NA,TRUE
consultations,2022-W21,week,CH,country,15 - 29,agegroup_ili_ari,all,864,26999.8,1033.2,59.26,1.55,NA,19.5,NA,NA,NA,NA,TRUE
consultations,2022-W21,week,CH,country,30 - 64,agegroup_ili_ari,all,1873.5,79215.4,3463.4,42.92,0.98,NA,42.3,NA,NA,NA,NA,TRUE
consultations,2022-W21,week,CH,country,5 - 14,agegroup_ili_ari,all,524.8,18779.6,920.8,58.57,1.19,NA,11.8,NA,NA,NA,NA,TRUE
consultations,2022-W21,week,CH,country,65+,agegroup_ili_ari,all,933.2,30958.8,2893.7,54.91,0.59,NA,21.1,NA,NA,NA,NA,TRUE
consultations,2022-W22,week,CH,country,0 - 4,agegroup_ili_ari,all,315.9,11054.4,1082.5,72.37,0.74,NA,5.8,NA,NA,NA,NA,TRUE
consultations,2022-W22,week,CH,country,15 - 29,agegroup_ili_ari,all,1198.1,32859.2,1261.3,82.17,2.14,NA,22,NA,NA,NA,NA,TRUE
consultations,2022-W22,week,CH,country,30 - 64,agegroup_ili_ari,all,2754.4,96670.9,4287.5,63.1,1.42,NA,50.5,NA,NA,NA,NA,TRUE
consultations,2022-W22,week,CH,country,5 - 14,agegroup_ili_ari,all,558.1,22474.6,1099.4,62.29,1.27,NA,10.2,NA,NA,NA,NA,TRUE
consultations,2022-W22,week,CH,country,65+,agegroup_ili_ari,all,626.4,37977.8,3623.3,36.86,0.39,NA,11.5,NA,NA,NA,NA,TRUE
consultations,2022-W23,week,CH,country,0 - 4,agegroup_ili_ari,all,648,8082.8,842.4,148.46,1.42,NA,7.9,NA,NA,NA,NA,TRUE
consultations,2022-W23,week,CH,country,15 - 29,agegroup_ili_ari,all,1676.4,26961.3,1085.4,114.98,2.86,NA,20.3,NA,NA,NA,NA,TRUE
consultations,2022-W23,week,CH,country,30 - 64,agegroup_ili_ari,all,3612.6,80956.3,3787.5,82.76,1.77,NA,43.8,NA,NA,NA,NA,TRUE
consultations,2022-W23,week,CH,country,5 - 14,agegroup_ili_ari,all,1180.3,16702.5,868.1,131.72,2.53,NA,14.3,NA,NA,NA,NA,TRUE
consultations,2022-W23,week,CH,country,65+,agegroup_ili_ari,all,1124,31749.1,3182.6,66.14,0.66,NA,13.6,NA,NA,NA,NA,TRUE
consultations,2022-W24,week,CH,country,0 - 4,agegroup_ili_ari,all,1114.3,10967.9,1107.8,255.29,2.53,NA,12.8,NA,NA,NA,NA,TRUE
consultations,2022-W24,week,CH,country,15 - 29,agegroup_ili_ari,all,1560.5,32702.2,1294.3,107.03,2.7,NA,18,NA,NA,NA,NA,TRUE
consultations,2022-W24,week,CH,country,30 - 64,agegroup_ili_ari,all,3490.3,96297.5,4404.5,79.96,1.75,NA,40.2,NA,NA,NA,NA,TRUE
consultations,2022-W24,week,CH,country,5 - 14,agegroup_ili_ari,all,1163,22342.1,1124.5,129.8,2.58,NA,13.4,NA,NA,NA,NA,TRUE
consultations,2022-W24,week,CH,country,65+,agegroup_ili_ari,all,1349.8,37770.1,3707.9,79.43,0.81,NA,15.6,NA,NA,NA,NA,TRUE
consultations,2022-W25,week,CH,country,0 - 4,agegroup_ili_ari,all,722.7,11474.8,1159.8,165.58,1.64,NA,6.5,NA,NA,NA,NA,TRUE
consultations,2022-W25,week,CH,country,15 - 29,agegroup_ili_ari,all,1796.7,34083.3,1353.9,123.23,3.1,NA,16.2,NA,NA,NA,NA,TRUE
consultations,2022-W25,week,CH,country,30 - 64,agegroup_ili_ari,all,4806.9,99891.8,4562.8,110.12,2.41,NA,43.3,NA,NA,NA,NA,TRUE
consultations,2022-W25,week,CH,country,5 - 14,agegroup_ili_ari,all,1195.5,23235.3,1162.4,133.42,2.67,NA,10.8,NA,NA,NA,NA,TRUE
consultations,2022-W25,week,CH,country,65+,agegroup_ili_ari,all,2567.1,39057.9,3820.1,151.06,1.54,NA,23.2,NA,NA,NA,NA,TRUE
consultations,2022-W26,week,CH,country,0 - 4,agegroup_ili_ari,all,1065.9,11056.6,1135.1,244.2,2.38,NA,8,NA,NA,NA,NA,TRUE
consultations,2022-W26,week,CH,country,15 - 29,agegroup_ili_ari,all,2310.8,31546.9,1263.1,158.49,3.96,NA,17.4,NA,NA,NA,NA,TRUE
consultations,2022-W26,week,CH,country,30 - 64,agegroup_ili_ari,all,5585.6,92213.8,4222.6,127.96,2.79,NA,42.1,NA,NA,NA,NA,TRUE
consultations,2022-W26,week,CH,country,5 - 14,agegroup_ili_ari,all,1044.1,22313.9,1134.4,116.52,2.29,NA,7.9,NA,NA,NA,NA,TRUE
consultations,2022-W26,week,CH,country,65+,agegroup_ili_ari,all,3252,36057.2,3524.8,191.36,1.96,NA,24.5,NA,NA,NA,NA,TRUE
consultations,2022-W27,week,CH,country,0 - 4,agegroup_ili_ari,all,1004.7,8254,801.6,230.19,2.37,NA,7.9,NA,NA,NA,NA,TRUE
consultations,2022-W27,week,CH,country,15 - 29,agegroup_ili_ari,all,2723.9,28904.8,1107.5,186.82,4.88,NA,21.3,NA,NA,NA,NA,TRUE
consultations,2022-W27,week,CH,country,30 - 64,agegroup_ili_ari,all,5724.4,87689.7,3895.3,131.14,2.95,NA,44.8,NA,NA,NA,NA,TRUE
consultations,2022-W27,week,CH,country,5 - 14,agegroup_ili_ari,all,890.9,17097,829.8,99.43,2.05,NA,7,NA,NA,NA,NA,TRUE
consultations,2022-W27,week,CH,country,65+,agegroup_ili_ari,all,2432.2,34236.8,3242.7,143.12,1.51,NA,19,NA,NA,NA,NA,TRUE
consultations,2022-W28,week,CH,country,0 - 4,agegroup_ili_ari,all,851,8718.8,757.8,194.98,2.24,NA,6.5,NA,NA,NA,NA,TRUE
consultations,2022-W28,week,CH,country,15 - 29,agegroup_ili_ari,all,2831.8,28834,1006.1,194.22,5.57,NA,21.8,NA,NA,NA,NA,TRUE
consultations,2022-W28,week,CH,country,30 - 64,agegroup_ili_ari,all,5878.1,86142.8,3487.4,134.66,3.33,NA,45.2,NA,NA,NA,NA,TRUE
consultations,2022-W28,week,CH,country,5 - 14,agegroup_ili_ari,all,896.3,17995.5,793.1,100.03,2.27,NA,6.9,NA,NA,NA,NA,TRUE
consultations,2022-W28,week,CH,country,65+,agegroup_ili_ari,all,2539.4,33461.5,2882.6,149.43,1.73,NA,19.5,NA,NA,NA,NA,TRUE
consultations,2022-W29,week,CH,country,0 - 4,agegroup_ili_ari,all,806.9,10277.8,705.2,184.86,2.69,NA,7.1,NA,NA,NA,NA,TRUE
consultations,2022-W29,week,CH,country,15 - 29,agegroup_ili_ari,all,1868.9,33545.7,1038.8,128.18,4.14,NA,16.4,NA,NA,NA,NA,TRUE
consultations,2022-W29,week,CH,country,30 - 64,agegroup_ili_ari,all,5539.8,100073.3,3704.4,126.91,3.43,NA,48.7,NA,NA,NA,NA,TRUE
consultations,2022-W29,week,CH,country,5 - 14,agegroup_ili_ari,all,759.9,21224.4,755.6,84.81,2.38,NA,6.7,NA,NA,NA,NA,TRUE
consultations,2022-W29,week,CH,country,65+,agegroup_ili_ari,all,2388.9,39127.5,3119.1,140.57,1.76,NA,21,NA,NA,NA,NA,TRUE
consultations,2022-W30,week,CH,country,0 - 4,agegroup_ili_ari,all,618.1,11297.7,597.3,141.62,2.68,NA,7.2,NA,NA,NA,NA,TRUE
consultations,2022-W30,week,CH,country,15 - 29,agegroup_ili_ari,all,1176.8,33455,889.8,80.71,3.03,NA,13.6,NA,NA,NA,NA,TRUE
consultations,2022-W30,week,CH,country,30 - 64,agegroup_ili_ari,all,4436.3,99380.4,3197.6,101.63,3.16,NA,51.4,NA,NA,NA,NA,TRUE
consultations,2022-W30,week,CH,country,5 - 14,agegroup_ili_ari,all,847.9,23247.8,638.6,94.63,3.44,NA,9.8,NA,NA,NA,NA,TRUE
consultations,2022-W30,week,CH,country,65+,agegroup_ili_ari,all,1560.2,39212.5,2719.7,91.81,1.32,NA,18.1,NA,NA,NA,NA,TRUE
consultations,2022-W31,week,CH,country,0 - 4,agegroup_ili_ari,all,494.3,13243.3,550.6,113.26,2.72,NA,8.6,NA,NA,NA,NA,TRUE
consultations,2022-W31,week,CH,country,15 - 29,agegroup_ili_ari,all,1063.3,32907.1,715.1,72.93,3.36,NA,18.4,NA,NA,NA,NA,TRUE
consultations,2022-W31,week,CH,country,30 - 64,agegroup_ili_ari,all,2575.4,94915.9,2487.6,59,2.25,NA,44.6,NA,NA,NA,NA,TRUE
consultations,2022-W31,week,CH,country,5 - 14,agegroup_ili_ari,all,407.9,26364.5,550.7,45.52,2.18,NA,7.1,NA,NA,NA,NA,TRUE
consultations,2022-W31,week,CH,country,65+,agegroup_ili_ari,all,1228.2,37358.7,2095.9,72.27,1.29,NA,21.3,NA,NA,NA,NA,TRUE
consultations,2022-W32,week,CH,country,0 - 4,agegroup_ili_ari,all,502.1,12170.4,761.3,115.03,1.84,NA,6.3,NA,NA,NA,NA,TRUE
consultations,2022-W32,week,CH,country,15 - 29,agegroup_ili_ari,all,1340.7,34803,1026.3,91.95,3.12,NA,16.8,NA,NA,NA,NA,TRUE
consultations,2022-W32,week,CH,country,30 - 64,agegroup_ili_ari,all,3530.9,102611.2,3565.5,80.89,2.33,NA,44.2,NA,NA,NA,NA,TRUE
consultations,2022-W32,week,CH,country,5 - 14,agegroup_ili_ari,all,798.8,24677,776.3,89.15,2.83,NA,10,NA,NA,NA,NA,TRUE
consultations,2022-W32,week,CH,country,65+,agegroup_ili_ari,all,1814.5,40272.5,3001.7,106.77,1.43,NA,22.7,NA,NA,NA,NA,TRUE
consultations,2022-W33,week,CH,country,0 - 4,agegroup_ili_ari,all,565,10815.3,824.2,129.45,1.7,NA,7.1,NA,NA,NA,NA,TRUE
consultations,2022-W33,week,CH,country,15 - 29,agegroup_ili_ari,all,1237.4,34170.3,1162.9,84.87,2.49,NA,15.5,NA,NA,NA,NA,TRUE
consultations,2022-W33,week,CH,country,30 - 64,agegroup_ili_ari,all,4014.6,102207.2,4090.9,91.97,2.3,NA,50.3,NA,NA,NA,NA,TRUE
consultations,2022-W33,week,CH,country,5 - 14,agegroup_ili_ari,all,767.4,22186.4,858.7,85.64,2.21,NA,9.6,NA,NA,NA,NA,TRUE
consultations,2022-W33,week,CH,country,65+,agegroup_ili_ari,all,1401.8,40003.6,3424.3,82.49,0.96,NA,17.6,NA,NA,NA,NA,TRUE
consultations,2022-W34,week,CH,country,0 - 4,agegroup_ili_ari,all,499.9,10477.4,960.5,114.53,1.25,NA,7,NA,NA,NA,NA,TRUE
consultations,2022-W34,week,CH,country,15 - 29,agegroup_ili_ari,all,1864.5,32061,1240.5,127.88,3.31,NA,26,NA,NA,NA,NA,TRUE
consultations,2022-W34,week,CH,country,30 - 64,agegroup_ili_ari,all,2712.5,94951.3,4289.1,62.14,1.38,NA,37.8,NA,NA,NA,NA,TRUE
consultations,2022-W34,week,CH,country,5 - 14,agegroup_ili_ari,all,918.8,21454.7,993.4,102.54,2.21,NA,12.8,NA,NA,NA,NA,TRUE
consultations,2022-W34,week,CH,country,65+,agegroup_ili_ari,all,1187.4,37213.2,3604.4,69.87,0.72,NA,16.5,NA,NA,NA,NA,TRUE
consultations,2022-W35,week,CH,country,0 - 4,agegroup_ili_ari,all,749.8,9896.5,951.8,171.78,1.79,NA,8.1,NA,NA,NA,NA,TRUE
consultations,2022-W35,week,CH,country,15 - 29,agegroup_ili_ari,all,2046.8,31343.5,1227.6,140.38,3.58,NA,22.2,NA,NA,NA,NA,TRUE
consultations,2022-W35,week,CH,country,30 - 64,agegroup_ili_ari,all,4036.9,92994.8,4236.2,92.48,2.03,NA,43.7,NA,NA,NA,NA,TRUE
consultations,2022-W35,week,CH,country,5 - 14,agegroup_ili_ari,all,618.9,20268,977.6,69.07,1.43,NA,6.7,NA,NA,NA,NA,TRUE
consultations,2022-W35,week,CH,country,65+,agegroup_ili_ari,all,1777.4,36333.3,3534.8,104.59,1.08,NA,19.3,NA,NA,NA,NA,TRUE
consultations,2022-W36,week,CH,country,0 - 4,agegroup_ili_ari,all,218.6,9981.6,955.9,50.09,0.52,NA,2.8,NA,NA,NA,NA,TRUE
consultations,2022-W36,week,CH,country,15 - 29,agegroup_ili_ari,all,1812.8,31368.2,1196.3,124.33,3.26,NA,23.5,NA,NA,NA,NA,TRUE
consultations,2022-W36,week,CH,country,30 - 64,agegroup_ili_ari,all,3569.8,92929.5,4119.1,81.78,1.85,NA,46.4,NA,NA,NA,NA,TRUE
consultations,2022-W36,week,CH,country,5 - 14,agegroup_ili_ari,all,748.4,20354.8,976.6,83.52,1.74,NA,9.7,NA,NA,NA,NA,TRUE
consultations,2022-W36,week,CH,country,65+,agegroup_ili_ari,all,1349,36533.6,3489.1,79.38,0.83,NA,17.5,NA,NA,NA,NA,TRUE
consultations,2022-W37,week,CH,country,0 - 4,agegroup_ili_ari,all,1107.7,10245.1,1019.2,253.78,2.55,NA,10.8,NA,NA,NA,NA,TRUE
consultations,2022-W37,week,CH,country,15 - 29,agegroup_ili_ari,all,2313.6,32770.5,1288.2,158.68,4.04,NA,22.5,NA,NA,NA,NA,TRUE
consultations,2022-W37,week,CH,country,30 - 64,agegroup_ili_ari,all,3748.3,97822.2,4444.6,85.87,1.89,NA,36.4,NA,NA,NA,NA,TRUE
consultations,2022-W37,week,CH,country,5 - 14,agegroup_ili_ari,all,1531.6,21061.3,1050.4,170.93,3.43,NA,14.9,NA,NA,NA,NA,TRUE
consultations,2022-W37,week,CH,country,65+,agegroup_ili_ari,all,1597.8,38289.6,3719.6,94.02,0.97,NA,15.5,NA,NA,NA,NA,TRUE
consultations,2022-W38,week,CH,country,0 - 4,agegroup_ili_ari,all,900.6,9693.3,928.2,206.33,2.15,NA,8.3,NA,NA,NA,NA,TRUE
consultations,2022-W38,week,CH,country,15 - 29,agegroup_ili_ari,all,2451.7,31518.9,1242.5,168.15,4.27,NA,22.5,NA,NA,NA,NA,TRUE
consultations,2022-W38,week,CH,country,30 - 64,agegroup_ili_ari,all,4145.1,94781.5,4327.6,94.96,2.08,NA,38,NA,NA,NA,NA,TRUE
consultations,2022-W38,week,CH,country,5 - 14,agegroup_ili_ari,all,1292.1,20110.9,977.8,144.2,2.97,NA,11.9,NA,NA,NA,NA,TRUE
consultations,2022-W38,week,CH,country,65+,agegroup_ili_ari,all,2113.1,36995.6,3591.9,124.34,1.28,NA,19.4,NA,NA,NA,NA,TRUE
consultations,2022-W39,week,CH,country,0 - 4,agegroup_ili_ari,all,1155.4,9066.2,848.3,264.72,2.83,NA,9.2,NA,NA,NA,NA,TRUE
consultations,2022-W39,week,CH,country,15 - 29,agegroup_ili_ari,all,2629.8,29938.7,1185.7,180.37,4.55,NA,21,NA,NA,NA,NA,TRUE
consultations,2022-W39,week,CH,country,30 - 64,agegroup_ili_ari,all,5726.2,89951,4157.5,131.18,2.84,NA,45.6,NA,NA,NA,NA,TRUE
consultations,2022-W39,week,CH,country,5 - 14,agegroup_ili_ari,all,710.2,18924.2,909.9,79.26,1.65,NA,5.7,NA,NA,NA,NA,TRUE
consultations,2022-W39,week,CH,country,65+,agegroup_ili_ari,all,2330.2,35004.7,3426.6,137.12,1.4,NA,18.6,NA,NA,NA,NA,TRUE
consultations,2022-W40,week,CH,country,0 - 4,agegroup_ili_ari,all,1412.1,11127.3,923.9,323.53,3.9,NA,10,NA,NA,NA,NA,TRUE
consultations,2022-W40,week,CH,country,15 - 29,agegroup_ili_ari,all,2190.1,28627.1,1016.7,150.21,4.23,NA,15.6,NA,NA,NA,NA,TRUE
consultations,2022-W40,week,CH,country,30 - 64,agegroup_ili_ari,all,5945.3,81500,3384.7,136.2,3.28,NA,42.2,NA,NA,NA,NA,TRUE
consultations,2022-W40,week,CH,country,5 - 14,agegroup_ili_ari,all,763.8,22289.8,932,85.24,2.04,NA,5.4,NA,NA,NA,NA,TRUE
consultations,2022-W40,week,CH,country,65+,agegroup_ili_ari,all,3761.2,31627.9,2789.6,221.32,2.51,NA,26.7,NA,NA,NA,NA,TRUE
consultations,2022-W41,week,CH,country,0 - 4,agegroup_ili_ari,all,620,12671.4,954,142.05,1.89,NA,5.2,NA,NA,NA,NA,TRUE
consultations,2022-W41,week,CH,country,15 - 29,agegroup_ili_ari,all,1718.9,30537.9,945.2,117.89,3.81,NA,14.3,NA,NA,NA,NA,TRUE
consultations,2022-W41,week,CH,country,30 - 64,agegroup_ili_ari,all,6343.4,86017.5,3138.7,145.32,3.98,NA,52.9,NA,NA,NA,NA,TRUE
consultations,2022-W41,week,CH,country,5 - 14,agegroup_ili_ari,all,280.9,25520.3,965.4,31.35,0.83,NA,2.3,NA,NA,NA,NA,TRUE
consultations,2022-W41,week,CH,country,65+,agegroup_ili_ari,all,3039.1,34111.2,2715.7,178.83,2.25,NA,25.3,NA,NA,NA,NA,TRUE
consultations,2022-W42,week,CH,country,0 - 4,agegroup_ili_ari,all,1272.6,11318.4,993.2,291.56,3.32,NA,10.3,NA,NA,NA,NA,TRUE
consultations,2022-W42,week,CH,country,15 - 29,agegroup_ili_ari,all,1832.9,31818.4,1134.4,125.71,3.53,NA,14.8,NA,NA,NA,NA,TRUE
consultations,2022-W42,week,CH,country,30 - 64,agegroup_ili_ari,all,5900.8,93948.5,3878.6,135.18,3.27,NA,47.7,NA,NA,NA,NA,TRUE
consultations,2022-W42,week,CH,country,5 - 14,agegroup_ili_ari,all,584.1,23010.9,1024.7,65.19,1.46,NA,4.7,NA,NA,NA,NA,TRUE
consultations,2022-W42,week,CH,country,65+,agegroup_ili_ari,all,2787,37194.5,3320.1,164,1.84,NA,22.5,NA,NA,NA,NA,TRUE
consultations,2022-W43,week,CH,country,0 - 4,agegroup_ili_ari,all,1436.9,10631.6,1009.2,329.21,3.47,NA,13.1,NA,NA,NA,NA,TRUE
consultations,2022-W43,week,CH,country,15 - 29,agegroup_ili_ari,all,1749,32511,1356.3,119.96,2.88,NA,15.9,NA,NA,NA,NA,TRUE
consultations,2022-W43,week,CH,country,30 - 64,agegroup_ili_ari,all,4569.8,96477.4,4737.1,104.69,2.13,NA,41.6,NA,NA,NA,NA,TRUE
consultations,2022-W43,week,CH,country,5 - 14,agegroup_ili_ari,all,537.7,21663.5,1042.4,60.01,1.25,NA,4.9,NA,NA,NA,NA,TRUE
consultations,2022-W43,week,CH,country,65+,agegroup_ili_ari,all,2686.4,37956.6,4013,158.08,1.5,NA,24.5,NA,NA,NA,NA,TRUE
consultations,2022-W44,week,CH,country,0 - 4,agegroup_ili_ari,all,1228.7,11012.2,1068,281.51,2.9,NA,11.3,NA,NA,NA,NA,TRUE
consultations,2022-W44,week,CH,country,15 - 29,agegroup_ili_ari,all,2558.8,32478.7,1322.8,175.5,4.31,NA,23.6,NA,NA,NA,NA,TRUE
consultations,2022-W44,week,CH,country,30 - 64,agegroup_ili_ari,all,4508.7,94876.6,4515.1,103.29,2.17,NA,41.6,NA,NA,NA,NA,TRUE
consultations,2022-W44,week,CH,country,5 - 14,agegroup_ili_ari,all,563.1,22280.1,1078.3,62.84,1.3,NA,5.2,NA,NA,NA,NA,TRUE
consultations,2022-W44,week,CH,country,65+,agegroup_ili_ari,all,1970.8,37077.9,3785.7,115.97,1.14,NA,18.2,NA,NA,NA,NA,TRUE
consultations,2022-W45,week,CH,country,0 - 4,agegroup_ili_ari,all,978.9,11592.9,1236.1,224.27,2.1,NA,8.8,NA,NA,NA,NA,TRUE
consultations,2022-W45,week,CH,country,15 - 29,agegroup_ili_ari,all,2642.7,31999.6,1387.5,181.25,4.18,NA,23.9,NA,NA,NA,NA,TRUE
consultations,2022-W45,week,CH,country,30 - 64,agegroup_ili_ari,all,4985,92820.8,4664.4,114.2,2.27,NA,45,NA,NA,NA,NA,TRUE
consultations,2022-W45,week,CH,country,5 - 14,agegroup_ili_ari,all,497,23436.4,1259,55.47,1.03,NA,4.5,NA,NA,NA,NA,TRUE
consultations,2022-W45,week,CH,country,65+,agegroup_ili_ari,all,1964.4,36335.5,3923,115.59,1.07,NA,17.7,NA,NA,NA,NA,TRUE
consultations,2022-W46,week,CH,country,0 - 4,agegroup_ili_ari,all,751.4,11036.2,1212,172.16,1.57,NA,7,NA,NA,NA,NA,TRUE
consultations,2022-W46,week,CH,country,15 - 29,agegroup_ili_ari,all,1844.8,33984.8,1473.5,126.53,2.92,NA,17.2,NA,NA,NA,NA,TRUE
consultations,2022-W46,week,CH,country,30 - 64,agegroup_ili_ari,all,5428.9,100503.8,5038,124.37,2.48,NA,50.6,NA,NA,NA,NA,TRUE
consultations,2022-W46,week,CH,country,5 - 14,agegroup_ili_ari,all,798.2,22450.7,1232.7,89.08,1.62,NA,7.4,NA,NA,NA,NA,TRUE
consultations,2022-W46,week,CH,country,65+,agegroup_ili_ari,all,1899.8,39360.3,4231.8,111.79,1.04,NA,17.7,NA,NA,NA,NA,TRUE
consultations,2022-W47,week,CH,country,0 - 4,agegroup_ili_ari,all,455.7,11494.2,1312.9,104.4,0.91,NA,4.1,NA,NA,NA,NA,TRUE
consultations,2022-W47,week,CH,country,15 - 29,agegroup_ili_ari,all,2079.6,34353.9,1482.7,142.63,3.3,NA,18.6,NA,NA,NA,NA,TRUE
consultations,2022-W47,week,CH,country,30 - 64,agegroup_ili_ari,all,5247.7,101480.9,4996.7,120.22,2.44,NA,46.9,NA,NA,NA,NA,TRUE
consultations,2022-W47,week,CH,country,5 - 14,agegroup_ili_ari,all,840.6,23451.8,1343.8,93.81,1.64,NA,7.5,NA,NA,NA,NA,TRUE
consultations,2022-W47,week,CH,country,65+,agegroup_ili_ari,all,2565.4,39744.6,4189.9,150.96,1.43,NA,22.9,NA,NA,NA,NA,TRUE
consultations,2022-W48,week,CH,country,0 - 4,agegroup_ili_ari,all,1011.4,11219.9,1294.6,231.73,2.01,NA,7.2,NA,NA,NA,NA,TRUE
consultations,2022-W48,week,CH,country,15 - 29,agegroup_ili_ari,all,2969.6,34859.5,1481.9,203.67,4.79,NA,21.1,NA,NA,NA,NA,TRUE
consultations,2022-W48,week,CH,country,30 - 64,agegroup_ili_ari,all,6571.2,103629.5,5017.6,150.54,3.11,NA,46.6,NA,NA,NA,NA,TRUE
consultations,2022-W48,week,CH,country,5 - 14,agegroup_ili_ari,all,1247.7,22979.9,1327.9,139.25,2.41,NA,8.8,NA,NA,NA,NA,TRUE
consultations,2022-W48,week,CH,country,65+,agegroup_ili_ari,all,2301.5,40611.2,4215.9,135.43,1.3,NA,16.3,NA,NA,NA,NA,TRUE
consultations,2022-W49,week,CH,country,0 - 4,agegroup_ili_ari,all,1341.1,11390.9,1339.2,307.26,2.61,NA,7.9,NA,NA,NA,NA,TRUE
consultations,2022-W49,week,CH,country,15 - 29,agegroup_ili_ari,all,2971.6,32382.5,1415.1,203.81,4.66,NA,17.5,NA,NA,NA,NA,TRUE
consultations,2022-W49,week,CH,country,30 - 64,agegroup_ili_ari,all,7666.9,94511.8,4682.7,175.64,3.54,NA,45,NA,NA,NA,NA,TRUE
consultations,2022-W49,week,CH,country,5 - 14,agegroup_ili_ari,all,2326.9,23104.2,1355.1,259.69,4.43,NA,13.7,NA,NA,NA,NA,TRUE
consultations,2022-W49,week,CH,country,65+,agegroup_ili_ari,all,2712.4,36966.2,3922.9,159.61,1.5,NA,15.9,NA,NA,NA,NA,TRUE
consultations,2022-W50,week,CH,country,0 - 4,agegroup_ili_ari,all,1432.4,11579.4,1394.3,328.17,2.73,NA,7.2,NA,NA,NA,NA,TRUE
consultations,2022-W50,week,CH,country,15 - 29,agegroup_ili_ari,all,4394.5,34837.6,1568.9,301.4,6.69,NA,22.1,NA,NA,NA,NA,TRUE
consultations,2022-W50,week,CH,country,30 - 64,agegroup_ili_ari,all,9162.8,102899.6,5289.4,209.91,4.08,NA,46,NA,NA,NA,NA,TRUE
consultations,2022-W50,week,CH,country,5 - 14,agegroup_ili_ari,all,2722.5,23696.8,1426,303.84,5.05,NA,13.7,NA,NA,NA,NA,TRUE
consultations,2022-W50,week,CH,country,65+,agegroup_ili_ari,all,2191.1,40333.2,4446.4,128.93,1.17,NA,11,NA,NA,NA,NA,TRUE
consultations,2022-W51,week,CH,country,0 - 4,agegroup_ili_ari,all,2361,11092.1,1349.3,540.92,4.45,NA,8.3,NA,NA,NA,NA,TRUE
consultations,2022-W51,week,CH,country,15 - 29,agegroup_ili_ari,all,5264.1,33237.7,1494.5,361.04,8.03,NA,18.5,NA,NA,NA,NA,TRUE
consultations,2022-W51,week,CH,country,30 - 64,agegroup_ili_ari,all,11494.2,98360.8,5028.1,263.32,5.15,NA,40.4,NA,NA,NA,NA,TRUE
consultations,2022-W51,week,CH,country,5 - 14,agegroup_ili_ari,all,5429.3,22609.9,1371.9,605.93,9.99,NA,19.1,NA,NA,NA,NA,TRUE
consultations,2022-W51,week,CH,country,65+,agegroup_ili_ari,all,3889.3,38451.5,4192.2,228.86,2.1,NA,13.7,NA,NA,NA,NA,TRUE
consultations,2022-W52,week,CH,country,0 - 4,agegroup_ili_ari,all,1442,10896.7,553.6,330.38,6.5,NA,9,NA,NA,NA,NA,TRUE
consultations,2022-W52,week,CH,country,15 - 29,agegroup_ili_ari,all,2301.2,29779.8,580.1,157.83,8.1,NA,14.3,NA,NA,NA,NA,TRUE
consultations,2022-W52,week,CH,country,30 - 64,agegroup_ili_ari,all,6987.7,87457.6,1957.2,160.08,7.15,NA,43.4,NA,NA,NA,NA,TRUE
consultations,2022-W52,week,CH,country,5 - 14,agegroup_ili_ari,all,2444.2,21995.8,564.2,272.78,10.63,NA,15.2,NA,NA,NA,NA,TRUE
consultations,2022-W52,week,CH,country,65+,agegroup_ili_ari,all,2907.4,34487.7,1676.9,171.08,3.52,NA,18.1,NA,NA,NA,NA,TRUE
consultations,2023-W01,week,CH,country,0 - 4,agegroup_ili_ari,all,1063.5,10154.1,666.6,246.21,3.75,NA,9.5,NA,NA,NA,NA,TRUE
consultations,2023-W01,week,CH,country,15 - 29,agegroup_ili_ari,all,1861,31883.6,837.4,125.46,4.78,NA,16.7,NA,NA,NA,NA,TRUE
consultations,2023-W01,week,CH,country,30 - 64,agegroup_ili_ari,all,5405.9,95086.7,2971.7,121.99,3.9,NA,48.4,NA,NA,NA,NA,TRUE
consultations,2023-W01,week,CH,country,5 - 14,agegroup_ili_ari,all,990,21308.9,736.8,107.94,3.12,NA,8.9,NA,NA,NA,NA,TRUE
consultations,2023-W01,week,CH,country,65+,agegroup_ili_ari,all,1849.3,37600.1,2450.5,106.38,1.63,NA,16.6,NA,NA,NA,NA,TRUE
consultations,2023-W02,week,CH,country,0 - 4,agegroup_ili_ari,all,691.7,8742.5,971,160.14,1.44,NA,5.2,NA,NA,NA,NA,TRUE
consultations,2023-W02,week,CH,country,15 - 29,agegroup_ili_ari,all,2841.6,31843,1357.3,191.57,4.49,NA,21.2,NA,NA,NA,NA,TRUE
consultations,2023-W02,week,CH,country,30 - 64,agegroup_ili_ari,all,6430.9,96468.9,4968.9,145.12,2.82,NA,48.1,NA,NA,NA,NA,TRUE
consultations,2023-W02,week,CH,country,5 - 14,agegroup_ili_ari,all,1270.4,18770.6,1117.6,138.51,2.33,NA,9.5,NA,NA,NA,NA,TRUE
consultations,2023-W02,week,CH,country,65+,agegroup_ili_ari,all,2141.7,38148,4109.3,123.2,1.14,NA,16,NA,NA,NA,NA,TRUE
consultations,2023-W03,week,CH,country,0 - 4,agegroup_ili_ari,all,876.8,8866.8,1016.5,203,1.77,NA,9.2,NA,NA,NA,NA,TRUE
consultations,2023-W03,week,CH,country,15 - 29,agegroup_ili_ari,all,2251.7,29644.2,1290,151.8,3.49,NA,23.5,NA,NA,NA,NA,TRUE
consultations,2023-W03,week,CH,country,30 - 64,agegroup_ili_ari,all,3995.8,88716.8,4601.8,90.17,1.74,NA,41.7,NA,NA,NA,NA,TRUE
consultations,2023-W03,week,CH,country,5 - 14,agegroup_ili_ari,all,1460.4,18841.9,1154.2,159.22,2.6,NA,15.3,NA,NA,NA,NA,TRUE
consultations,2023-W03,week,CH,country,65+,agegroup_ili_ari,all,990.4,35103.4,3804.6,56.97,0.53,NA,10.3,NA,NA,NA,NA,TRUE
consultations,2023-W04,week,CH,country,0 - 4,agegroup_ili_ari,all,1136.5,7981.4,950.5,263.11,2.21,NA,12.8,NA,NA,NA,NA,TRUE
consultations,2023-W04,week,CH,country,15 - 29,agegroup_ili_ari,all,1712.3,28586.8,1211.3,115.44,2.72,NA,19.2,NA,NA,NA,NA,TRUE
consultations,2023-W04,week,CH,country,30 - 64,agegroup_ili_ari,all,3313.8,86916.1,4372.4,74.78,1.49,NA,37.2,NA,NA,NA,NA,TRUE
consultations,2023-W04,week,CH,country,5 - 14,agegroup_ili_ari,all,2134.7,17186.3,1074.4,232.74,3.72,NA,24,NA,NA,NA,NA,TRUE
consultations,2023-W04,week,CH,country,65+,agegroup_ili_ari,all,605.1,34475.8,3626.4,34.81,0.33,NA,6.8,NA,NA,NA,NA,TRUE
consultations,2023-W05,week,CH,country,0 - 4,agegroup_ili_ari,all,1019.5,9320.9,1085.2,236.03,2.03,NA,9.6,NA,NA,NA,NA,TRUE
consultations,2023-W05,week,CH,country,15 - 29,agegroup_ili_ari,all,1973.5,30815.6,1286.5,133.05,3.19,NA,18.5,NA,NA,NA,NA,TRUE
consultations,2023-W05,week,CH,country,30 - 64,agegroup_ili_ari,all,4793.9,91512.6,4510,108.18,2.2,NA,45,NA,NA,NA,NA,TRUE
consultations,2023-W05,week,CH,country,5 - 14,agegroup_ili_ari,all,1577.9,19763.4,1224.9,172.03,2.78,NA,14.8,NA,NA,NA,NA,TRUE
consultations,2023-W05,week,CH,country,65+,agegroup_ili_ari,all,1296.1,36212.3,3732.4,74.56,0.72,NA,12.2,NA,NA,NA,NA,TRUE
consultations,2023-W06,week,CH,country,0 - 4,agegroup_ili_ari,all,1190,8711.3,1065.1,275.5,2.25,NA,8.8,NA,NA,NA,NA,TRUE
consultations,2023-W06,week,CH,country,15 - 29,agegroup_ili_ari,all,2481.7,29885.5,1228.1,167.31,4.07,NA,18.4,NA,NA,NA,NA,TRUE
consultations,2023-W06,week,CH,country,30 - 64,agegroup_ili_ari,all,5696.6,89457,4313.7,128.55,2.67,NA,42.2,NA,NA,NA,NA,TRUE
consultations,2023-W06,week,CH,country,5 - 14,agegroup_ili_ari,all,2762.4,18594.4,1200.4,301.17,4.66,NA,20.5,NA,NA,NA,NA,TRUE
consultations,2023-W06,week,CH,country,65+,agegroup_ili_ari,all,1375.4,35391.3,3572.6,79.12,0.78,NA,10.2,NA,NA,NA,NA,TRUE
consultations,2023-W07,week,CH,country,0 - 4,agegroup_ili_ari,all,696,8688,982.6,161.14,1.42,NA,6.3,NA,NA,NA,NA,TRUE
consultations,2023-W07,week,CH,country,15 - 29,agegroup_ili_ari,all,2114.3,30868.3,1250.6,142.54,3.52,NA,19.2,NA,NA,NA,NA,TRUE
consultations,2023-W07,week,CH,country,30 - 64,agegroup_ili_ari,all,5164.8,93519,4467,116.55,2.44,NA,47,NA,NA,NA,NA,TRUE
consultations,2023-W07,week,CH,country,5 - 14,agegroup_ili_ari,all,1580.7,18567.7,1116.7,172.34,2.87,NA,14.4,NA,NA,NA,NA,TRUE
consultations,2023-W07,week,CH,country,65+,agegroup_ili_ari,all,1444.4,37310.4,3740.2,83.09,0.83,NA,13.1,NA,NA,NA,NA,TRUE
consultations,2023-W08,week,CH,country,0 - 4,agegroup_ili_ari,all,1271.5,9512.3,1031.2,294.36,2.72,NA,9.7,NA,NA,NA,NA,TRUE
consultations,2023-W08,week,CH,country,15 - 29,agegroup_ili_ari,all,2604.1,30189.3,1232.7,175.56,4.3,NA,19.8,NA,NA,NA,NA,TRUE
consultations,2023-W08,week,CH,country,30 - 64,agegroup_ili_ari,all,5658.1,89285.4,4311.3,127.68,2.64,NA,43.1,NA,NA,NA,NA,TRUE
consultations,2023-W08,week,CH,country,5 - 14,agegroup_ili_ari,all,2063.2,20005.2,1140.3,224.94,3.95,NA,15.7,NA,NA,NA,NA,TRUE
consultations,2023-W08,week,CH,country,65+,agegroup_ili_ari,all,1525.6,35325,3572.6,87.76,0.87,NA,11.6,NA,NA,NA,NA,TRUE
consultations,2023-W09,week,CH,country,0 - 4,agegroup_ili_ari,all,1321.8,8169.8,893.2,306.01,2.8,NA,11.9,NA,NA,NA,NA,TRUE
consultations,2023-W09,week,CH,country,15 - 29,agegroup_ili_ari,all,2512.6,29517.3,1156.5,169.39,4.32,NA,22.7,NA,NA,NA,NA,TRUE
consultations,2023-W09,week,CH,country,30 - 64,agegroup_ili_ari,all,4814.3,90207.1,4259.4,108.64,2.3,NA,43.5,NA,NA,NA,NA,TRUE
consultations,2023-W09,week,CH,country,5 - 14,agegroup_ili_ari,all,1248,17638.1,1014.1,136.07,2.37,NA,11.3,NA,NA,NA,NA,TRUE
consultations,2023-W09,week,CH,country,65+,agegroup_ili_ari,all,1165.8,35787.9,3530.8,67.06,0.68,NA,10.5,NA,NA,NA,NA,TRUE
consultations,2023-W10,week,CH,country,0 - 4,agegroup_ili_ari,all,558.2,10060.5,1074.9,129.22,1.21,NA,4.8,NA,NA,NA,NA,TRUE
consultations,2023-W10,week,CH,country,15 - 29,agegroup_ili_ari,all,2295.3,34251.7,1380.1,154.74,3.84,NA,19.5,NA,NA,NA,NA,TRUE
consultations,2023-W10,week,CH,country,30 - 64,agegroup_ili_ari,all,5550.8,102985.4,4983.4,125.26,2.59,NA,47.3,NA,NA,NA,NA,TRUE
consultations,2023-W10,week,CH,country,5 - 14,agegroup_ili_ari,all,1840,21434.3,1219.2,200.61,3.53,NA,15.7,NA,NA,NA,NA,TRUE
consultations,2023-W10,week,CH,country,65+,agegroup_ili_ari,all,1497.6,40626.6,4108.4,86.15,0.85,NA,12.8,NA,NA,NA,NA,TRUE
consultations,2023-W11,week,CH,country,0 - 4,agegroup_ili_ari,all,732.3,9437.3,1061,169.54,1.51,NA,7.8,NA,NA,NA,NA,TRUE
consultations,2023-W11,week,CH,country,15 - 29,agegroup_ili_ari,all,1639.3,30763.3,1296.7,110.52,2.62,NA,17.5,NA,NA,NA,NA,TRUE
consultations,2023-W11,week,CH,country,30 - 64,agegroup_ili_ari,all,4614,91238.6,4571.1,104.12,2.08,NA,49.2,NA,NA,NA,NA,TRUE
consultations,2023-W11,week,CH,country,5 - 14,agegroup_ili_ari,all,1101.2,19990.4,1210.6,120.06,1.98,NA,11.7,NA,NA,NA,NA,TRUE
consultations,2023-W11,week,CH,country,65+,agegroup_ili_ari,all,1299.3,36126.2,3796.6,74.74,0.71,NA,13.8,NA,NA,NA,NA,TRUE
consultations,2023-W12,week,CH,country,0 - 4,agegroup_ili_ari,all,833.8,8288.6,905.7,193.04,1.77,NA,7.9,NA,NA,NA,NA,TRUE
consultations,2023-W12,week,CH,country,15 - 29,agegroup_ili_ari,all,1996.2,30465.4,1222.6,134.58,3.35,NA,19,NA,NA,NA,NA,TRUE
consultations,2023-W12,week,CH,country,30 - 64,agegroup_ili_ari,all,4711.1,92183.1,4448.2,106.31,2.2,NA,44.9,NA,NA,NA,NA,TRUE
consultations,2023-W12,week,CH,country,5 - 14,agegroup_ili_ari,all,1955,17828.2,1045.5,213.15,3.63,NA,18.6,NA,NA,NA,NA,TRUE
consultations,2023-W12,week,CH,country,65+,agegroup_ili_ari,all,1000.8,36479.9,3683.1,57.57,0.57,NA,9.5,NA,NA,NA,NA,TRUE
consultations,2023-W13,week,CH,country,0 - 4,agegroup_ili_ari,all,805.5,10188,1017.4,186.49,1.87,NA,10.9,NA,NA,NA,NA,TRUE
consultations,2023-W13,week,CH,country,15 - 29,agegroup_ili_ari,all,1342.4,32043.8,1227.1,90.5,2.36,NA,18.2,NA,NA,NA,NA,TRUE
consultations,2023-W13,week,CH,country,30 - 64,agegroup_ili_ari,all,3274.8,94717.4,4348.1,73.9,1.61,NA,44.3,NA,NA,NA,NA,TRUE
consultations,2023-W13,week,CH,country,5 - 14,agegroup_ili_ari,all,896.9,21473.6,1144,97.79,1.84,NA,12.1,NA,NA,NA,NA,TRUE
consultations,2023-W13,week,CH,country,65+,agegroup_ili_ari,all,1068.8,37411.8,3592.4,61.48,0.64,NA,14.5,NA,NA,NA,NA,TRUE
consultations,2023-W14,week,CH,country,0 - 4,agegroup_ili_ari,all,666.1,9078.5,863.9,154.21,1.62,NA,9.5,NA,NA,NA,NA,TRUE
consultations,2023-W14,week,CH,country,15 - 29,agegroup_ili_ari,all,1275.8,27902.8,1027,86.01,2.34,NA,18.2,NA,NA,NA,NA,TRUE
consultations,2023-W14,week,CH,country,30 - 64,agegroup_ili_ari,all,2682.3,82605.7,3676.6,60.53,1.36,NA,38.2,NA,NA,NA,NA,TRUE
consultations,2023-W14,week,CH,country,5 - 14,agegroup_ili_ari,all,1341,19151.6,972.1,146.2,2.88,NA,19.1,NA,NA,NA,NA,TRUE
consultations,2023-W14,week,CH,country,65+,agegroup_ili_ari,all,1062,32738.1,3049.4,61.09,0.66,NA,15.1,NA,NA,NA,NA,TRUE
consultations,2023-W15,week,CH,country,0 - 4,agegroup_ili_ari,all,423.2,7145.2,646,97.97,1.08,NA,8.8,NA,NA,NA,NA,TRUE
consultations,2023-W15,week,CH,country,15 - 29,agegroup_ili_ari,all,533.8,22226.6,811.4,35.99,0.99,NA,11.1,NA,NA,NA,NA,TRUE
consultations,2023-W15,week,CH,country,30 - 64,agegroup_ili_ari,all,2346.4,66097.7,2864.2,52.95,1.22,NA,48.8,NA,NA,NA,NA,TRUE
consultations,2023-W15,week,CH,country,5 - 14,agegroup_ili_ari,all,244.5,15004.2,719,26.66,0.56,NA,5.1,NA,NA,NA,NA,TRUE
consultations,2023-W15,week,CH,country,65+,agegroup_ili_ari,all,1265,26109.2,2363.4,72.77,0.8,NA,26.3,NA,NA,NA,NA,TRUE
consultations,2023-W16,week,CH,country,0 - 4,agegroup_ili_ari,all,379.9,10233.4,868.6,87.95,1.04,NA,10,NA,NA,NA,NA,TRUE
consultations,2023-W16,week,CH,country,15 - 29,agegroup_ili_ari,all,510.4,31971.1,1104.1,34.41,1,NA,13.5,NA,NA,NA,NA,TRUE
consultations,2023-W16,week,CH,country,30 - 64,agegroup_ili_ari,all,1769.5,95160.5,3937.1,39.93,0.97,NA,46.7,NA,NA,NA,NA,TRUE
consultations,2023-W16,week,CH,country,5 - 14,agegroup_ili_ari,all,297.3,21598.4,991.9,32.41,0.71,NA,7.8,NA,NA,NA,NA,TRUE
consultations,2023-W16,week,CH,country,65+,agegroup_ili_ari,all,832.7,37580.6,3248.3,47.9,0.55,NA,22,NA,NA,NA,NA,TRUE
consultations,2023-W17,week,CH,country,0 - 4,agegroup_ili_ari,all,533.6,9713.6,873.4,123.54,1.37,NA,12.8,NA,NA,NA,NA,TRUE
consultations,2023-W17,week,CH,country,15 - 29,agegroup_ili_ari,all,607.4,34188.1,1208.9,40.95,1.16,NA,14.6,NA,NA,NA,NA,TRUE
consultations,2023-W17,week,CH,country,30 - 64,agegroup_ili_ari,all,1677.7,103017.9,4427.4,37.86,0.88,NA,40.3,NA,NA,NA,NA,TRUE
consultations,2023-W17,week,CH,country,5 - 14,agegroup_ili_ari,all,617.9,20780.8,992.2,67.37,1.41,NA,14.8,NA,NA,NA,NA,TRUE
consultations,2023-W17,week,CH,country,65+,agegroup_ili_ari,all,725.4,40738.3,3659.2,41.73,0.46,NA,17.4,NA,NA,NA,NA,TRUE
consultations,2023-W18,week,CH,country,0 - 4,agegroup_ili_ari,all,536.4,9663.4,874.3,124.18,1.37,NA,12.3,NA,NA,NA,NA,TRUE
consultations,2023-W18,week,CH,country,15 - 29,agegroup_ili_ari,all,662.4,31349.1,1119.9,44.66,1.25,NA,15.1,NA,NA,NA,NA,TRUE
consultations,2023-W18,week,CH,country,30 - 64,agegroup_ili_ari,all,1853.2,93265.1,4053.2,41.82,0.96,NA,42.3,NA,NA,NA,NA,TRUE
consultations,2023-W18,week,CH,country,5 - 14,agegroup_ili_ari,all,669.7,20545.8,976.2,73.01,1.54,NA,15.3,NA,NA,NA,NA,TRUE
consultations,2023-W18,week,CH,country,65+,agegroup_ili_ari,all,656.1,37091.2,3376.4,37.74,0.41,NA,15,NA,NA,NA,NA,TRUE
consultations,2023-W19,week,CH,country,0 - 4,agegroup_ili_ari,all,370.9,9316.7,912.9,85.87,0.88,NA,10.3,NA,NA,NA,NA,TRUE
consultations,2023-W19,week,CH,country,15 - 29,agegroup_ili_ari,all,717.3,33082.4,1249.7,48.36,1.28,NA,19.9,NA,NA,NA,NA,TRUE
consultations,2023-W19,week,CH,country,30 - 64,agegroup_ili_ari,all,1234.2,100542.1,4577.1,27.85,0.61,NA,34.2,NA,NA,NA,NA,TRUE
consultations,2023-W19,week,CH,country,5 - 14,agegroup_ili_ari,all,458.1,20022.4,1049.1,49.94,0.95,NA,12.7,NA,NA,NA,NA,TRUE
consultations,2023-W19,week,CH,country,65+,agegroup_ili_ari,all,829.7,39803.9,3790.2,47.73,0.5,NA,23,NA,NA,NA,NA,TRUE
consultations,2023-W20,week,CH,country,0 - 4,agegroup_ili_ari,all,247,6994,692.5,57.19,0.58,NA,8.4,NA,NA,NA,NA,TRUE
consultations,2023-W20,week,CH,country,15 - 29,agegroup_ili_ari,all,747.6,23808,907.3,50.4,1.32,NA,25.3,NA,NA,NA,NA,TRUE
consultations,2023-W20,week,CH,country,30 - 64,agegroup_ili_ari,all,986.4,71869,3264.6,22.26,0.49,NA,33.4,NA,NA,NA,NA,TRUE
consultations,2023-W20,week,CH,country,5 - 14,agegroup_ili_ari,all,247,14851.2,781.4,26.93,0.51,NA,8.4,NA,NA,NA,NA,TRUE
consultations,2023-W20,week,CH,country,65+,agegroup_ili_ari,all,727,28693,2734.2,41.82,0.44,NA,24.6,NA,NA,NA,NA,TRUE
consultations,2023-W21,week,CH,country,0 - 4,agegroup_ili_ari,all,564.2,9953.5,967.3,130.61,1.34,NA,16.7,NA,NA,NA,NA,TRUE
consultations,2023-W21,week,CH,country,15 - 29,agegroup_ili_ari,all,642.1,30032.2,1095.6,43.29,1.19,NA,19,NA,NA,NA,NA,TRUE
consultations,2023-W21,week,CH,country,30 - 64,agegroup_ili_ari,all,952.8,88370.7,3843,21.5,0.49,NA,28.1,NA,NA,NA,NA,TRUE
consultations,2023-W21,week,CH,country,5 - 14,agegroup_ili_ari,all,481.3,20962.9,1084.7,52.47,1.01,NA,14.2,NA,NA,NA,NA,TRUE
consultations,2023-W21,week,CH,country,65+,agegroup_ili_ari,all,745.4,34983.1,3186.3,42.88,0.47,NA,22,NA,NA,NA,NA,TRUE
consultations,2023-W22,week,CH,country,0 - 4,agegroup_ili_ari,all,191.4,9024.8,861.9,44.32,0.46,NA,11.2,NA,NA,NA,NA,TRUE
consultations,2023-W22,week,CH,country,15 - 29,agegroup_ili_ari,all,367.6,28247.5,1042.4,24.78,0.67,NA,21.5,NA,NA,NA,NA,TRUE
consultations,2023-W22,week,CH,country,30 - 64,agegroup_ili_ari,all,583.6,83531.5,3666,13.17,0.3,NA,34.1,NA,NA,NA,NA,TRUE
consultations,2023-W22,week,CH,country,5 - 14,agegroup_ili_ari,all,96.5,19008.1,969,10.52,0.21,NA,5.6,NA,NA,NA,NA,TRUE
consultations,2023-W22,week,CH,country,65+,agegroup_ili_ari,all,472.1,33132.3,3045.7,27.16,0.3,NA,27.6,NA,NA,NA,NA,TRUE
consultations,2023-W23,week,CH,country,0 - 4,agegroup_ili_ari,all,420.3,10277.9,1038.1,97.3,0.96,NA,15.4,NA,NA,NA,NA,TRUE
consultations,2023-W23,week,CH,country,15 - 29,agegroup_ili_ari,all,371.7,31922,1239.4,25.06,0.65,NA,13.6,NA,NA,NA,NA,TRUE
consultations,2023-W23,week,CH,country,30 - 64,agegroup_ili_ari,all,1363.1,94284.2,4358.7,30.76,0.67,NA,50,NA,NA,NA,NA,TRUE
consultations,2023-W23,week,CH,country,5 - 14,agegroup_ili_ari,all,338,21707.1,1158.2,36.85,0.69,NA,12.4,NA,NA,NA,NA,TRUE
consultations,2023-W23,week,CH,country,65+,agegroup_ili_ari,all,232.9,37323.1,3613.5,13.4,0.14,NA,8.5,NA,NA,NA,NA,TRUE
consultations,2023-W24,week,CH,country,0 - 4,agegroup_ili_ari,all,410,10535.2,1030.4,94.92,0.97,NA,19.7,NA,NA,NA,NA,TRUE
consultations,2023-W24,week,CH,country,15 - 29,agegroup_ili_ari,all,264.6,33639,1272,17.84,0.47,NA,12.7,NA,NA,NA,NA,TRUE
consultations,2023-W24,week,CH,country,30 - 64,agegroup_ili_ari,all,1103.9,100377.9,4529.6,24.91,0.55,NA,53.2,NA,NA,NA,NA,TRUE
consultations,2023-W24,week,CH,country,5 - 14,agegroup_ili_ari,all,123.1,22347.9,1167.4,13.42,0.26,NA,5.9,NA,NA,NA,NA,TRUE
consultations,2023-W24,week,CH,country,65+,agegroup_ili_ari,all,174.7,39810.7,3759.6,10.05,0.11,NA,8.4,NA,NA,NA,NA,TRUE
consultations,2023-W25,week,CH,country,0 - 4,agegroup_ili_ari,all,133.9,9673,953.8,31.01,0.31,NA,7.9,NA,NA,NA,NA,TRUE
consultations,2023-W25,week,CH,country,15 - 29,agegroup_ili_ari,all,237.2,31261.5,1187.9,15.99,0.42,NA,14.1,NA,NA,NA,NA,TRUE
consultations,2023-W25,week,CH,country,30 - 64,agegroup_ili_ari,all,814.1,92535.1,4174.2,18.37,0.41,NA,48.2,NA,NA,NA,NA,TRUE
consultations,2023-W25,week,CH,country,5 - 14,agegroup_ili_ari,all,359.4,20418.3,1054.6,39.18,0.76,NA,21.3,NA,NA,NA,NA,TRUE
consultations,2023-W25,week,CH,country,65+,agegroup_ili_ari,all,142.9,36501.3,3437.4,8.22,0.09,NA,8.5,NA,NA,NA,NA,TRUE
consultations,2023-W26,week,CH,country,0 - 4,agegroup_ili_ari,all,52.5,8228,826.1,12.15,0.12,NA,5.3,NA,NA,NA,NA,TRUE
consultations,2023-W26,week,CH,country,15 - 29,agegroup_ili_ari,all,196.7,30164.1,1139.3,13.26,0.35,NA,19.9,NA,NA,NA,NA,TRUE
consultations,2023-W26,week,CH,country,30 - 64,agegroup_ili_ari,all,289.8,91764.8,4136,6.54,0.15,NA,29.3,NA,NA,NA,NA,TRUE
consultations,2023-W26,week,CH,country,5 - 14,agegroup_ili_ari,all,259.8,17648.4,941.5,28.33,0.53,NA,26.2,NA,NA,NA,NA,TRUE
consultations,2023-W26,week,CH,country,65+,agegroup_ili_ari,all,191.9,36220,3401.1,11.04,0.12,NA,19.4,NA,NA,NA,NA,TRUE
consultations,2023-W27,week,CH,country,0 - 4,agegroup_ili_ari,all,239.2,9028.5,856.4,55.38,0.58,NA,16,NA,NA,NA,NA,TRUE
consultations,2023-W27,week,CH,country,15 - 29,agegroup_ili_ari,all,438.8,30426,1118.1,29.58,0.8,NA,29.3,NA,NA,NA,NA,TRUE
consultations,2023-W27,week,CH,country,30 - 64,agegroup_ili_ari,all,629.3,91552.6,3994.7,14.2,0.33,NA,42,NA,NA,NA,NA,TRUE
consultations,2023-W27,week,CH,country,5 - 14,agegroup_ili_ari,all,95.3,19244.5,977.7,10.39,0.2,NA,6.4,NA,NA,NA,NA,TRUE
consultations,2023-W27,week,CH,country,65+,agegroup_ili_ari,all,96.1,36140.6,3283.1,5.53,0.06,NA,6.4,NA,NA,NA,NA,TRUE
consultations,2023-W28,week,CH,country,0 - 4,agegroup_ili_ari,all,362.9,9523,790.1,84.01,1.01,NA,21.2,NA,NA,NA,NA,TRUE
consultations,2023-W28,week,CH,country,15 - 29,agegroup_ili_ari,all,195.8,30311.5,1006.8,13.2,0.4,NA,11.4,NA,NA,NA,NA,TRUE
consultations,2023-W28,week,CH,country,30 - 64,agegroup_ili_ari,all,739.2,89946.6,3593.9,16.68,0.42,NA,43.2,NA,NA,NA,NA,TRUE
consultations,2023-W28,week,CH,country,5 - 14,agegroup_ili_ari,all,364,20157.9,898.1,39.69,0.89,NA,21.3,NA,NA,NA,NA,TRUE
consultations,2023-W28,week,CH,country,65+,agegroup_ili_ari,all,48.8,35540.8,2967.1,2.81,0.03,NA,2.9,NA,NA,NA,NA,TRUE
consultations,2023-W29,week,CH,country,0 - 4,agegroup_ili_ari,all,381.6,11320,756.7,88.34,1.32,NA,30.9,NA,NA,NA,NA,TRUE
consultations,2023-W29,week,CH,country,15 - 29,agegroup_ili_ari,all,247.1,30014,896.5,16.66,0.56,NA,20,NA,NA,NA,NA,TRUE
consultations,2023-W29,week,CH,country,30 - 64,agegroup_ili_ari,all,362.9,85442.3,3156.5,8.19,0.22,NA,29.3,NA,NA,NA,NA,TRUE
consultations,2023-W29,week,CH,country,5 - 14,agegroup_ili_ari,all,194,23643.5,855.7,21.15,0.58,NA,15.7,NA,NA,NA,NA,TRUE
consultations,2023-W29,week,CH,country,65+,agegroup_ili_ari,all,51.1,33978.3,2632.6,2.94,0.04,NA,4.1,NA,NA,NA,NA,TRUE
consultations,2023-W30,week,CH,country,0 - 4,agegroup_ili_ari,all,149.3,11570.5,599.6,34.57,0.67,NA,10.9,NA,NA,NA,NA,TRUE
consultations,2023-W30,week,CH,country,15 - 29,agegroup_ili_ari,all,253.9,29211.7,742.2,17.12,0.67,NA,18.6,NA,NA,NA,NA,TRUE
consultations,2023-W30,week,CH,country,30 - 64,agegroup_ili_ari,all,745.8,83160.5,2676.2,16.83,0.52,NA,54.5,NA,NA,NA,NA,TRUE
consultations,2023-W30,week,CH,country,5 - 14,agegroup_ili_ari,all,114.1,24106.8,665.7,12.44,0.45,NA,8.3,NA,NA,NA,NA,TRUE
consultations,2023-W30,week,CH,country,65+,agegroup_ili_ari,all,105,33122.3,2238.3,6.04,0.09,NA,7.7,NA,NA,NA,NA,TRUE
consultations,2023-W31,week,CH,country,0 - 4,agegroup_ili_ari,all,164.2,7891.9,327.4,38.01,0.92,NA,9.3,NA,NA,NA,NA,TRUE
consultations,2023-W31,week,CH,country,15 - 29,agegroup_ili_ari,all,374.7,27714.9,573.7,25.26,1.22,NA,21.2,NA,NA,NA,NA,TRUE
consultations,2023-W31,week,CH,country,30 - 64,agegroup_ili_ari,all,737.8,84083.2,2193,16.65,0.64,NA,41.8,NA,NA,NA,NA,TRUE
consultations,2023-W31,week,CH,country,5 - 14,agegroup_ili_ari,all,386.1,16628.9,363.4,42.1,1.93,NA,21.9,NA,NA,NA,NA,TRUE
consultations,2023-W31,week,CH,country,65+,agegroup_ili_ari,all,103.3,33649.4,1838.5,5.94,0.11,NA,5.8,NA,NA,NA,NA,TRUE
consultations,2023-W32,week,CH,country,0 - 4,agegroup_ili_ari,all,199.5,8659.9,539,46.19,0.74,NA,6.7,NA,NA,NA,NA,TRUE
consultations,2023-W32,week,CH,country,15 - 29,agegroup_ili_ari,all,817,30866.4,866.7,55.08,1.96,NA,27.4,NA,NA,NA,NA,TRUE
consultations,2023-W32,week,CH,country,30 - 64,agegroup_ili_ari,all,1350.7,95138.5,3285.3,30.48,0.88,NA,45.3,NA,NA,NA,NA,TRUE
consultations,2023-W32,week,CH,country,5 - 14,agegroup_ili_ari,all,248.3,18467.4,599.3,27.07,0.83,NA,8.3,NA,NA,NA,NA,TRUE
consultations,2023-W32,week,CH,country,65+,agegroup_ili_ari,all,365.9,38009.3,2746.8,21.05,0.29,NA,12.3,NA,NA,NA,NA,TRUE
consultations,2023-W33,week,CH,country,0 - 4,agegroup_ili_ari,all,87.4,9879.1,733.2,20.24,0.27,NA,3.3,NA,NA,NA,NA,TRUE
consultations,2023-W33,week,CH,country,15 - 29,agegroup_ili_ari,all,544.5,32687.3,1068.2,36.71,1.12,NA,20.4,NA,NA,NA,NA,TRUE
consultations,2023-W33,week,CH,country,30 - 64,agegroup_ili_ari,all,1722.5,97761.2,3877,38.87,0.98,NA,64.6,NA,NA,NA,NA,TRUE
consultations,2023-W33,week,CH,country,5 - 14,agegroup_ili_ari,all,175.6,20895.7,825.7,19.14,0.48,NA,6.6,NA,NA,NA,NA,TRUE
consultations,2023-W33,week,CH,country,65+,agegroup_ili_ari,all,135.2,38548.3,3198.9,7.78,0.09,NA,5.1,NA,NA,NA,NA,TRUE
consultations,2023-W34,week,CH,country,0 - 4,agegroup_ili_ari,all,268.6,9648.3,862.3,62.19,0.7,NA,10.8,NA,NA,NA,NA,TRUE
consultations,2023-W34,week,CH,country,15 - 29,agegroup_ili_ari,all,621.2,33430.7,1235.8,41.88,1.13,NA,25.1,NA,NA,NA,NA,TRUE
consultations,2023-W34,week,CH,country,30 - 64,agegroup_ili_ari,all,1323.2,100469.3,4502.9,29.86,0.67,NA,53.4,NA,NA,NA,NA,TRUE
consultations,2023-W34,week,CH,country,5 - 14,agegroup_ili_ari,all,89,20616.4,996.8,9.7,0.2,NA,3.6,NA,NA,NA,NA,TRUE
consultations,2023-W34,week,CH,country,65+,agegroup_ili_ari,all,175.1,39725.8,3725.2,10.07,0.11,NA,7.1,NA,NA,NA,NA,TRUE
consultations,2023-W35,week,CH,country,0 - 4,agegroup_ili_ari,all,338.2,10218.1,951.4,78.29,0.84,NA,8.2,NA,NA,NA,NA,TRUE
consultations,2023-W35,week,CH,country,15 - 29,agegroup_ili_ari,all,983.3,31681,1185.6,66.29,1.77,NA,23.7,NA,NA,NA,NA,TRUE
consultations,2023-W35,week,CH,country,30 - 64,agegroup_ili_ari,all,1985.7,93721.9,4224,44.81,0.99,NA,47.9,NA,NA,NA,NA,TRUE
consultations,2023-W35,week,CH,country,5 - 14,agegroup_ili_ari,all,468.2,21549.2,1077.5,51.05,1.02,NA,11.3,NA,NA,NA,NA,TRUE
consultations,2023-W35,week,CH,country,65+,agegroup_ili_ari,all,373.6,37225.4,3510.4,21.49,0.23,NA,9,NA,NA,NA,NA,TRUE
consultations,2023-W36,week,CH,country,0 - 4,agegroup_ili_ari,all,377,10310.8,964.1,87.29,0.93,NA,7.2,NA,NA,NA,NA,TRUE
consultations,2023-W36,week,CH,country,15 - 29,agegroup_ili_ari,all,883.3,31906.3,1167.5,59.55,1.63,NA,16.8,NA,NA,NA,NA,TRUE
consultations,2023-W36,week,CH,country,30 - 64,agegroup_ili_ari,all,2631.4,94310.8,4138.3,59.38,1.35,NA,50.1,NA,NA,NA,NA,TRUE
consultations,2023-W36,week,CH,country,5 - 14,agegroup_ili_ari,all,715.4,21793.8,1082.1,78,1.57,NA,13.6,NA,NA,NA,NA,TRUE
consultations,2023-W36,week,CH,country,65+,agegroup_ili_ari,all,649.6,37466.9,3446,37.37,0.41,NA,12.4,NA,NA,NA,NA,TRUE
consultations,2023-W37,week,CH,country,0 - 4,agegroup_ili_ari,all,143.1,9055.9,884.2,33.13,0.34,NA,2.7,NA,NA,NA,NA,TRUE
consultations,2023-W37,week,CH,country,15 - 29,agegroup_ili_ari,all,1346.8,30838.5,1161.6,90.8,2.41,NA,25.4,NA,NA,NA,NA,TRUE
consultations,2023-W37,week,CH,country,30 - 64,agegroup_ili_ari,all,2679.2,92623.2,4162.8,60.46,1.35,NA,50.5,NA,NA,NA,NA,TRUE
consultations,2023-W37,week,CH,country,5 - 14,agegroup_ili_ari,all,474.2,19341.8,1006.8,51.7,0.99,NA,8.9,NA,NA,NA,NA,TRUE
consultations,2023-W37,week,CH,country,65+,agegroup_ili_ari,all,662.8,36714.8,3455.7,38.13,0.41,NA,12.5,NA,NA,NA,NA,TRUE
consultations,2023-W38,week,CH,country,0 - 4,agegroup_ili_ari,all,246.2,8772.4,815.7,57,0.61,NA,5,NA,NA,NA,NA,TRUE
consultations,2023-W38,week,CH,country,15 - 29,agegroup_ili_ari,all,841.8,31719.3,1193.9,56.75,1.51,NA,17,NA,NA,NA,NA,TRUE
consultations,2023-W38,week,CH,country,30 - 64,agegroup_ili_ari,all,2657.1,96734.5,4379.5,59.96,1.32,NA,53.8,NA,NA,NA,NA,TRUE
consultations,2023-W38,week,CH,country,5 - 14,agegroup_ili_ari,all,243.1,18870.7,939.6,26.5,0.53,NA,4.9,NA,NA,NA,NA,TRUE
consultations,2023-W38,week,CH,country,65+,agegroup_ili_ari,all,950.6,38404,3638.3,54.68,0.58,NA,19.2,NA,NA,NA,NA,TRUE
consultations,2023-W39,week,CH,country,0 - 4,agegroup_ili_ari,all,321.3,9411.4,857.1,74.38,0.82,NA,7.1,NA,NA,NA,NA,TRUE
consultations,2023-W39,week,CH,country,15 - 29,agegroup_ili_ari,all,1095.1,31152.5,1171.7,73.83,1.96,NA,24.2,NA,NA,NA,NA,TRUE
consultations,2023-W39,week,CH,country,30 - 64,agegroup_ili_ari,all,1989.3,93562,4271.5,44.89,0.98,NA,44,NA,NA,NA,NA,TRUE
consultations,2023-W39,week,CH,country,5 - 14,agegroup_ili_ari,all,501.3,20122.7,982.6,54.66,1.12,NA,11.1,NA,NA,NA,NA,TRUE
consultations,2023-W39,week,CH,country,65+,agegroup_ili_ari,all,614.3,36784.3,3500.1,35.34,0.37,NA,13.6,NA,NA,NA,NA,TRUE
consultations,2023-W40,week,CH,country,0 - 4,agegroup_ili_ari,all,398.1,9764.2,785.3,92.17,1.15,NA,5.5,NA,NA,NA,NA,TRUE
consultations,2023-W40,week,CH,country,15 - 29,agegroup_ili_ari,all,1619.3,29313.4,996.7,109.17,3.21,NA,22.3,NA,NA,NA,NA,TRUE
consultations,2023-W40,week,CH,country,30 - 64,agegroup_ili_ari,all,3639.5,85229.8,3500.3,82.13,2,NA,50,NA,NA,NA,NA,TRUE
consultations,2023-W40,week,CH,country,5 - 14,agegroup_ili_ari,all,268.7,20480.5,901.3,29.3,0.67,NA,3.7,NA,NA,NA,NA,TRUE
consultations,2023-W40,week,CH,country,65+,agegroup_ili_ari,all,1347.8,33536.5,2886.4,77.53,0.9,NA,18.5,NA,NA,NA,NA,TRUE
consultations,2023-W41,week,CH,country,0 - 4,agegroup_ili_ari,all,429,11076.2,803.3,99.31,1.37,NA,5.9,NA,NA,NA,NA,TRUE
consultations,2023-W41,week,CH,country,15 - 29,agegroup_ili_ari,all,1283.4,30050.5,883.8,86.52,2.94,NA,17.5,NA,NA,NA,NA,TRUE
consultations,2023-W41,week,CH,country,30 - 64,agegroup_ili_ari,all,3492.4,86278.1,3098.6,78.81,2.19,NA,47.7,NA,NA,NA,NA,TRUE
consultations,2023-W41,week,CH,country,5 - 14,agegroup_ili_ari,all,395.2,23205.2,913.5,43.09,1.09,NA,5.4,NA,NA,NA,NA,TRUE
consultations,2023-W41,week,CH,country,65+,agegroup_ili_ari,all,1719.6,34369.8,2585.8,98.92,1.31,NA,23.5,NA,NA,NA,NA,TRUE
consultations,2023-W42,week,CH,country,0 - 4,agegroup_ili_ari,all,600.5,10069.5,873.5,139.03,1.6,NA,8.1,NA,NA,NA,NA,TRUE
consultations,2023-W42,week,CH,country,15 - 29,agegroup_ili_ari,all,1435.1,32043,1092.7,96.75,2.84,NA,19.3,NA,NA,NA,NA,TRUE
consultations,2023-W42,week,CH,country,30 - 64,agegroup_ili_ari,all,3444.1,96498.5,3956.4,77.72,1.9,NA,46.3,NA,NA,NA,NA,TRUE
consultations,2023-W42,week,CH,country,5 - 14,agegroup_ili_ari,all,472.2,21366,986.5,51.48,1.11,NA,6.3,NA,NA,NA,NA,TRUE
consultations,2023-W42,week,CH,country,65+,agegroup_ili_ari,all,1486,38605.4,3312.8,85.48,1,NA,20,NA,NA,NA,NA,TRUE
consultations,2023-W43,week,CH,country,0 - 4,agegroup_ili_ari,all,671.6,9003.7,822.6,155.49,1.7,NA,6.1,NA,NA,NA,NA,TRUE
consultations,2023-W43,week,CH,country,15 - 29,agegroup_ili_ari,all,1998.8,31169.5,1246.9,134.75,3.37,NA,18.2,NA,NA,NA,NA,TRUE
consultations,2023-W43,week,CH,country,30 - 64,agegroup_ili_ari,all,5701.9,94813.7,4588,128.67,2.66,NA,51.9,NA,NA,NA,NA,TRUE
consultations,2023-W43,week,CH,country,5 - 14,agegroup_ili_ari,all,671,19135.3,936.7,73.16,1.49,NA,6.1,NA,NA,NA,NA,TRUE
consultations,2023-W43,week,CH,country,65+,agegroup_ili_ari,all,1934.8,37735.8,3823.8,111.3,1.1,NA,17.6,NA,NA,NA,NA,TRUE
consultations,2023-W44,week,CH,country,0 - 4,agegroup_ili_ari,all,326.9,9249.6,869.4,75.68,0.81,NA,4.1,NA,NA,NA,NA,TRUE
consultations,2023-W44,week,CH,country,15 - 29,agegroup_ili_ari,all,1118.7,31820.4,1244.9,75.42,1.93,NA,13.9,NA,NA,NA,NA,TRUE
consultations,2023-W44,week,CH,country,30 - 64,agegroup_ili_ari,all,4275.9,95351.3,4494,96.49,2.05,NA,53.2,NA,NA,NA,NA,TRUE
consultations,2023-W44,week,CH,country,5 - 14,agegroup_ili_ari,all,373.1,19665.9,973.7,40.68,0.82,NA,4.6,NA,NA,NA,NA,TRUE
consultations,2023-W44,week,CH,country,65+,agegroup_ili_ari,all,1935.5,37722,3724,111.34,1.13,NA,24.1,NA,NA,NA,NA,TRUE
consultations,2023-W45,week,CH,country,0 - 4,agegroup_ili_ari,all,730.5,9460.1,976.4,169.13,1.64,NA,6.6,NA,NA,NA,NA,TRUE
consultations,2023-W45,week,CH,country,15 - 29,agegroup_ili_ari,all,1508.1,30489.5,1270.2,101.67,2.44,NA,13.6,NA,NA,NA,NA,TRUE
consultations,2023-W45,week,CH,country,30 - 64,agegroup_ili_ari,all,5778.1,90495.5,4525.7,130.39,2.61,NA,52.2,NA,NA,NA,NA,TRUE
consultations,2023-W45,week,CH,country,5 - 14,agegroup_ili_ari,all,733.3,20012.6,1117.7,79.95,1.43,NA,6.6,NA,NA,NA,NA,TRUE
consultations,2023-W45,week,CH,country,65+,agegroup_ili_ari,all,2320.1,35964.9,3775.1,133.46,1.27,NA,21,NA,NA,NA,NA,TRUE
consultations,2023-W46,week,CH,country,0 - 4,agegroup_ili_ari,all,875,9379.2,997.5,202.58,1.9,NA,7.5,NA,NA,NA,NA,TRUE
consultations,2023-W46,week,CH,country,15 - 29,agegroup_ili_ari,all,1674.9,31881.1,1327.2,112.92,2.71,NA,14.3,NA,NA,NA,NA,TRUE
consultations,2023-W46,week,CH,country,30 - 64,agegroup_ili_ari,all,6317.9,95390,4750.1,142.57,2.86,NA,54.1,NA,NA,NA,NA,TRUE
consultations,2023-W46,week,CH,country,5 - 14,agegroup_ili_ari,all,552.9,19908.2,1148.3,60.28,1.05,NA,4.7,NA,NA,NA,NA,TRUE
consultations,2023-W46,week,CH,country,65+,agegroup_ili_ari,all,2254.2,37789.1,3945.8,129.67,1.24,NA,19.3,NA,NA,NA,NA,TRUE
consultations,2023-W47,week,CH,country,0 - 4,agegroup_ili_ari,all,919.6,9864.1,1094.7,212.89,1.92,NA,7.3,NA,NA,NA,NA,TRUE
consultations,2023-W47,week,CH,country,15 - 29,agegroup_ili_ari,all,2004.4,31820,1313.4,135.13,3.27,NA,16,NA,NA,NA,NA,TRUE
consultations,2023-W47,week,CH,country,30 - 64,agegroup_ili_ari,all,7107.1,94776.4,4622,160.38,3.29,NA,56.6,NA,NA,NA,NA,TRUE
consultations,2023-W47,week,CH,country,5 - 14,agegroup_ili_ari,all,526.2,20917.7,1241.8,57.37,0.97,NA,4.2,NA,NA,NA,NA,TRUE
consultations,2023-W47,week,CH,country,65+,agegroup_ili_ari,all,1990.3,37557.1,3834.2,114.49,1.12,NA,15.9,NA,NA,NA,NA,TRUE
consultations,2023-W48,week,CH,country,0 - 4,agegroup_ili_ari,all,836.1,9299,1051.2,193.57,1.71,NA,6.2,NA,NA,NA,NA,TRUE
consultations,2023-W48,week,CH,country,15 - 29,agegroup_ili_ari,all,2059.9,30964.1,1266.6,138.87,3.39,NA,15.2,NA,NA,NA,NA,TRUE
consultations,2023-W48,week,CH,country,30 - 64,agegroup_ili_ari,all,6785.4,92736.3,4459.8,153.12,3.18,NA,50.1,NA,NA,NA,NA,TRUE
consultations,2023-W48,week,CH,country,5 - 14,agegroup_ili_ari,all,1253.5,19756,1189.3,136.67,2.27,NA,9.3,NA,NA,NA,NA,TRUE
consultations,2023-W48,week,CH,country,65+,agegroup_ili_ari,all,2602.2,36742,3703,149.69,1.49,NA,19.2,NA,NA,NA,NA,TRUE
consultations,2023-W49,week,CH,country,0 - 4,agegroup_ili_ari,all,1383.2,9056.3,1049.9,320.22,2.76,NA,9.9,NA,NA,NA,NA,TRUE
consultations,2023-W49,week,CH,country,15 - 29,agegroup_ili_ari,all,1780.7,30819.4,1280.1,120.05,2.89,NA,12.7,NA,NA,NA,NA,TRUE
consultations,2023-W49,week,CH,country,30 - 64,agegroup_ili_ari,all,7160.7,92827.7,4544.7,161.59,3.3,NA,51.1,NA,NA,NA,NA,TRUE
consultations,2023-W49,week,CH,country,5 - 14,agegroup_ili_ari,all,995.3,19353.2,1175.3,108.51,1.79,NA,7.1,NA,NA,NA,NA,TRUE
consultations,2023-W49,week,CH,country,65+,agegroup_ili_ari,all,2696.8,36742.2,3764,155.13,1.51,NA,19.2,NA,NA,NA,NA,TRUE
consultations,2023-W50,week,CH,country,0 - 4,agegroup_ili_ari,all,1535.1,9567.1,1129.9,355.39,3.01,NA,11.3,NA,NA,NA,NA,TRUE
consultations,2023-W50,week,CH,country,15 - 29,agegroup_ili_ari,all,2080.5,32797,1406.2,140.26,3.27,NA,15.3,NA,NA,NA,NA,TRUE
consultations,2023-W50,week,CH,country,30 - 64,agegroup_ili_ari,all,6762.8,98948,5043.2,152.61,2.99,NA,49.8,NA,NA,NA,NA,TRUE
consultations,2023-W50,week,CH,country,5 - 14,agegroup_ili_ari,all,1256.7,20435.9,1278.9,137.01,2.19,NA,9.3,NA,NA,NA,NA,TRUE
consultations,2023-W50,week,CH,country,65+,agegroup_ili_ari,all,1947.7,39272.7,4188.8,112.04,1.05,NA,14.3,NA,NA,NA,NA,TRUE
consultations,2023-W51,week,CH,country,0 - 4,agegroup_ili_ari,all,1922.7,8985.9,1075,445.14,3.72,NA,12.4,NA,NA,NA,NA,TRUE
consultations,2023-W51,week,CH,country,15 - 29,agegroup_ili_ari,all,2504.9,30792.1,1314.5,168.87,3.96,NA,16.2,NA,NA,NA,NA,TRUE
consultations,2023-W51,week,CH,country,30 - 64,agegroup_ili_ari,all,7488.2,92908.6,4710,168.98,3.33,NA,48.4,NA,NA,NA,NA,TRUE
consultations,2023-W51,week,CH,country,5 - 14,agegroup_ili_ari,all,1387,19178,1208.5,151.22,2.4,NA,9,NA,NA,NA,NA,TRUE
consultations,2023-W51,week,CH,country,65+,agegroup_ili_ari,all,2170.9,36833.9,3905,124.88,1.18,NA,14,NA,NA,NA,NA,TRUE
consultations,2023-W52,week,CH,country,0 - 4,agegroup_ili_ari,all,1369.2,8517.6,434.9,316.99,6.21,NA,13,NA,NA,NA,NA,TRUE
consultations,2023-W52,week,CH,country,15 - 29,agegroup_ili_ari,all,1386,22474.2,419.4,93.44,5.01,NA,13.1,NA,NA,NA,NA,TRUE
consultations,2023-W52,week,CH,country,30 - 64,agegroup_ili_ari,all,4536,64477.1,1426.7,102.36,4.63,NA,43,NA,NA,NA,NA,TRUE
consultations,2023-W52,week,CH,country,5 - 14,agegroup_ili_ari,all,1135.8,17765.9,468.3,123.83,4.7,NA,10.8,NA,NA,NA,NA,TRUE
consultations,2023-W52,week,CH,country,65+,agegroup_ili_ari,all,2114.2,25488.8,1177.6,121.62,2.63,NA,20.1,NA,NA,NA,NA,TRUE
consultations,2024-W01,week,CH,country,0 - 4,agegroup_ili_ari,all,756.8,6155.5,414,178.7,2.66,NA,6.3,NA,NA,NA,NA,TRUE
consultations,2024-W01,week,CH,country,15 - 29,agegroup_ili_ari,all,1694.2,23880.1,606.4,113.06,4.45,NA,14.2,NA,NA,NA,NA,TRUE
consultations,2024-W01,week,CH,country,30 - 64,agegroup_ili_ari,all,6667.1,73026.7,2302.8,149.26,4.73,NA,55.9,NA,NA,NA,NA,TRUE
consultations,2024-W01,week,CH,country,5 - 14,agegroup_ili_ari,all,873.7,13770.2,515.3,94.41,2.52,NA,7.3,NA,NA,NA,NA,TRUE
consultations,2024-W01,week,CH,country,65+,agegroup_ili_ari,all,1932.7,29432.9,1938.5,108.72,1.65,NA,16.2,NA,NA,NA,NA,TRUE
consultations,2024-W02,week,CH,country,0 - 4,agegroup_ili_ari,all,1958.1,8003.1,904.3,462.32,4.09,NA,12.4,NA,NA,NA,NA,TRUE
consultations,2024-W02,week,CH,country,15 - 29,agegroup_ili_ari,all,2913.8,30857,1293,194.45,4.64,NA,18.4,NA,NA,NA,NA,TRUE
consultations,2024-W02,week,CH,country,30 - 64,agegroup_ili_ari,all,7015.9,92954.8,4810.3,157.07,3.04,NA,44.3,NA,NA,NA,NA,TRUE
consultations,2024-W02,week,CH,country,5 - 14,agegroup_ili_ari,all,1798.2,18012.8,1125.4,194.31,3.11,NA,11.4,NA,NA,NA,NA,TRUE
consultations,2024-W02,week,CH,country,65+,agegroup_ili_ari,all,2144.3,37306.6,4026,120.62,1.12,NA,13.5,NA,NA,NA,NA,TRUE
consultations,2024-W03,week,CH,country,0 - 4,agegroup_ili_ari,all,1704.6,8447.6,1000.4,402.48,3.4,NA,10.1,NA,NA,NA,NA,TRUE
consultations,2024-W03,week,CH,country,15 - 29,agegroup_ili_ari,all,3236.7,29629.1,1260.6,216,5.08,NA,19.2,NA,NA,NA,NA,TRUE
consultations,2024-W03,week,CH,country,30 - 64,agegroup_ili_ari,all,7479.6,88384.7,4596.5,167.45,3.22,NA,44.4,NA,NA,NA,NA,TRUE
consultations,2024-W03,week,CH,country,5 - 14,agegroup_ili_ari,all,3058.4,18760.6,1223,330.48,5.07,NA,18.2,NA,NA,NA,NA,TRUE
consultations,2024-W03,week,CH,country,65+,agegroup_ili_ari,all,1353.2,35471.3,3836.6,76.12,0.7,NA,8,NA,NA,NA,NA,TRUE
consultations,2024-W04,week,CH,country,0 - 4,agegroup_ili_ari,all,2447.2,7095.7,854.5,577.82,4.8,NA,14.2,NA,NA,NA,NA,TRUE
consultations,2024-W04,week,CH,country,15 - 29,agegroup_ili_ari,all,2732,30167.2,1244.3,182.32,4.42,NA,15.9,NA,NA,NA,NA,TRUE
consultations,2024-W04,week,CH,country,30 - 64,agegroup_ili_ari,all,7105.7,93035.8,4684.8,159.08,3.16,NA,41.2,NA,NA,NA,NA,TRUE
consultations,2024-W04,week,CH,country,5 - 14,agegroup_ili_ari,all,3187,16261.6,1080.5,344.37,5.18,NA,18.5,NA,NA,NA,NA,TRUE
consultations,2024-W04,week,CH,country,65+,agegroup_ili_ari,all,1761.5,37340,3916.8,99.09,0.94,NA,10.2,NA,NA,NA,NA,TRUE
consultations,2024-W05,week,CH,country,0 - 4,agegroup_ili_ari,all,2114.2,8213.5,980.4,499.18,4.18,NA,12.2,NA,NA,NA,NA,TRUE
consultations,2024-W05,week,CH,country,15 - 29,agegroup_ili_ari,all,2946.1,31026.6,1260.4,196.61,4.84,NA,17,NA,NA,NA,NA,TRUE
consultations,2024-W05,week,CH,country,30 - 64,agegroup_ili_ari,all,7532.8,93690,4617.2,168.64,3.42,NA,43.4,NA,NA,NA,NA,TRUE
consultations,2024-W05,week,CH,country,5 - 14,agegroup_ili_ari,all,3113.7,18427.6,1212.2,336.45,5.11,NA,17.9,NA,NA,NA,NA,TRUE
consultations,2024-W05,week,CH,country,65+,agegroup_ili_ari,all,1653.8,37620.4,3860.9,93.03,0.91,NA,9.5,NA,NA,NA,NA,TRUE
consultations,2024-W06,week,CH,country,0 - 4,agegroup_ili_ari,all,2352.1,8463.1,1045.7,555.35,4.49,NA,14,NA,NA,NA,NA,TRUE
consultations,2024-W06,week,CH,country,15 - 29,agegroup_ili_ari,all,2873.6,29201.6,1188.4,191.77,4.71,NA,17.1,NA,NA,NA,NA,TRUE
consultations,2024-W06,week,CH,country,30 - 64,agegroup_ili_ari,all,7393.4,86392.6,4176.8,165.52,3.42,NA,44.1,NA,NA,NA,NA,TRUE
consultations,2024-W06,week,CH,country,5 - 14,agegroup_ili_ari,all,2808,18786,1283.9,303.42,4.44,NA,16.8,NA,NA,NA,NA,TRUE
consultations,2024-W06,week,CH,country,65+,agegroup_ili_ari,all,1336.5,34583.4,3491.1,75.18,0.74,NA,8,NA,NA,NA,NA,TRUE
consultations,2024-W07,week,CH,country,0 - 4,agegroup_ili_ari,all,2015.9,7773.4,894.4,475.98,4.14,NA,15.5,NA,NA,NA,NA,TRUE
consultations,2024-W07,week,CH,country,15 - 29,agegroup_ili_ari,all,2380,28333,1120.9,158.83,4.01,NA,18.3,NA,NA,NA,NA,TRUE
consultations,2024-W07,week,CH,country,30 - 64,agegroup_ili_ari,all,5342.3,85282.1,4099.9,119.6,2.49,NA,41.1,NA,NA,NA,NA,TRUE
consultations,2024-W07,week,CH,country,5 - 14,agegroup_ili_ari,all,1510,17161.2,1070.1,163.16,2.62,NA,11.6,NA,NA,NA,NA,TRUE
consultations,2024-W07,week,CH,country,65+,agegroup_ili_ari,all,1756.6,34409.5,3457.8,98.81,0.98,NA,13.5,NA,NA,NA,NA,TRUE
consultations,2024-W08,week,CH,country,0 - 4,agegroup_ili_ari,all,1311.1,7752.7,871.4,309.57,2.75,NA,11.2,NA,NA,NA,NA,TRUE
consultations,2024-W08,week,CH,country,15 - 29,agegroup_ili_ari,all,2879.8,28619.3,1136.4,192.18,4.84,NA,24.7,NA,NA,NA,NA,TRUE
consultations,2024-W08,week,CH,country,30 - 64,agegroup_ili_ari,all,4710.7,86285.6,4197.5,105.46,2.17,NA,40.4,NA,NA,NA,NA,TRUE
consultations,2024-W08,week,CH,country,5 - 14,agegroup_ili_ari,all,1481.5,17490.5,1079.8,160.09,2.59,NA,12.7,NA,NA,NA,NA,TRUE
consultations,2024-W08,week,CH,country,65+,agegroup_ili_ari,all,1284.4,34599.7,3503.9,72.25,0.71,NA,11,NA,NA,NA,NA,TRUE
consultations,2024-W09,week,CH,country,0 - 4,agegroup_ili_ari,all,1211.1,8742.4,949.3,285.96,2.63,NA,11.3,NA,NA,NA,NA,TRUE
consultations,2024-W09,week,CH,country,15 - 29,agegroup_ili_ari,all,2167.1,31116.1,1204.3,144.62,3.74,NA,20.3,NA,NA,NA,NA,TRUE
consultations,2024-W09,week,CH,country,30 - 64,agegroup_ili_ari,all,4312.7,93218.8,4391,96.55,2.05,NA,40.4,NA,NA,NA,NA,TRUE
consultations,2024-W09,week,CH,country,5 - 14,agegroup_ili_ari,all,1606.6,19584.7,1172.2,173.6,2.9,NA,15.1,NA,NA,NA,NA,TRUE
consultations,2024-W09,week,CH,country,65+,agegroup_ili_ari,all,1375.1,37491.3,3677.3,77.35,0.79,NA,12.9,NA,NA,NA,NA,TRUE
consultations,2024-W10,week,CH,country,0 - 4,agegroup_ili_ari,all,1647.3,7970.3,864.3,388.95,3.59,NA,16.8,NA,NA,NA,NA,TRUE
consultations,2024-W10,week,CH,country,15 - 29,agegroup_ili_ari,all,1996.1,31528.1,1240.6,133.21,3.39,NA,20.3,NA,NA,NA,NA,TRUE
consultations,2024-W10,week,CH,country,30 - 64,agegroup_ili_ari,all,3828,95687.5,4633.9,85.7,1.77,NA,38.9,NA,NA,NA,NA,TRUE
consultations,2024-W10,week,CH,country,5 - 14,agegroup_ili_ari,all,1390.9,17964.8,1079.7,150.29,2.5,NA,14.1,NA,NA,NA,NA,TRUE
consultations,2024-W10,week,CH,country,65+,agegroup_ili_ari,all,971.5,38426.9,3878.5,54.65,0.54,NA,9.9,NA,NA,NA,NA,TRUE
consultations,2024-W11,week,CH,country,0 - 4,agegroup_ili_ari,all,1075.3,8270.9,952.5,253.9,2.2,NA,12.9,NA,NA,NA,NA,TRUE
consultations,2024-W11,week,CH,country,15 - 29,agegroup_ili_ari,all,1684.1,30251.9,1237.9,112.39,2.75,NA,20.2,NA,NA,NA,NA,TRUE
consultations,2024-W11,week,CH,country,30 - 64,agegroup_ili_ari,all,3099.5,90787.1,4557.5,69.39,1.38,NA,37.2,NA,NA,NA,NA,TRUE
consultations,2024-W11,week,CH,country,5 - 14,agegroup_ili_ari,all,1553.7,18464.9,1171.2,167.89,2.65,NA,18.6,NA,NA,NA,NA,TRUE
consultations,2024-W11,week,CH,country,65+,agegroup_ili_ari,all,923.7,36565.9,3826.9,51.96,0.5,NA,11.1,NA,NA,NA,NA,TRUE
consultations,2024-W12,week,CH,country,0 - 4,agegroup_ili_ari,all,1081.4,8224.5,910.3,255.34,2.31,NA,13.1,NA,NA,NA,NA,TRUE
consultations,2024-W12,week,CH,country,15 - 29,agegroup_ili_ari,all,1443.6,30102.2,1193.6,96.34,2.43,NA,17.4,NA,NA,NA,NA,TRUE
consultations,2024-W12,week,CH,country,30 - 64,agegroup_ili_ari,all,3024.4,90087.1,4351.8,67.71,1.4,NA,36.5,NA,NA,NA,NA,TRUE
consultations,2024-W12,week,CH,country,5 - 14,agegroup_ili_ari,all,1899.7,18512.1,1143.7,205.27,3.32,NA,22.9,NA,NA,NA,NA,TRUE
consultations,2024-W12,week,CH,country,65+,agegroup_ili_ari,all,835.3,36176.3,3647.6,46.99,0.47,NA,10.1,NA,NA,NA,NA,TRUE
consultations,2024-W13,week,CH,country,0 - 4,agegroup_ili_ari,all,1265.7,8365.5,861.1,298.85,2.9,NA,16.3,NA,NA,NA,NA,TRUE
consultations,2024-W13,week,CH,country,15 - 29,agegroup_ili_ari,all,1464,27634.7,1039.1,97.7,2.6,NA,18.9,NA,NA,NA,NA,TRUE
consultations,2024-W13,week,CH,country,30 - 64,agegroup_ili_ari,all,2453.6,81920,3793.5,54.93,1.19,NA,31.6,NA,NA,NA,NA,TRUE
consultations,2024-W13,week,CH,country,5 - 14,agegroup_ili_ari,all,1707.8,18424.3,1040.9,184.54,3.27,NA,22,NA,NA,NA,NA,TRUE
consultations,2024-W13,week,CH,country,65+,agegroup_ili_ari,all,862.7,32966.4,3190.4,48.53,0.5,NA,11.1,NA,NA,NA,NA,TRUE
consultations,2024-W14,week,CH,country,0 - 4,agegroup_ili_ari,all,942.7,7188.9,680.3,222.57,2.35,NA,12.3,NA,NA,NA,NA,TRUE
consultations,2024-W14,week,CH,country,15 - 29,agegroup_ili_ari,all,1486.3,23187.6,832.9,99.19,2.76,NA,19.4,NA,NA,NA,NA,TRUE
consultations,2024-W14,week,CH,country,30 - 64,agegroup_ili_ari,all,3635.1,68816,3011.3,81.38,1.86,NA,47.6,NA,NA,NA,NA,TRUE
consultations,2024-W14,week,CH,country,5 - 14,agegroup_ili_ari,all,933.9,15856.3,823.6,100.91,1.94,NA,12.2,NA,NA,NA,NA,TRUE
consultations,2024-W14,week,CH,country,65+,agegroup_ili_ari,all,645,27564.3,2518.8,36.28,0.4,NA,8.4,NA,NA,NA,NA,TRUE
consultations,2024-W15,week,CH,country,0 - 4,agegroup_ili_ari,all,215.4,9831.1,923.8,50.86,0.54,NA,4.6,NA,NA,NA,NA,TRUE
consultations,2024-W15,week,CH,country,15 - 29,agegroup_ili_ari,all,773.2,29069.5,1036.5,51.6,1.45,NA,16.4,NA,NA,NA,NA,TRUE
consultations,2024-W15,week,CH,country,30 - 64,agegroup_ili_ari,all,2488.4,84371.2,3689.7,55.71,1.27,NA,52.9,NA,NA,NA,NA,TRUE
consultations,2024-W15,week,CH,country,5 - 14,agegroup_ili_ari,all,385.5,21602.2,1120.6,41.66,0.8,NA,8.2,NA,NA,NA,NA,TRUE
consultations,2024-W15,week,CH,country,65+,agegroup_ili_ari,all,842.3,33773,3074.4,47.38,0.52,NA,17.9,NA,NA,NA,NA,TRUE
consultations,2024-W16,week,CH,country,0 - 4,agegroup_ili_ari,all,754.2,10108.2,885.8,178.07,2.03,NA,15.2,NA,NA,NA,NA,TRUE
consultations,2024-W16,week,CH,country,15 - 29,agegroup_ili_ari,all,1264.1,34378.4,1160,84.36,2.5,NA,25.5,NA,NA,NA,NA,TRUE
consultations,2024-W16,week,CH,country,30 - 64,agegroup_ili_ari,all,1625.9,101661.3,4222.1,36.4,0.88,NA,32.7,NA,NA,NA,NA,TRUE
consultations,2024-W16,week,CH,country,5 - 14,agegroup_ili_ari,all,620,22388.3,1096.9,67,1.37,NA,12.5,NA,NA,NA,NA,TRUE
consultations,2024-W16,week,CH,country,65+,agegroup_ili_ari,all,700.4,40612.7,3518.2,39.4,0.45,NA,14.1,NA,NA,NA,NA,TRUE
consultations,2024-W17,week,CH,country,0 - 4,agegroup_ili_ari,all,696.2,9734.4,883.2,164.37,1.81,NA,11.7,NA,NA,NA,NA,TRUE
consultations,2024-W17,week,CH,country,15 - 29,agegroup_ili_ari,all,1115.3,32246.9,1126.8,74.43,2.13,NA,18.8,NA,NA,NA,NA,TRUE
consultations,2024-W17,week,CH,country,30 - 64,agegroup_ili_ari,all,2572.4,95508.1,4125.6,57.59,1.33,NA,43.4,NA,NA,NA,NA,TRUE
consultations,2024-W17,week,CH,country,5 - 14,agegroup_ili_ari,all,942.8,21596.3,1100.2,101.87,2,NA,15.9,NA,NA,NA,NA,TRUE
consultations,2024-W17,week,CH,country,65+,agegroup_ili_ari,all,600,38517.1,3469.2,33.75,0.37,NA,10.1,NA,NA,NA,NA,TRUE
consultations,2024-W18,week,CH,country,0 - 4,agegroup_ili_ari,all,275.3,9228.9,839.5,65.01,0.71,NA,6.7,NA,NA,NA,NA,TRUE
consultations,2024-W18,week,CH,country,15 - 29,agegroup_ili_ari,all,554.7,29710.2,1047.6,37.02,1.05,NA,13.5,NA,NA,NA,NA,TRUE
consultations,2024-W18,week,CH,country,30 - 64,agegroup_ili_ari,all,2140.9,87625.8,3815.6,47.93,1.1,NA,52.1,NA,NA,NA,NA,TRUE
consultations,2024-W18,week,CH,country,5 - 14,agegroup_ili_ari,all,637.9,20310.3,1026.6,68.93,1.36,NA,15.5,NA,NA,NA,NA,TRUE
consultations,2024-W18,week,CH,country,65+,agegroup_ili_ari,all,502.4,35381.2,3210.8,28.26,0.31,NA,12.2,NA,NA,NA,NA,TRUE
consultations,2024-W19,week,CH,country,0 - 4,agegroup_ili_ari,all,521.4,7311.3,716.5,123.1,1.26,NA,9.6,NA,NA,NA,NA,TRUE
consultations,2024-W19,week,CH,country,15 - 29,agegroup_ili_ari,all,966.5,24805,915.1,64.5,1.75,NA,17.9,NA,NA,NA,NA,TRUE
consultations,2024-W19,week,CH,country,30 - 64,agegroup_ili_ari,all,2169.1,74130.6,3377,48.56,1.07,NA,40.1,NA,NA,NA,NA,TRUE
consultations,2024-W19,week,CH,country,5 - 14,agegroup_ili_ari,all,917.1,16144.9,870.6,99.1,1.84,NA,17,NA,NA,NA,NA,TRUE
consultations,2024-W19,week,CH,country,65+,agegroup_ili_ari,all,829.5,30004.1,2850.7,46.66,0.49,NA,15.4,NA,NA,NA,NA,TRUE
consultations,2024-W20,week,CH,country,0 - 4,agegroup_ili_ari,all,266.4,9538,967.5,62.91,0.62,NA,6.6,NA,NA,NA,NA,TRUE
consultations,2024-W20,week,CH,country,15 - 29,agegroup_ili_ari,all,1043.4,31596.3,1179.6,69.63,1.87,NA,25.8,NA,NA,NA,NA,TRUE
consultations,2024-W20,week,CH,country,30 - 64,agegroup_ili_ari,all,1960,93427.4,4286,43.88,0.96,NA,48.4,NA,NA,NA,NA,TRUE
consultations,2024-W20,week,CH,country,5 - 14,agegroup_ili_ari,all,308.5,21002.7,1169.1,33.33,0.6,NA,7.6,NA,NA,NA,NA,TRUE
consultations,2024-W20,week,CH,country,65+,agegroup_ili_ari,all,471.8,37678.9,3610.9,26.54,0.28,NA,11.6,NA,NA,NA,NA,TRUE
consultations,2024-W21,week,CH,country,0 - 4,agegroup_ili_ari,all,261.3,8104.5,796.5,61.69,0.63,NA,6.6,NA,NA,NA,NA,TRUE
consultations,2024-W21,week,CH,country,15 - 29,agegroup_ili_ari,all,896.4,28417.7,1011.4,59.82,1.68,NA,22.5,NA,NA,NA,NA,TRUE
consultations,2024-W21,week,CH,country,30 - 64,agegroup_ili_ari,all,1526.3,84861.4,3700,34.17,0.78,NA,38.4,NA,NA,NA,NA,TRUE
consultations,2024-W21,week,CH,country,5 - 14,agegroup_ili_ari,all,927.6,17958.4,968.9,100.23,1.86,NA,23.3,NA,NA,NA,NA,TRUE
consultations,2024-W21,week,CH,country,65+,agegroup_ili_ari,all,364.8,34119.6,3106.2,20.52,0.23,NA,9.2,NA,NA,NA,NA,TRUE
consultations,2024-W22,week,CH,country,0 - 4,agegroup_ili_ari,all,471.3,8987.3,890.8,111.27,1.12,NA,11.8,NA,NA,NA,NA,TRUE
consultations,2024-W22,week,CH,country,15 - 29,agegroup_ili_ari,all,817.4,31163.2,1117.6,54.55,1.52,NA,20.4,NA,NA,NA,NA,TRUE
consultations,2024-W22,week,CH,country,30 - 64,agegroup_ili_ari,all,1876.5,92839.9,4087.5,42.01,0.95,NA,46.8,NA,NA,NA,NA,TRUE
consultations,2024-W22,week,CH,country,5 - 14,agegroup_ili_ari,all,464.8,19912,1078.6,50.22,0.93,NA,11.6,NA,NA,NA,NA,TRUE
consultations,2024-W22,week,CH,country,65+,agegroup_ili_ari,all,381,37333.1,3429.5,21.43,0.23,NA,9.5,NA,NA,NA,NA,TRUE
consultations,2024-W23,week,CH,country,0 - 4,agegroup_ili_ari,all,440.8,9607.7,983.9,104.08,1.02,NA,8.9,NA,NA,NA,NA,TRUE
consultations,2024-W23,week,CH,country,15 - 29,agegroup_ili_ari,all,1072,32151.5,1222.5,71.54,1.88,NA,21.6,NA,NA,NA,NA,TRUE
consultations,2024-W23,week,CH,country,30 - 64,agegroup_ili_ari,all,2110.1,95250.8,4425,47.24,1.02,NA,42.4,NA,NA,NA,NA,TRUE
consultations,2024-W23,week,CH,country,5 - 14,agegroup_ili_ari,all,698.2,21209.9,1198.7,75.44,1.33,NA,14,NA,NA,NA,NA,TRUE
consultations,2024-W23,week,CH,country,65+,agegroup_ili_ari,all,650.1,38279.8,3713.9,36.57,0.38,NA,13.1,NA,NA,NA,NA,TRUE
consultations,2024-W24,week,CH,country,0 - 4,agegroup_ili_ari,all,449.5,9422.5,931.7,106.13,1.07,NA,9.2,NA,NA,NA,NA,TRUE
consultations,2024-W24,week,CH,country,15 - 29,agegroup_ili_ari,all,927,32333.2,1198,61.86,1.67,NA,19,NA,NA,NA,NA,TRUE
consultations,2024-W24,week,CH,country,30 - 64,agegroup_ili_ari,all,2051.1,95825.6,4350.6,45.92,1.01,NA,42,NA,NA,NA,NA,TRUE
consultations,2024-W24,week,CH,country,5 - 14,agegroup_ili_ari,all,398.2,20913.8,1142.6,43.03,0.79,NA,8.1,NA,NA,NA,NA,TRUE
consultations,2024-W24,week,CH,country,65+,agegroup_ili_ari,all,1063.1,38463.8,3641.2,59.8,0.63,NA,21.7,NA,NA,NA,NA,TRUE
consultations,2024-W25,week,CH,country,0 - 4,agegroup_ili_ari,all,299.1,8495.8,857.2,70.62,0.7,NA,6.1,NA,NA,NA,NA,TRUE
consultations,2024-W25,week,CH,country,15 - 29,agegroup_ili_ari,all,1096.9,30054.2,1117.4,73.2,1.97,NA,22.2,NA,NA,NA,NA,TRUE
consultations,2024-W25,week,CH,country,30 - 64,agegroup_ili_ari,all,2353.1,89215.4,4064.3,52.68,1.16,NA,47.7,NA,NA,NA,NA,TRUE
consultations,2024-W25,week,CH,country,5 - 14,agegroup_ili_ari,all,735.4,18876.3,1060.8,79.46,1.41,NA,14.9,NA,NA,NA,NA,TRUE
consultations,2024-W25,week,CH,country,65+,agegroup_ili_ari,all,448,35717.4,3391.2,25.2,0.27,NA,9.1,NA,NA,NA,NA,TRUE
consultations,2024-W26,week,CH,country,0 - 4,agegroup_ili_ari,all,187.4,9039.9,921.6,44.25,0.43,NA,5.4,NA,NA,NA,NA,TRUE
consultations,2024-W26,week,CH,country,15 - 29,agegroup_ili_ari,all,821.3,31014.7,1164.5,54.81,1.46,NA,23.7,NA,NA,NA,NA,TRUE
consultations,2024-W26,week,CH,country,30 - 64,agegroup_ili_ari,all,1888.1,92253.6,4218.9,42.27,0.92,NA,54.5,NA,NA,NA,NA,TRUE
consultations,2024-W26,week,CH,country,5 - 14,agegroup_ili_ari,all,185.2,19989,1126,20.01,0.36,NA,5.3,NA,NA,NA,NA,TRUE
consultations,2024-W26,week,CH,country,65+,agegroup_ili_ari,all,382.7,37152.6,3557,21.53,0.22,NA,11,NA,NA,NA,NA,TRUE
consultations,2024-W27,week,CH,country,0 - 4,agegroup_ili_ari,all,285.6,8898.1,859.8,67.43,0.7,NA,8.2,NA,NA,NA,NA,TRUE
consultations,2024-W27,week,CH,country,15 - 29,agegroup_ili_ari,all,763,29456.6,1062.8,50.92,1.41,NA,21.9,NA,NA,NA,NA,TRUE
consultations,2024-W27,week,CH,country,30 - 64,agegroup_ili_ari,all,1537.9,87124.8,3866.4,34.43,0.78,NA,44.2,NA,NA,NA,NA,TRUE
consultations,2024-W27,week,CH,country,5 - 14,agegroup_ili_ari,all,284.7,19504.2,1037.2,30.76,0.58,NA,8.2,NA,NA,NA,NA,TRUE
consultations,2024-W27,week,CH,country,65+,agegroup_ili_ari,all,610.3,34952.7,3227.7,34.33,0.37,NA,17.5,NA,NA,NA,NA,TRUE
consultations,2024-W28,week,CH,country,0 - 4,agegroup_ili_ari,all,423.2,10007.2,849.3,99.93,1.18,NA,13.7,NA,NA,NA,NA,TRUE
consultations,2024-W28,week,CH,country,15 - 29,agegroup_ili_ari,all,528.7,31180.6,1016.9,35.28,1.08,NA,17.1,NA,NA,NA,NA,TRUE
consultations,2024-W28,week,CH,country,30 - 64,agegroup_ili_ari,all,1227,91003.6,3672.8,27.47,0.68,NA,39.7,NA,NA,NA,NA,TRUE
consultations,2024-W28,week,CH,country,5 - 14,agegroup_ili_ari,all,422.8,21887.3,1022,45.69,0.98,NA,13.7,NA,NA,NA,NA,TRUE
consultations,2024-W28,week,CH,country,65+,agegroup_ili_ari,all,486.7,36526.7,3064,27.38,0.33,NA,15.8,NA,NA,NA,NA,TRUE
consultations,2024-W29,week,CH,country,0 - 4,agegroup_ili_ari,all,214.9,9852.9,672.6,50.75,0.74,NA,7,NA,NA,NA,NA,TRUE
consultations,2024-W29,week,CH,country,15 - 29,agegroup_ili_ari,all,580.5,30978.9,900.2,38.74,1.33,NA,18.8,NA,NA,NA,NA,TRUE
consultations,2024-W29,week,CH,country,30 - 64,agegroup_ili_ari,all,1341.8,89886.6,3316.6,30.04,0.81,NA,43.5,NA,NA,NA,NA,TRUE
consultations,2024-W29,week,CH,country,5 - 14,agegroup_ili_ari,all,256,21692.4,822.1,27.66,0.73,NA,8.3,NA,NA,NA,NA,TRUE
consultations,2024-W29,week,CH,country,65+,agegroup_ili_ari,all,691,36017.2,2763.5,38.87,0.51,NA,22.4,NA,NA,NA,NA,TRUE
consultations,2024-W30,week,CH,country,0 - 4,agegroup_ili_ari,all,284.4,11912.6,615.8,67.16,1.3,NA,8.7,NA,NA,NA,NA,TRUE
consultations,2024-W30,week,CH,country,15 - 29,agegroup_ili_ari,all,575.9,31227.6,777.2,38.43,1.54,NA,17.7,NA,NA,NA,NA,TRUE
consultations,2024-W30,week,CH,country,30 - 64,agegroup_ili_ari,all,1513.8,88510.6,2824.4,33.89,1.06,NA,46.4,NA,NA,NA,NA,TRUE
consultations,2024-W30,week,CH,country,5 - 14,agegroup_ili_ari,all,285.5,25932.8,761,30.85,1.05,NA,8.8,NA,NA,NA,NA,TRUE
consultations,2024-W30,week,CH,country,65+,agegroup_ili_ari,all,602.1,35433.8,2355.7,33.87,0.51,NA,18.5,NA,NA,NA,NA,TRUE
consultations,2024-W31,week,CH,country,0 - 4,agegroup_ili_ari,all,131.3,9674.1,419.5,31.01,0.72,NA,5.3,NA,NA,NA,NA,TRUE
consultations,2024-W31,week,CH,country,15 - 29,agegroup_ili_ari,all,733.6,26550.7,541.9,48.96,2.4,NA,29.6,NA,NA,NA,NA,TRUE
consultations,2024-W31,week,CH,country,30 - 64,agegroup_ili_ari,all,872.4,76797.7,2030.5,19.53,0.74,NA,35.3,NA,NA,NA,NA,TRUE
consultations,2024-W31,week,CH,country,5 - 14,agegroup_ili_ari,all,221.5,20897.5,491.6,23.93,1.02,NA,9,NA,NA,NA,NA,TRUE
consultations,2024-W31,week,CH,country,65+,agegroup_ili_ari,all,515.4,31047.3,1719.4,28.99,0.52,NA,20.8,NA,NA,NA,NA,TRUE
consultations,2024-W32,week,CH,country,0 - 4,agegroup_ili_ari,all,126.5,10042.7,634.7,29.87,0.47,NA,4.3,NA,NA,NA,NA,TRUE
consultations,2024-W32,week,CH,country,15 - 29,agegroup_ili_ari,all,992.6,31701.3,873.4,66.24,2.4,NA,33.7,NA,NA,NA,NA,TRUE
consultations,2024-W32,week,CH,country,30 - 64,agegroup_ili_ari,all,1275.7,94523.6,3291.7,28.56,0.82,NA,43.2,NA,NA,NA,NA,TRUE
consultations,2024-W32,week,CH,country,5 - 14,agegroup_ili_ari,all,42.3,21899.8,753.2,4.57,0.13,NA,1.4,NA,NA,NA,NA,TRUE
consultations,2024-W32,week,CH,country,65+,agegroup_ili_ari,all,512.5,38157.8,2781.9,28.83,0.4,NA,17.4,NA,NA,NA,NA,TRUE
consultations,2024-W33,week,CH,country,0 - 4,agegroup_ili_ari,all,168.8,10038.1,757.2,39.85,0.53,NA,4.7,NA,NA,NA,NA,TRUE
consultations,2024-W33,week,CH,country,15 - 29,agegroup_ili_ari,all,1082.8,33214.7,1050.8,72.26,2.28,NA,30.4,NA,NA,NA,NA,TRUE
consultations,2024-W33,week,CH,country,30 - 64,agegroup_ili_ari,all,1617.9,99381.5,3938.1,36.22,0.91,NA,45.4,NA,NA,NA,NA,TRUE
consultations,2024-W33,week,CH,country,5 - 14,agegroup_ili_ari,all,294.2,22018.4,922.8,31.79,0.76,NA,8.3,NA,NA,NA,NA,TRUE
consultations,2024-W33,week,CH,country,65+,agegroup_ili_ari,all,402.1,39779.7,3287.2,22.62,0.27,NA,11.3,NA,NA,NA,NA,TRUE
consultations,2024-W34,week,CH,country,0 - 4,agegroup_ili_ari,all,213,9941.6,904.1,50.29,0.55,NA,4.8,NA,NA,NA,NA,TRUE
consultations,2024-W34,week,CH,country,15 - 29,agegroup_ili_ari,all,1079.5,31926.5,1157.8,72.04,1.99,NA,24.2,NA,NA,NA,NA,TRUE
consultations,2024-W34,week,CH,country,30 - 64,agegroup_ili_ari,all,2186,93986.8,4228.5,48.94,1.09,NA,49,NA,NA,NA,NA,TRUE
consultations,2024-W34,week,CH,country,5 - 14,agegroup_ili_ari,all,466.5,21821,1109,50.41,0.99,NA,10.4,NA,NA,NA,NA,TRUE
consultations,2024-W34,week,CH,country,65+,agegroup_ili_ari,all,520.3,37584.7,3523.6,29.27,0.31,NA,11.7,NA,NA,NA,NA,TRUE
consultations,2024-W35,week,CH,country,0 - 4,agegroup_ili_ari,all,437,9692.4,925.6,103.17,1.08,NA,8.3,NA,NA,NA,NA,TRUE
consultations,2024-W35,week,CH,country,15 - 29,agegroup_ili_ari,all,1207.3,31027.8,1130.4,80.57,2.21,NA,22.8,NA,NA,NA,NA,TRUE
consultations,2024-W35,week,CH,country,30 - 64,agegroup_ili_ari,all,2189.6,91796.2,4145.3,49.02,1.09,NA,41.4,NA,NA,NA,NA,TRUE
consultations,2024-W35,week,CH,country,5 - 14,agegroup_ili_ari,all,784.1,21243.1,1114.9,84.73,1.61,NA,14.8,NA,NA,NA,NA,TRUE
consultations,2024-W35,week,CH,country,65+,agegroup_ili_ari,all,674.3,36911.5,3473.7,37.93,0.4,NA,12.7,NA,NA,NA,NA,TRUE
consultations,2024-W36,week,CH,country,0 - 4,agegroup_ili_ari,all,347.5,9749.6,927.1,82.05,0.86,NA,9.4,NA,NA,NA,NA,TRUE
consultations,2024-W36,week,CH,country,15 - 29,agegroup_ili_ari,all,733.5,32688.4,1157.1,48.95,1.38,NA,19.8,NA,NA,NA,NA,TRUE
consultations,2024-W36,week,CH,country,30 - 64,agegroup_ili_ari,all,1601.8,97601.8,4278.8,35.86,0.82,NA,43.3,NA,NA,NA,NA,TRUE
consultations,2024-W36,week,CH,country,5 - 14,agegroup_ili_ari,all,476,21387.7,1102.5,51.43,1,NA,12.9,NA,NA,NA,NA,TRUE
consultations,2024-W36,week,CH,country,65+,agegroup_ili_ari,all,542.7,39302.3,3590.5,30.53,0.33,NA,14.7,NA,NA,NA,NA,TRUE
consultations,2024-W37,week,CH,country,0 - 4,agegroup_ili_ari,all,644.1,9205.7,919.4,152.08,1.52,NA,10.1,NA,NA,NA,NA,TRUE
consultations,2024-W37,week,CH,country,15 - 29,agegroup_ili_ari,all,1273.5,31766.6,1170.1,84.99,2.31,NA,19.9,NA,NA,NA,NA,TRUE
consultations,2024-W37,week,CH,country,30 - 64,agegroup_ili_ari,all,2678.3,95070.7,4281.5,59.96,1.33,NA,41.9,NA,NA,NA,NA,TRUE
consultations,2024-W37,week,CH,country,5 - 14,agegroup_ili_ari,all,1001.1,20338.8,1117,108.17,1.97,NA,15.7,NA,NA,NA,NA,TRUE
consultations,2024-W37,week,CH,country,65+,agegroup_ili_ari,all,792.7,38126.9,3591,44.59,0.47,NA,12.4,NA,NA,NA,NA,TRUE
consultations,2024-W38,week,CH,country,0 - 4,agegroup_ili_ari,all,498.7,7644.1,729.6,117.74,1.23,NA,7.9,NA,NA,NA,NA,TRUE
consultations,2024-W38,week,CH,country,15 - 29,agegroup_ili_ari,all,1435.8,30264,1104.9,95.82,2.62,NA,22.9,NA,NA,NA,NA,TRUE
consultations,2024-W38,week,CH,country,30 - 64,agegroup_ili_ari,all,2903.4,92306,4184.8,65,1.43,NA,46.2,NA,NA,NA,NA,TRUE
consultations,2024-W38,week,CH,country,5 - 14,agegroup_ili_ari,all,430.3,17204,918.5,46.5,0.87,NA,6.9,NA,NA,NA,NA,TRUE
consultations,2024-W38,week,CH,country,65+,agegroup_ili_ari,all,1010.8,36930.3,3490.2,56.86,0.6,NA,16.1,NA,NA,NA,NA,TRUE
consultations,2024-W39,week,CH,country,0 - 4,agegroup_ili_ari,all,465.3,9101.8,830.9,109.87,1.2,NA,6.8,NA,NA,NA,NA,TRUE
consultations,2024-W39,week,CH,country,15 - 29,agegroup_ili_ari,all,1524.2,30475.9,1134.2,101.72,2.73,NA,22.2,NA,NA,NA,NA,TRUE
consultations,2024-W39,week,CH,country,30 - 64,agegroup_ili_ari,all,3772.6,89978.2,4131.9,84.46,1.84,NA,54.9,NA,NA,NA,NA,TRUE
consultations,2024-W39,week,CH,country,5 - 14,agegroup_ili_ari,all,322.3,20100.5,1043.6,34.83,0.67,NA,4.7,NA,NA,NA,NA,TRUE
consultations,2024-W39,week,CH,country,65+,agegroup_ili_ari,all,793,35868.7,3444.4,44.61,0.46,NA,11.5,NA,NA,NA,NA,TRUE
consultations,2024-W40,week,CH,country,0 - 4,agegroup_ili_ari,all,881.7,10567.7,880,208.18,2.5,NA,9.3,NA,NA,NA,NA,TRUE
consultations,2024-W40,week,CH,country,15 - 29,agegroup_ili_ari,all,1974.5,29596.9,990,131.77,3.94,NA,20.8,NA,NA,NA,NA,TRUE
consultations,2024-W40,week,CH,country,30 - 64,agegroup_ili_ari,all,3405.9,83931.7,3478.2,76.25,1.84,NA,35.9,NA,NA,NA,NA,TRUE
consultations,2024-W40,week,CH,country,5 - 14,agegroup_ili_ari,all,1046.9,22983.9,1076.6,113.12,2.41,NA,11,NA,NA,NA,NA,TRUE
consultations,2024-W40,week,CH,country,65+,agegroup_ili_ari,all,2182.3,33397.2,2890.2,122.76,1.42,NA,23,NA,NA,NA,NA,TRUE
consultations,2024-W41,week,CH,country,0 - 4,agegroup_ili_ari,all,960.9,10578.1,775.9,226.88,3.09,NA,9.9,NA,NA,NA,NA,TRUE
consultations,2024-W41,week,CH,country,15 - 29,agegroup_ili_ari,all,1329.6,29302.6,854,88.73,3.04,NA,13.7,NA,NA,NA,NA,TRUE
consultations,2024-W41,week,CH,country,30 - 64,agegroup_ili_ari,all,5106,83984.4,3063.8,114.31,3.13,NA,52.6,NA,NA,NA,NA,TRUE
consultations,2024-W41,week,CH,country,5 - 14,agegroup_ili_ari,all,851.5,22824.2,938.2,92.01,2.24,NA,8.8,NA,NA,NA,NA,TRUE
consultations,2024-W41,week,CH,country,65+,agegroup_ili_ari,all,1460.7,34073.9,2589.1,82.17,1.08,NA,15,NA,NA,NA,NA,TRUE
consultations,2024-W42,week,CH,country,0 - 4,agegroup_ili_ari,all,1435.6,9441,820.2,338.95,3.9,NA,16.1,NA,NA,NA,NA,TRUE
consultations,2024-W42,week,CH,country,15 - 29,agegroup_ili_ari,all,1540.3,29186.9,976.5,102.79,3.07,NA,17.3,NA,NA,NA,NA,TRUE
consultations,2024-W42,week,CH,country,30 - 64,agegroup_ili_ari,all,3311.2,86332.5,3561,74.13,1.8,NA,37.2,NA,NA,NA,NA,TRUE
consultations,2024-W42,week,CH,country,5 - 14,agegroup_ili_ari,all,1293.3,20751.5,1018.6,139.75,2.85,NA,14.5,NA,NA,NA,NA,TRUE
consultations,2024-W42,week,CH,country,65+,agegroup_ili_ari,all,1311.9,35228.7,3033.7,73.8,0.86,NA,14.8,NA,NA,NA,NA,TRUE
consultations,2024-W43,week,CH,country,0 - 4,agegroup_ili_ari,all,879.3,9152.3,872.1,207.6,2.18,NA,7.8,NA,NA,NA,NA,TRUE
consultations,2024-W43,week,CH,country,15 - 29,agegroup_ili_ari,all,1900.4,28385.7,1100.5,126.82,3.27,NA,16.8,NA,NA,NA,NA,TRUE
consultations,2024-W43,week,CH,country,30 - 64,agegroup_ili_ari,all,5385.6,83765.4,4055.6,120.57,2.49,NA,47.6,NA,NA,NA,NA,TRUE
consultations,2024-W43,week,CH,country,5 - 14,agegroup_ili_ari,all,649.9,19933.6,1048.3,70.23,1.34,NA,5.7,NA,NA,NA,NA,TRUE
consultations,2024-W43,week,CH,country,65+,agegroup_ili_ari,all,2495.4,33482.7,3381.5,140.37,1.39,NA,22.1,NA,NA,NA,NA,TRUE
consultations,2024-W44,week,CH,country,0 - 4,agegroup_ili_ari,all,947.5,8045.9,759.7,223.72,2.37,NA,9.4,NA,NA,NA,NA,TRUE
consultations,2024-W44,week,CH,country,15 - 29,agegroup_ili_ari,all,1495.9,30051.6,1145.8,99.83,2.62,NA,14.9,NA,NA,NA,NA,TRUE
consultations,2024-W44,week,CH,country,30 - 64,agegroup_ili_ari,all,4148.3,90447.1,4277.8,92.87,1.96,NA,41.3,NA,NA,NA,NA,TRUE
consultations,2024-W44,week,CH,country,5 - 14,agegroup_ili_ari,all,1292.6,17899.6,943,139.67,2.65,NA,12.9,NA,NA,NA,NA,TRUE
consultations,2024-W44,week,CH,country,65+,agegroup_ili_ari,all,2168.6,36069.1,3555.8,121.99,1.24,NA,21.6,NA,NA,NA,NA,TRUE
consultations,2024-W45,week,CH,country,0 - 4,agegroup_ili_ari,all,955.3,8867.3,936.8,225.55,2.13,NA,8.3,NA,NA,NA,NA,TRUE
consultations,2024-W45,week,CH,country,15 - 29,agegroup_ili_ari,all,2409.5,30473.5,1233.3,160.8,3.97,NA,20.9,NA,NA,NA,NA,TRUE
consultations,2024-W45,week,CH,country,30 - 64,agegroup_ili_ari,all,4641.4,90463.1,4527.6,103.91,2.08,NA,40.3,NA,NA,NA,NA,TRUE
consultations,2024-W45,week,CH,country,5 - 14,agegroup_ili_ari,all,1650.3,19626.7,1153.7,178.33,3.03,NA,14.3,NA,NA,NA,NA,TRUE
consultations,2024-W45,week,CH,country,65+,agegroup_ili_ari,all,1864.1,36238.3,3781.6,104.86,1,NA,16.2,NA,NA,NA,NA,TRUE
consultations,2024-W46,week,CH,country,0 - 4,agegroup_ili_ari,all,1044,9330.8,1020.5,246.49,2.25,NA,8.7,NA,NA,NA,NA,TRUE
consultations,2024-W46,week,CH,country,15 - 29,agegroup_ili_ari,all,2153.4,29921.1,1222,143.71,3.52,NA,18,NA,NA,NA,NA,TRUE
consultations,2024-W46,week,CH,country,30 - 64,agegroup_ili_ari,all,5645.1,87828.6,4387.9,126.38,2.53,NA,47.1,NA,NA,NA,NA,TRUE
consultations,2024-W46,week,CH,country,5 - 14,agegroup_ili_ari,all,1573.7,20582.6,1262.4,170.05,2.77,NA,13.1,NA,NA,NA,NA,TRUE
consultations,2024-W46,week,CH,country,65+,agegroup_ili_ari,all,1566.5,35179.1,3668.2,88.12,0.85,NA,13.1,NA,NA,NA,NA,TRUE
consultations,2024-W47,week,CH,country,0 - 4,agegroup_ili_ari,all,1823.4,9058.9,1024.4,430.52,3.81,NA,15.2,NA,NA,NA,NA,TRUE
consultations,2024-W47,week,CH,country,15 - 29,agegroup_ili_ari,all,2117.3,31138.9,1258,141.3,3.5,NA,17.6,NA,NA,NA,NA,TRUE
consultations,2024-W47,week,CH,country,30 - 64,agegroup_ili_ari,all,4866.1,92714.7,4538.5,108.94,2.23,NA,40.4,NA,NA,NA,NA,TRUE
consultations,2024-W47,week,CH,country,5 - 14,agegroup_ili_ari,all,1886.6,20112.2,1258.2,203.86,3.26,NA,15.7,NA,NA,NA,NA,TRUE
consultations,2024-W47,week,CH,country,65+,agegroup_ili_ari,all,1340,37145,3793,75.38,0.74,NA,11.1,NA,NA,NA,NA,TRUE
consultations,2024-W48,week,CH,country,0 - 4,agegroup_ili_ari,all,1222.4,8315.7,958.4,288.61,2.5,NA,11.1,NA,NA,NA,NA,TRUE
consultations,2024-W48,week,CH,country,15 - 29,agegroup_ili_ari,all,1666.6,30569.9,1215.5,111.22,2.8,NA,15.1,NA,NA,NA,NA,TRUE
consultations,2024-W48,week,CH,country,30 - 64,agegroup_ili_ari,all,5157.8,91796.9,4428.9,115.47,2.39,NA,46.7,NA,NA,NA,NA,TRUE
consultations,2024-W48,week,CH,country,5 - 14,agegroup_ili_ari,all,1740.8,18607.5,1186.1,188.1,2.95,NA,15.8,NA,NA,NA,NA,TRUE
consultations,2024-W48,week,CH,country,65+,agegroup_ili_ari,all,1256,36802.3,3704.1,70.65,0.7,NA,11.4,NA,NA,NA,NA,TRUE
consultations,2024-W49,week,CH,country,0 - 4,agegroup_ili_ari,all,1301.3,8462.3,979.9,307.24,2.65,NA,10.6,NA,NA,NA,NA,TRUE
consultations,2024-W49,week,CH,country,15 - 29,agegroup_ili_ari,all,2284.3,30176,1228.3,152.44,3.75,NA,18.5,NA,NA,NA,NA,TRUE
consultations,2024-W49,week,CH,country,30 - 64,agegroup_ili_ari,all,5446.8,90211.8,4444.1,121.94,2.48,NA,44.2,NA,NA,NA,NA,TRUE
consultations,2024-W49,week,CH,country,5 - 14,agegroup_ili_ari,all,1823.8,18775.3,1211.1,197.07,3.05,NA,14.8,NA,NA,NA,NA,TRUE
consultations,2024-W49,week,CH,country,65+,agegroup_ili_ari,all,1475.7,36140.7,3712.6,83.01,0.81,NA,12,NA,NA,NA,NA,TRUE
consultations,2024-W50,week,CH,country,0 - 4,agegroup_ili_ari,all,2320.5,8213.2,983.6,547.9,4.58,NA,17.6,NA,NA,NA,NA,TRUE
consultations,2024-W50,week,CH,country,15 - 29,agegroup_ili_ari,all,2700.5,30517.9,1283.8,180.22,4.28,NA,20.5,NA,NA,NA,NA,TRUE
consultations,2024-W50,week,CH,country,30 - 64,agegroup_ili_ari,all,5351.6,91813.8,4703.7,119.81,2.34,NA,40.5,NA,NA,NA,NA,TRUE
consultations,2024-W50,week,CH,country,5 - 14,agegroup_ili_ari,all,1665.2,18340.4,1217.9,179.93,2.71,NA,12.6,NA,NA,NA,NA,TRUE
consultations,2024-W50,week,CH,country,65+,agegroup_ili_ari,all,1160,36783.1,3929,65.25,0.61,NA,8.8,NA,NA,NA,NA,TRUE
consultations,2024-W51,week,CH,country,0 - 4,agegroup_ili_ari,all,2078.7,8557.4,1041.2,490.8,4.03,NA,14.4,NA,NA,NA,NA,TRUE
consultations,2024-W51,week,CH,country,15 - 29,agegroup_ili_ari,all,2676,30798.6,1290.8,178.58,4.26,NA,18.5,NA,NA,NA,NA,TRUE
consultations,2024-W51,week,CH,country,30 - 64,agegroup_ili_ari,all,6348.2,92174,4691.4,142.12,2.79,NA,43.9,NA,NA,NA,NA,TRUE
consultations,2024-W51,week,CH,country,5 - 14,agegroup_ili_ari,all,2051.4,18947.3,1263.9,221.67,3.32,NA,14.2,NA,NA,NA,NA,TRUE
consultations,2024-W51,week,CH,country,65+,agegroup_ili_ari,all,1298.6,36959,3918.7,73.05,0.69,NA,9,NA,NA,NA,NA,TRUE
consultations,2024-W52,week,CH,country,0 - 4,agegroup_ili_ari,all,889,6193.3,323.5,209.91,4.02,NA,10.3,NA,NA,NA,NA,TRUE
consultations,2024-W52,week,CH,country,15 - 29,agegroup_ili_ari,all,1413.7,20140.6,367.6,94.34,5.17,NA,16.4,NA,NA,NA,NA,TRUE
consultations,2024-W52,week,CH,country,30 - 64,agegroup_ili_ari,all,3922.3,59218.3,1337.2,87.81,3.89,NA,45.5,NA,NA,NA,NA,TRUE
consultations,2024-W52,week,CH,country,5 - 14,agegroup_ili_ari,all,1498.6,13586.5,377.7,161.93,5.82,NA,17.4,NA,NA,NA,NA,TRUE
consultations,2024-W52,week,CH,country,65+,agegroup_ili_ari,all,903.1,23624,1105,50.8,1.09,NA,10.5,NA,NA,NA,NA,TRUE
consultations,2025-W01,week,CH,country,0 - 4,agegroup_ili_ari,all,3197.1,4662.3,328.8,772.16,10.95,NA,16.2,NA,NA,NA,NA,TRUE
consultations,2025-W01,week,CH,country,15 - 29,agegroup_ili_ari,all,2835.5,14841.4,397.3,188.66,7.05,NA,14.4,NA,NA,NA,NA,TRUE
consultations,2025-W01,week,CH,country,30 - 64,agegroup_ili_ari,all,8937.1,43547.8,1338,199.78,6.5,NA,45.4,NA,NA,NA,NA,TRUE
consultations,2025-W01,week,CH,country,5 - 14,agegroup_ili_ari,all,1991.9,10227.4,350,215.11,6.29,NA,10.1,NA,NA,NA,NA,TRUE
consultations,2025-W01,week,CH,country,65+,agegroup_ili_ari,all,2718.5,17317.3,1197,150.14,2.17,NA,13.8,NA,NA,NA,NA,TRUE
consultations,2025-W02,week,CH,country,0 - 4,agegroup_ili_ari,all,2366.8,8921.8,1039.9,571.63,4.9,NA,8.7,NA,NA,NA,NA,TRUE
consultations,2025-W02,week,CH,country,15 - 29,agegroup_ili_ari,all,5375.8,32710.6,1426.6,357.68,8.2,NA,19.8,NA,NA,NA,NA,TRUE
consultations,2025-W02,week,CH,country,30 - 64,agegroup_ili_ari,all,13283.9,99005.9,4942.7,296.95,5.95,NA,48.9,NA,NA,NA,NA,TRUE
consultations,2025-W02,week,CH,country,5 - 14,agegroup_ili_ari,all,2251.6,19740.7,1111.2,243.15,4.32,NA,8.3,NA,NA,NA,NA,TRUE
consultations,2025-W02,week,CH,country,65+,agegroup_ili_ari,all,3861.9,39382.1,4391.6,213.29,1.91,NA,14.2,NA,NA,NA,NA,TRUE
consultations,2025-W03,week,CH,country,0 - 4,agegroup_ili_ari,all,2549.8,9743.3,1188.5,615.81,5.05,NA,9.6,NA,NA,NA,NA,TRUE
consultations,2025-W03,week,CH,country,15 - 29,agegroup_ili_ari,all,4850.2,33466.2,1493.8,322.71,7.23,NA,18.2,NA,NA,NA,NA,TRUE
consultations,2025-W03,week,CH,country,30 - 64,agegroup_ili_ari,all,11183.2,100002.3,5047.1,249.99,4.95,NA,41.9,NA,NA,NA,NA,TRUE
consultations,2025-W03,week,CH,country,5 - 14,agegroup_ili_ari,all,4750,21444.2,1262.9,512.96,8.71,NA,17.8,NA,NA,NA,NA,TRUE
consultations,2025-W03,week,CH,country,65+,agegroup_ili_ari,all,3350.6,39989.8,4521.7,185.05,1.64,NA,12.6,NA,NA,NA,NA,TRUE
consultations,2025-W04,week,CH,country,0 - 4,agegroup_ili_ari,all,3587.1,9811.4,1210.4,866.34,7.02,NA,11.1,NA,NA,NA,NA,TRUE
consultations,2025-W04,week,CH,country,15 - 29,agegroup_ili_ari,all,6229.6,33052.5,1450.4,414.49,9.45,NA,19.3,NA,NA,NA,NA,TRUE
consultations,2025-W04,week,CH,country,30 - 64,agegroup_ili_ari,all,13377,98985.3,4841.5,299.03,6.11,NA,41.4,NA,NA,NA,NA,TRUE
consultations,2025-W04,week,CH,country,5 - 14,agegroup_ili_ari,all,6182.1,21569.5,1290.5,667.61,11.16,NA,19.1,NA,NA,NA,NA,TRUE
consultations,2025-W04,week,CH,country,65+,agegroup_ili_ari,all,2930,39550.2,4324.2,161.82,1.48,NA,9.1,NA,NA,NA,NA,TRUE
consultations,2025-W05,week,CH,country,0 - 4,agegroup_ili_ari,all,3393.1,9151.9,1129.1,819.5,6.64,NA,10.2,NA,NA,NA,NA,TRUE
consultations,2025-W05,week,CH,country,15 - 29,agegroup_ili_ari,all,6520.1,31118.7,1338.6,433.82,10.09,NA,19.6,NA,NA,NA,NA,TRUE
consultations,2025-W05,week,CH,country,30 - 64,agegroup_ili_ari,all,13182.4,92981.4,4435.2,294.68,6.18,NA,39.6,NA,NA,NA,NA,TRUE
consultations,2025-W05,week,CH,country,5 - 14,agegroup_ili_ari,all,7350.3,20157.1,1209.4,793.76,13.23,NA,22.1,NA,NA,NA,NA,TRUE
consultations,2025-W05,week,CH,country,65+,agegroup_ili_ari,all,2827.9,37137.8,3965.7,156.18,1.46,NA,8.5,NA,NA,NA,NA,TRUE
consultations,2025-W06,week,CH,country,0 - 4,agegroup_ili_ari,all,3037.9,9677.1,1253.3,733.69,5.67,NA,8.3,NA,NA,NA,NA,TRUE
consultations,2025-W06,week,CH,country,15 - 29,agegroup_ili_ari,all,6758.6,32466.6,1386.3,449.69,10.53,NA,18.4,NA,NA,NA,NA,TRUE
consultations,2025-W06,week,CH,country,30 - 64,agegroup_ili_ari,all,16666.3,96091.2,4486.9,372.56,7.98,NA,45.5,NA,NA,NA,NA,TRUE
consultations,2025-W06,week,CH,country,5 - 14,agegroup_ili_ari,all,6475.7,21306.8,1321.6,699.31,11.27,NA,17.7,NA,NA,NA,NA,TRUE
consultations,2025-W06,week,CH,country,65+,agegroup_ili_ari,all,3693.5,38238,3995.9,203.99,1.95,NA,10.1,NA,NA,NA,NA,TRUE
consultations,2025-W07,week,CH,country,0 - 4,agegroup_ili_ari,all,2962.6,9643.4,1165.6,715.51,5.92,NA,9.8,NA,NA,NA,NA,TRUE
consultations,2025-W07,week,CH,country,15 - 29,agegroup_ili_ari,all,6367.4,35405.4,1462.5,423.66,10.26,NA,21.1,NA,NA,NA,NA,TRUE
consultations,2025-W07,week,CH,country,30 - 64,agegroup_ili_ari,all,11907.5,107068.6,4957.5,266.18,5.75,NA,39.5,NA,NA,NA,NA,TRUE
consultations,2025-W07,week,CH,country,5 - 14,agegroup_ili_ari,all,5027.3,21366.8,1241.2,542.9,9.35,NA,16.7,NA,NA,NA,NA,TRUE
consultations,2025-W07,week,CH,country,65+,agegroup_ili_ari,all,3848.5,42814.2,4437.2,212.55,2.05,NA,12.8,NA,NA,NA,NA,TRUE
consultations,2025-W08,week,CH,country,0 - 4,agegroup_ili_ari,all,2411.6,9958.3,1143.3,582.43,5.07,NA,9.6,NA,NA,NA,NA,TRUE
consultations,2025-W08,week,CH,country,15 - 29,agegroup_ili_ari,all,4945.5,32213.9,1346.4,329.05,7.87,NA,19.8,NA,NA,NA,NA,TRUE
consultations,2025-W08,week,CH,country,30 - 64,agegroup_ili_ari,all,10253.6,95980.6,4495.6,229.21,4.89,NA,41,NA,NA,NA,NA,TRUE
consultations,2025-W08,week,CH,country,5 - 14,agegroup_ili_ari,all,4314.5,21892.2,1220.3,465.92,8.36,NA,17.2,NA,NA,NA,NA,TRUE
consultations,2025-W08,week,CH,country,65+,agegroup_ili_ari,all,3107.6,38454.5,4024.5,171.63,1.64,NA,12.4,NA,NA,NA,NA,TRUE
consultations,2025-W09,week,CH,country,0 - 4,agegroup_ili_ari,all,2276.8,8728.9,988.2,549.89,4.86,NA,10.9,NA,NA,NA,NA,TRUE
consultations,2025-W09,week,CH,country,15 - 29,agegroup_ili_ari,all,4093.3,31577.6,1279.4,272.35,6.72,NA,19.5,NA,NA,NA,NA,TRUE
consultations,2025-W09,week,CH,country,30 - 64,agegroup_ili_ari,all,8127.8,95214.7,4354.6,181.69,3.97,NA,38.8,NA,NA,NA,NA,TRUE
consultations,2025-W09,week,CH,country,5 - 14,agegroup_ili_ari,all,4071.3,19333,1065.4,439.66,7.98,NA,19.4,NA,NA,NA,NA,TRUE
consultations,2025-W09,week,CH,country,65+,agegroup_ili_ari,all,2374.8,38121.4,3928.4,131.16,1.27,NA,11.3,NA,NA,NA,NA,TRUE
consultations,2025-W10,week,CH,country,0 - 4,agegroup_ili_ari,all,1957.8,8459.4,946,472.84,4.23,NA,10.1,NA,NA,NA,NA,TRUE
consultations,2025-W10,week,CH,country,15 - 29,agegroup_ili_ari,all,4254.4,31794.4,1304.1,283.07,6.9,NA,22,NA,NA,NA,NA,TRUE
consultations,2025-W10,week,CH,country,30 - 64,agegroup_ili_ari,all,8465.6,96173.1,4517.6,189.24,4.03,NA,43.8,NA,NA,NA,NA,TRUE
consultations,2025-W10,week,CH,country,5 - 14,agegroup_ili_ari,all,2330.7,18673.8,997.4,251.69,4.71,NA,12.1,NA,NA,NA,NA,TRUE
consultations,2025-W10,week,CH,country,65+,agegroup_ili_ari,all,2312.7,38362.5,4055.9,127.73,1.21,NA,12,NA,NA,NA,NA,TRUE
consultations,2025-W11,week,CH,country,0 - 4,agegroup_ili_ari,all,1349.3,8592.3,1027.2,325.87,2.73,NA,7.8,NA,NA,NA,NA,TRUE
consultations,2025-W11,week,CH,country,15 - 29,agegroup_ili_ari,all,4759.9,30628.7,1306.1,316.7,7.43,NA,27.4,NA,NA,NA,NA,TRUE
consultations,2025-W11,week,CH,country,30 - 64,agegroup_ili_ari,all,8197.6,92222.5,4476.5,183.25,3.78,NA,47.1,NA,NA,NA,NA,TRUE
consultations,2025-W11,week,CH,country,5 - 14,agegroup_ili_ari,all,1412.9,19006.2,1094.6,152.58,2.65,NA,8.1,NA,NA,NA,NA,TRUE
consultations,2025-W11,week,CH,country,65+,agegroup_ili_ari,all,1677.9,36689,3983.6,92.67,0.85,NA,9.6,NA,NA,NA,NA,TRUE
consultations,2025-W12,week,CH,country,0 - 4,agegroup_ili_ari,all,1522.6,8429.8,966.9,367.74,3.21,NA,10.9,NA,NA,NA,NA,TRUE
consultations,2025-W12,week,CH,country,15 - 29,agegroup_ili_ari,all,3378,31144.7,1285.5,224.76,5.45,NA,24.1,NA,NA,NA,NA,TRUE
consultations,2025-W12,week,CH,country,30 - 64,agegroup_ili_ari,all,6193.5,93896.4,4394.2,138.45,2.96,NA,44.2,NA,NA,NA,NA,TRUE
consultations,2025-W12,week,CH,country,5 - 14,agegroup_ili_ari,all,1239.6,18675.6,1033.5,133.86,2.42,NA,8.8,NA,NA,NA,NA,TRUE
consultations,2025-W12,week,CH,country,65+,agegroup_ili_ari,all,1687.7,37550.4,3950.9,93.21,0.89,NA,12,NA,NA,NA,NA,TRUE
consultations,2025-W13,week,CH,country,0 - 4,agegroup_ili_ari,all,1189.9,9047.6,948.7,287.37,2.74,NA,10.7,NA,NA,NA,NA,TRUE
consultations,2025-W13,week,CH,country,15 - 29,agegroup_ili_ari,all,2315.6,34400.2,1334.2,154.07,3.97,NA,20.7,NA,NA,NA,NA,TRUE
consultations,2025-W13,week,CH,country,30 - 64,agegroup_ili_ari,all,4836.3,104523.6,4653.9,108.11,2.43,NA,43.3,NA,NA,NA,NA,TRUE
consultations,2025-W13,week,CH,country,5 - 14,agegroup_ili_ari,all,921.6,20096,1026,99.52,1.95,NA,8.2,NA,NA,NA,NA,TRUE
consultations,2025-W13,week,CH,country,65+,agegroup_ili_ari,all,1907.9,41757.2,4175.2,105.37,1.05,NA,17.1,NA,NA,NA,NA,TRUE
consultations,2025-W14,week,CH,country,0 - 4,agegroup_ili_ari,all,744.4,10012,1003,179.78,1.79,NA,7,NA,NA,NA,NA,TRUE
consultations,2025-W14,week,CH,country,15 - 29,agegroup_ili_ari,all,2909.7,36156.4,1355.1,193.6,5.17,NA,27.5,NA,NA,NA,NA,TRUE
consultations,2025-W14,week,CH,country,30 - 64,agegroup_ili_ari,all,4751.3,109221.9,4703,106.21,2.47,NA,45,NA,NA,NA,NA,TRUE
consultations,2025-W14,week,CH,country,5 - 14,agegroup_ili_ari,all,751.2,22188.1,1079.4,81.12,1.67,NA,7.1,NA,NA,NA,NA,TRUE
consultations,2025-W14,week,CH,country,65+,agegroup_ili_ari,all,1413.2,43559.7,4207.4,78.05,0.81,NA,13.4,NA,NA,NA,NA,TRUE
consultations,2025-W15,week,CH,country,0 - 4,agegroup_ili_ari,all,725.4,9703.7,953.3,175.19,1.78,NA,9,NA,NA,NA,NA,TRUE
consultations,2025-W15,week,CH,country,15 - 29,agegroup_ili_ari,all,1894.9,33311.9,1238.8,126.08,3.39,NA,23.6,NA,NA,NA,NA,TRUE
consultations,2025-W15,week,CH,country,30 - 64,agegroup_ili_ari,all,4164.8,99891.9,4257.3,93.1,2.18,NA,51.8,NA,NA,NA,NA,TRUE
consultations,2025-W15,week,CH,country,5 - 14,agegroup_ili_ari,all,346.7,21366.3,1012.5,37.44,0.79,NA,4.3,NA,NA,NA,NA,TRUE
consultations,2025-W15,week,CH,country,65+,agegroup_ili_ari,all,909.9,39804.6,3785.1,50.25,0.53,NA,11.3,NA,NA,NA,NA,TRUE
consultations,2025-W16,week,CH,country,0 - 4,agegroup_ili_ari,all,950.8,7402.8,678.3,229.64,2.51,NA,15.9,NA,NA,NA,NA,TRUE
consultations,2025-W16,week,CH,country,15 - 29,agegroup_ili_ari,all,1221.6,25836.5,896,81.28,2.34,NA,20.4,NA,NA,NA,NA,TRUE
consultations,2025-W16,week,CH,country,30 - 64,agegroup_ili_ari,all,2096.7,78937.2,3157.6,46.87,1.17,NA,35.1,NA,NA,NA,NA,TRUE
consultations,2025-W16,week,CH,country,5 - 14,agegroup_ili_ari,all,846.6,16405.4,734.3,91.43,2.04,NA,14.2,NA,NA,NA,NA,TRUE
consultations,2025-W16,week,CH,country,65+,agegroup_ili_ari,all,861.7,31521.5,2812.7,47.59,0.53,NA,14.4,NA,NA,NA,NA,TRUE
consultations,2025-W17,week,CH,country,0 - 4,agegroup_ili_ari,all,465.8,6222.1,574.4,112.5,1.22,NA,7.7,NA,NA,NA,NA,TRUE
consultations,2025-W17,week,CH,country,15 - 29,agegroup_ili_ari,all,1345,24584.8,880,89.49,2.5,NA,22.4,NA,NA,NA,NA,TRUE
consultations,2025-W17,week,CH,country,30 - 64,agegroup_ili_ari,all,2638,76310.7,3150,58.97,1.43,NA,43.9,NA,NA,NA,NA,TRUE
consultations,2025-W17,week,CH,country,5 - 14,agegroup_ili_ari,all,200.2,13878.4,617.8,21.62,0.49,NA,3.3,NA,NA,NA,NA,TRUE
consultations,2025-W17,week,CH,country,65+,agegroup_ili_ari,all,1363.2,30547.7,2808.8,75.29,0.82,NA,22.7,NA,NA,NA,NA,TRUE
consultations,2025-W18,week,CH,country,0 - 4,agegroup_ili_ari,all,403.7,9232,876,97.49,1.03,NA,7.8,NA,NA,NA,NA,TRUE
consultations,2025-W18,week,CH,country,15 - 29,agegroup_ili_ari,all,946.9,31743.8,1166.4,63,1.71,NA,18.3,NA,NA,NA,NA,TRUE
consultations,2025-W18,week,CH,country,30 - 64,agegroup_ili_ari,all,2494.9,95032.8,4008.8,55.77,1.32,NA,48.3,NA,NA,NA,NA,TRUE
consultations,2025-W18,week,CH,country,5 - 14,agegroup_ili_ari,all,318.5,20349.3,933.3,34.4,0.75,NA,6.2,NA,NA,NA,NA,TRUE
consultations,2025-W18,week,CH,country,65+,agegroup_ili_ari,all,1000.7,37993.7,3562.6,55.27,0.59,NA,19.4,NA,NA,NA,NA,TRUE
consultations,2025-W19,week,CH,country,0 - 4,agegroup_ili_ari,all,1008.1,8625.3,877.1,243.47,2.39,NA,16.2,NA,NA,NA,NA,TRUE
consultations,2025-W19,week,CH,country,15 - 29,agegroup_ili_ari,all,1559.8,33725.4,1298.9,103.78,2.69,NA,25,NA,NA,NA,NA,TRUE
consultations,2025-W19,week,CH,country,30 - 64,agegroup_ili_ari,all,1739.3,102879,4566.6,38.88,0.88,NA,27.9,NA,NA,NA,NA,TRUE
consultations,2025-W19,week,CH,country,5 - 14,agegroup_ili_ari,all,385.4,19222.4,957,41.62,0.84,NA,6.2,NA,NA,NA,NA,TRUE
consultations,2025-W19,week,CH,country,65+,agegroup_ili_ari,all,1544.7,41025.7,4070.4,85.31,0.86,NA,24.8,NA,NA,NA,NA,TRUE
consultations,2025-W20,week,CH,country,0 - 4,agegroup_ili_ari,all,881.1,8928.5,937.6,212.8,2.03,NA,16.5,NA,NA,NA,NA,TRUE
consultations,2025-W20,week,CH,country,15 - 29,agegroup_ili_ari,all,1031,33528.9,1294.9,68.6,1.78,NA,19.3,NA,NA,NA,NA,TRUE
consultations,2025-W20,week,CH,country,30 - 64,agegroup_ili_ari,all,2180.4,102579.4,4517.7,48.74,1.11,NA,40.7,NA,NA,NA,NA,TRUE
consultations,2025-W20,week,CH,country,5 - 14,agegroup_ili_ari,all,419.8,19855.6,1018,45.33,0.88,NA,7.8,NA,NA,NA,NA,TRUE
consultations,2025-W20,week,CH,country,65+,agegroup_ili_ari,all,839.4,40987.1,4043.8,46.36,0.47,NA,15.7,NA,NA,NA,NA,TRUE
consultations,2025-W21,week,CH,country,0 - 4,agegroup_ili_ari,all,768.7,9157.2,929.7,185.65,1.83,NA,15.3,NA,NA,NA,NA,TRUE
consultations,2025-W21,week,CH,country,15 - 29,agegroup_ili_ari,all,1417.4,34990.4,1291.7,94.31,2.55,NA,28.2,NA,NA,NA,NA,TRUE
consultations,2025-W21,week,CH,country,30 - 64,agegroup_ili_ari,all,1381,106907.9,4493,30.87,0.73,NA,27.5,NA,NA,NA,NA,TRUE
consultations,2025-W21,week,CH,country,5 - 14,agegroup_ili_ari,all,771.4,20407.5,1004.9,83.3,1.69,NA,15.4,NA,NA,NA,NA,TRUE
consultations,2025-W21,week,CH,country,65+,agegroup_ili_ari,all,681,42547,3991.7,37.61,0.4,NA,13.6,NA,NA,NA,NA,TRUE
consultations,2025-W22,week,CH,country,0 - 4,agegroup_ili_ari,all,639.9,7117.8,722.8,154.54,1.52,NA,13,NA,NA,NA,NA,TRUE
consultations,2025-W22,week,CH,country,15 - 29,agegroup_ili_ari,all,1175,26859.9,994.9,78.18,2.11,NA,23.9,NA,NA,NA,NA,TRUE
consultations,2025-W22,week,CH,country,30 - 64,agegroup_ili_ari,all,1361.7,82132.6,3478.8,30.44,0.72,NA,27.6,NA,NA,NA,NA,TRUE
consultations,2025-W22,week,CH,country,5 - 14,agegroup_ili_ari,all,583.8,15863.4,788.4,63.04,1.27,NA,11.9,NA,NA,NA,NA,TRUE
consultations,2025-W22,week,CH,country,65+,agegroup_ili_ari,all,1165.2,32631.8,3087.1,64.35,0.68,NA,23.7,NA,NA,NA,NA,TRUE
consultations,2025-W23,week,CH,country,0 - 4,agegroup_ili_ari,all,918.5,8564.9,907.8,221.84,2.09,NA,15.7,NA,NA,NA,NA,TRUE
consultations,2025-W23,week,CH,country,15 - 29,agegroup_ili_ari,all,1287.9,32674.5,1280.9,85.69,2.19,NA,22,NA,NA,NA,NA,TRUE
consultations,2025-W23,week,CH,country,30 - 64,agegroup_ili_ari,all,1750.9,99645.1,4464.9,39.14,0.87,NA,29.8,NA,NA,NA,NA,TRUE
consultations,2025-W23,week,CH,country,5 - 14,agegroup_ili_ari,all,631,19077.3,986.9,68.14,1.32,NA,10.8,NA,NA,NA,NA,TRUE
consultations,2025-W23,week,CH,country,65+,agegroup_ili_ari,all,1278.3,39659.6,3964.5,70.6,0.71,NA,21.8,NA,NA,NA,NA,TRUE
consultations,2025-W24,week,CH,country,0 - 4,agegroup_ili_ari,all,644.8,7705.2,785.4,155.74,1.53,NA,11.2,NA,NA,NA,NA,TRUE
consultations,2025-W24,week,CH,country,15 - 29,agegroup_ili_ari,all,1323.2,28397,1092,88.04,2.29,NA,23,NA,NA,NA,NA,TRUE
consultations,2025-W24,week,CH,country,30 - 64,agegroup_ili_ari,all,2071.2,86394.8,3789.2,46.3,1.06,NA,36.1,NA,NA,NA,NA,TRUE
consultations,2025-W24,week,CH,country,5 - 14,agegroup_ili_ari,all,757.1,17122.5,853.4,81.76,1.64,NA,13.2,NA,NA,NA,NA,TRUE
consultations,2025-W24,week,CH,country,65+,agegroup_ili_ari,all,944.8,34496.4,3377,52.18,0.53,NA,16.5,NA,NA,NA,NA,TRUE
consultations,2025-W25,week,CH,country,0 - 4,agegroup_ili_ari,all,424.9,8769.6,915.1,102.63,0.98,NA,9.6,NA,NA,NA,NA,TRUE
consultations,2025-W25,week,CH,country,15 - 29,agegroup_ili_ari,all,1217.1,30873.7,1190.6,80.98,2.1,NA,27.6,NA,NA,NA,NA,TRUE
consultations,2025-W25,week,CH,country,30 - 64,agegroup_ili_ari,all,1600.6,92231.3,4047.8,35.78,0.82,NA,36.3,NA,NA,NA,NA,TRUE
consultations,2025-W25,week,CH,country,5 - 14,agegroup_ili_ari,all,574.8,19333.8,976.6,62.07,1.23,NA,13,NA,NA,NA,NA,TRUE
consultations,2025-W25,week,CH,country,65+,agegroup_ili_ari,all,594.3,36565.6,3610,32.82,0.33,NA,13.5,NA,NA,NA,NA,TRUE
consultations,2025-W26,week,CH,country,0 - 4,agegroup_ili_ari,all,425.9,8748.8,927.8,102.87,0.97,NA,17.4,NA,NA,NA,NA,TRUE
consultations,2025-W26,week,CH,country,15 - 29,agegroup_ili_ari,all,291,30986.7,1209.9,19.36,0.5,NA,11.9,NA,NA,NA,NA,TRUE
consultations,2025-W26,week,CH,country,30 - 64,agegroup_ili_ari,all,1247.2,93272,4119.8,27.88,0.63,NA,50.9,NA,NA,NA,NA,TRUE
consultations,2025-W26,week,CH,country,5 - 14,agegroup_ili_ari,all,192.1,19279.5,980.4,20.75,0.41,NA,7.8,NA,NA,NA,NA,TRUE
consultations,2025-W26,week,CH,country,65+,agegroup_ili_ari,all,291.9,37222.8,3684,16.12,0.16,NA,11.9,NA,NA,NA,NA,TRUE
consultations,2025-W27,week,CH,country,0 - 4,agegroup_ili_ari,all,402.6,8227.5,828.4,97.23,0.97,NA,14.9,NA,NA,NA,NA,TRUE
consultations,2025-W27,week,CH,country,15 - 29,agegroup_ili_ari,all,518.1,31908.4,1190.6,34.47,0.92,NA,19.2,NA,NA,NA,NA,TRUE
consultations,2025-W27,week,CH,country,30 - 64,agegroup_ili_ari,all,1151,97149,4146.6,25.73,0.6,NA,42.6,NA,NA,NA,NA,TRUE
consultations,2025-W27,week,CH,country,5 - 14,agegroup_ili_ari,all,252.8,18316.8,892,27.3,0.56,NA,9.4,NA,NA,NA,NA,TRUE
consultations,2025-W27,week,CH,country,65+,agegroup_ili_ari,all,375.3,38587,3681.5,20.73,0.22,NA,13.9,NA,NA,NA,NA,TRUE
consultations,2025-W28,week,CH,country,0 - 4,agegroup_ili_ari,all,505.9,9821.2,858.9,122.18,1.4,NA,12.3,NA,NA,NA,NA,TRUE
consultations,2025-W28,week,CH,country,15 - 29,agegroup_ili_ari,all,1110.4,32483,1097.4,73.88,2.19,NA,26.9,NA,NA,NA,NA,TRUE
consultations,2025-W28,week,CH,country,30 - 64,agegroup_ili_ari,all,1674.4,96177.1,3735.5,37.43,0.96,NA,40.6,NA,NA,NA,NA,TRUE
consultations,2025-W28,week,CH,country,5 - 14,agegroup_ili_ari,all,214.4,21601.3,921.1,23.15,0.54,NA,5.2,NA,NA,NA,NA,TRUE
consultations,2025-W28,week,CH,country,65+,agegroup_ili_ari,all,618.7,38048.5,3309.2,34.17,0.39,NA,15,NA,NA,NA,NA,TRUE
consultations,2025-W29,week,CH,country,0 - 4,agegroup_ili_ari,all,521.8,10315.3,728.4,126.03,1.78,NA,15,NA,NA,NA,NA,TRUE
consultations,2025-W29,week,CH,country,15 - 29,agegroup_ili_ari,all,435.6,31052.7,946.5,28.98,0.95,NA,12.5,NA,NA,NA,NA,TRUE
consultations,2025-W29,week,CH,country,30 - 64,agegroup_ili_ari,all,1489.2,90106.6,3206.1,33.29,0.94,NA,42.9,NA,NA,NA,NA,TRUE
consultations,2025-W29,week,CH,country,5 - 14,agegroup_ili_ari,all,575.2,22537.9,789.5,62.12,1.77,NA,16.6,NA,NA,NA,NA,TRUE
consultations,2025-W29,week,CH,country,65+,agegroup_ili_ari,all,452.8,35980.8,2873.6,25.01,0.31,NA,13,NA,NA,NA,NA,TRUE
consultations,2025-W30,week,CH,country,0 - 4,agegroup_ili_ari,all,409.3,11127.4,602,98.86,1.83,NA,14,NA,NA,NA,NA,TRUE
consultations,2025-W30,week,CH,country,15 - 29,agegroup_ili_ari,all,804.2,33640.5,871.3,53.51,2.07,NA,27.4,NA,NA,NA,NA,TRUE
consultations,2025-W30,week,CH,country,30 - 64,agegroup_ili_ari,all,1220.8,98932.3,3063.5,27.29,0.88,NA,41.7,NA,NA,NA,NA,TRUE
consultations,2025-W30,week,CH,country,5 - 14,agegroup_ili_ari,all,264.7,24490.1,666.5,28.58,1.05,NA,9,NA,NA,NA,NA,TRUE
consultations,2025-W30,week,CH,country,65+,agegroup_ili_ari,all,231,39170.5,2687.7,12.76,0.19,NA,7.9,NA,NA,NA,NA,TRUE
consultations,2025-W31,week,CH,country,0 - 4,agegroup_ili_ari,all,319.2,9078.8,399.8,77.1,1.75,NA,10.6,NA,NA,NA,NA,TRUE
consultations,2025-W31,week,CH,country,15 - 29,agegroup_ili_ari,all,588.9,30624.2,654.3,39.18,1.83,NA,19.5,NA,NA,NA,NA,TRUE
consultations,2025-W31,week,CH,country,30 - 64,agegroup_ili_ari,all,1390.8,93278.9,2371.8,31.09,1.22,NA,46.1,NA,NA,NA,NA,TRUE
consultations,2025-W31,week,CH,country,5 - 14,agegroup_ili_ari,all,46.1,20067.4,439.9,4.98,0.23,NA,1.5,NA,NA,NA,NA,TRUE
consultations,2025-W31,week,CH,country,65+,agegroup_ili_ari,all,671.2,37764.7,2135.3,37.07,0.66,NA,22.3,NA,NA,NA,NA,TRUE
consultations,2025-W32,week,CH,country,0 - 4,agegroup_ili_ari,all,56,7390.3,473.7,13.53,0.21,NA,2.2,NA,NA,NA,NA,TRUE
consultations,2025-W32,week,CH,country,15 - 29,agegroup_ili_ari,all,563,32036.7,909,37.46,1.32,NA,22.6,NA,NA,NA,NA,TRUE
consultations,2025-W32,week,CH,country,30 - 64,agegroup_ili_ari,all,1593.4,101079.3,3390.8,35.62,1.06,NA,64,NA,NA,NA,NA,TRUE
consultations,2025-W32,week,CH,country,5 - 14,agegroup_ili_ari,all,55.8,16584.4,509.7,6.03,0.2,NA,2.2,NA,NA,NA,NA,TRUE
consultations,2025-W32,week,CH,country,65+,agegroup_ili_ari,all,223.3,40539.3,3021.7,12.33,0.17,NA,9,NA,NA,NA,NA,TRUE
consultations,2025-W33,week,CH,country,0 - 4,agegroup_ili_ari,all,147.3,8431.7,657.8,35.58,0.46,NA,5.1,NA,NA,NA,NA,TRUE
consultations,2025-W33,week,CH,country,15 - 29,agegroup_ili_ari,all,1013.4,34111.6,1117.7,67.43,2.06,NA,34.8,NA,NA,NA,NA,TRUE
consultations,2025-W33,week,CH,country,30 - 64,agegroup_ili_ari,all,1222.6,106115.5,4093.6,27.33,0.71,NA,42,NA,NA,NA,NA,TRUE
consultations,2025-W33,week,CH,country,5 - 14,agegroup_ili_ari,all,98.3,18827.9,718.6,10.62,0.28,NA,3.4,NA,NA,NA,NA,TRUE
consultations,2025-W33,week,CH,country,65+,agegroup_ili_ari,all,427.7,42331.5,3639.3,23.62,0.27,NA,14.7,NA,NA,NA,NA,TRUE
consultations,2025-W34,week,CH,country,0 - 4,agegroup_ili_ari,all,595.7,8341.1,791.3,143.87,1.52,NA,13.9,NA,NA,NA,NA,TRUE
consultations,2025-W34,week,CH,country,15 - 29,agegroup_ili_ari,all,1103,32700.1,1217.7,73.39,1.97,NA,25.7,NA,NA,NA,NA,TRUE
consultations,2025-W34,week,CH,country,30 - 64,agegroup_ili_ari,all,1780.9,100480.2,4363.9,39.81,0.92,NA,41.5,NA,NA,NA,NA,TRUE
consultations,2025-W34,week,CH,country,5 - 14,agegroup_ili_ari,all,447.4,18631.5,860.2,48.31,1.05,NA,10.4,NA,NA,NA,NA,TRUE
consultations,2025-W34,week,CH,country,65+,agegroup_ili_ari,all,361.4,40077.5,3892,19.96,0.21,NA,8.4,NA,NA,NA,NA,TRUE
consultations,2025-W35,week,CH,country,0 - 4,agegroup_ili_ari,all,299,8308.8,822.3,72.21,0.73,NA,6.7,NA,NA,NA,NA,TRUE
consultations,2025-W35,week,CH,country,15 - 29,agegroup_ili_ari,all,1175.6,30684.3,1170.1,78.22,2.05,NA,26.5,NA,NA,NA,NA,TRUE
consultations,2025-W35,week,CH,country,30 - 64,agegroup_ili_ari,all,1877.1,92939,4062.9,41.96,0.96,NA,42.3,NA,NA,NA,NA,TRUE
consultations,2025-W35,week,CH,country,5 - 14,agegroup_ili_ari,all,501,18483.7,898.8,54.1,1.11,NA,11.3,NA,NA,NA,NA,TRUE
consultations,2025-W35,week,CH,country,65+,agegroup_ili_ari,all,585,37138.6,3618.9,32.31,0.33,NA,13.2,NA,NA,NA,NA,TRUE
consultations,2025-W36,week,CH,country,0 - 4,agegroup_ili_ari,all,144.4,8602.4,845.4,34.87,0.35,NA,2.8,NA,NA,NA,NA,TRUE
consultations,2025-W36,week,CH,country,15 - 29,agegroup_ili_ari,all,1399.6,32216.8,1197.7,93.12,2.5,NA,27.6,NA,NA,NA,NA,TRUE
consultations,2025-W36,week,CH,country,30 - 64,agegroup_ili_ari,all,2291.8,97608.3,4147.2,51.23,1.21,NA,45.2,NA,NA,NA,NA,TRUE
consultations,2025-W36,week,CH,country,5 - 14,agegroup_ili_ari,all,630.9,19080,913,68.13,1.42,NA,12.4,NA,NA,NA,NA,TRUE
consultations,2025-W36,week,CH,country,65+,agegroup_ili_ari,all,604.2,38955.8,3696.6,33.37,0.35,NA,11.9,NA,NA,NA,NA,TRUE
consultations,2025-W37,week,CH,country,0 - 4,agegroup_ili_ari,all,899.5,8745.8,892.4,217.25,2.13,NA,10.6,NA,NA,NA,NA,TRUE
consultations,2025-W37,week,CH,country,15 - 29,agegroup_ili_ari,all,2385.6,30871,1180.9,158.73,4.15,NA,28.1,NA,NA,NA,NA,TRUE
consultations,2025-W37,week,CH,country,30 - 64,agegroup_ili_ari,all,3053.6,92299.7,4035.2,68.26,1.56,NA,36,NA,NA,NA,NA,TRUE
consultations,2025-W37,week,CH,country,5 - 14,agegroup_ili_ari,all,913,19270,959.7,98.6,1.98,NA,10.8,NA,NA,NA,NA,TRUE
consultations,2025-W37,week,CH,country,65+,agegroup_ili_ari,all,1233.6,36694.8,3609.8,68.13,0.69,NA,14.5,NA,NA,NA,NA,TRUE
consultations,2025-W38,week,CH,country,0 - 4,agegroup_ili_ari,all,681.3,9116.5,884.2,164.54,1.7,NA,9.2,NA,NA,NA,NA,TRUE
consultations,2025-W38,week,CH,country,15 - 29,agegroup_ili_ari,all,1893.1,34137,1308.6,125.96,3.29,NA,25.6,NA,NA,NA,NA,TRUE
consultations,2025-W38,week,CH,country,30 - 64,agegroup_ili_ari,all,3289.8,103346.6,4549.9,73.54,1.67,NA,44.5,NA,NA,NA,NA,TRUE
consultations,2025-W38,week,CH,country,5 - 14,agegroup_ili_ari,all,641.4,20210.8,959.4,69.27,1.46,NA,8.7,NA,NA,NA,NA,TRUE
consultations,2025-W38,week,CH,country,65+,agegroup_ili_ari,all,879.3,41189.6,4044.8,48.56,0.49,NA,11.9,NA,NA,NA,NA,TRUE
consultations,2025-W39,week,CH,country,0 - 4,agegroup_ili_ari,all,358.2,9247.2,884.4,86.51,0.9,NA,5.7,NA,NA,NA,NA,TRUE
consultations,2025-W39,week,CH,country,15 - 29,agegroup_ili_ari,all,1724.2,31381.6,1198.5,114.72,3,NA,27.5,NA,NA,NA,NA,TRUE
consultations,2025-W39,week,CH,country,30 - 64,agegroup_ili_ari,all,2707.3,94189,4177.5,60.52,1.36,NA,43.2,NA,NA,NA,NA,TRUE
consultations,2025-W39,week,CH,country,5 - 14,agegroup_ili_ari,all,318,20382.9,952.3,34.34,0.74,NA,5.1,NA,NA,NA,NA,TRUE
consultations,2025-W39,week,CH,country,65+,agegroup_ili_ari,all,1160.6,37441.2,3712.3,64.1,0.65,NA,18.5,NA,NA,NA,NA,TRUE
consultations,2025-W40,week,CH,country,0 - 4,agegroup_ili_ari,all,440.1,9407.3,818.7,106.3,1.22,NA,6.5,NA,NA,NA,NA,TRUE
consultations,2025-W40,week,CH,country,15 - 29,agegroup_ili_ari,all,1572.5,32494.5,1105.5,104.63,3.08,NA,23.1,NA,NA,NA,NA,TRUE
consultations,2025-W40,week,CH,country,30 - 64,agegroup_ili_ari,all,3000.8,96898.4,3859.6,67.08,1.68,NA,44.2,NA,NA,NA,NA,TRUE
consultations,2025-W40,week,CH,country,5 - 14,agegroup_ili_ari,all,267,20811.5,885.2,28.83,0.68,NA,3.9,NA,NA,NA,NA,TRUE
consultations,2025-W40,week,CH,country,65+,agegroup_ili_ari,all,1514.4,38258,3422.9,83.64,0.93,NA,22.3,NA,NA,NA,NA,TRUE
consultations,2025-W41,week,CH,country,0 - 4,agegroup_ili_ari,all,392.2,10557.8,811.5,94.72,1.23,NA,5.5,NA,NA,NA,NA,TRUE
consultations,2025-W41,week,CH,country,15 - 29,agegroup_ili_ari,all,1722.8,32277.4,986.5,114.63,3.75,NA,24.2,NA,NA,NA,NA,TRUE
consultations,2025-W41,week,CH,country,30 - 64,agegroup_ili_ari,all,3188.7,93995.8,3294.6,71.28,2.03,NA,44.7,NA,NA,NA,NA,TRUE
consultations,2025-W41,week,CH,country,5 - 14,agegroup_ili_ari,all,280.9,23076.9,865.3,30.33,0.81,NA,3.9,NA,NA,NA,NA,TRUE
consultations,2025-W41,week,CH,country,65+,agegroup_ili_ari,all,1543,37550.8,2939.3,85.22,1.09,NA,21.6,NA,NA,NA,NA,TRUE
consultations,2025-W42,week,CH,country,0 - 4,agegroup_ili_ari,all,789.5,8391.2,772.4,190.68,2.07,NA,9.4,NA,NA,NA,NA,TRUE
consultations,2025-W42,week,CH,country,15 - 29,agegroup_ili_ari,all,1937.3,30255,1050.5,128.9,3.71,NA,23,NA,NA,NA,NA,TRUE
consultations,2025-W42,week,CH,country,30 - 64,agegroup_ili_ari,all,4582.6,92737.1,3657,102.44,2.6,NA,54.3,NA,NA,NA,NA,TRUE
consultations,2025-W42,week,CH,country,5 - 14,agegroup_ili_ari,all,296.8,18721.6,838.6,32.05,0.72,NA,3.5,NA,NA,NA,NA,TRUE
consultations,2025-W42,week,CH,country,65+,agegroup_ili_ari,all,825.5,37290,3263.4,45.59,0.52,NA,9.8,NA,NA,NA,NA,TRUE
consultations,2025-W43,week,CH,country,0 - 4,agegroup_ili_ari,all,389.7,9563.1,933.8,94.11,0.96,NA,4.7,NA,NA,NA,NA,TRUE
consultations,2025-W43,week,CH,country,15 - 29,agegroup_ili_ari,all,1333.3,31562,1285.6,88.71,2.18,NA,16,NA,NA,NA,NA,TRUE
consultations,2025-W43,week,CH,country,30 - 64,agegroup_ili_ari,all,4413.5,94259.1,4433.8,98.66,2.1,NA,52.9,NA,NA,NA,NA,TRUE
consultations,2025-W43,week,CH,country,5 - 14,agegroup_ili_ari,all,485.1,20995.3,1004.5,52.39,1.1,NA,5.8,NA,NA,NA,NA,TRUE
consultations,2025-W43,week,CH,country,65+,agegroup_ili_ari,all,1726.1,37762.8,3971.3,95.33,0.91,NA,20.7,NA,NA,NA,NA,TRUE
consultations,2025-W44,week,CH,country,0 - 4,agegroup_ili_ari,all,1510.8,9043.9,890.2,364.89,3.71,NA,16.2,NA,NA,NA,NA,TRUE
consultations,2025-W44,week,CH,country,15 - 29,agegroup_ili_ari,all,1935.8,32608.8,1292.6,128.8,3.25,NA,20.7,NA,NA,NA,NA,TRUE
consultations,2025-W44,week,CH,country,30 - 64,agegroup_ili_ari,all,3914.3,98285.6,4512.9,87.5,1.91,NA,41.9,NA,NA,NA,NA,TRUE
consultations,2025-W44,week,CH,country,5 - 14,agegroup_ili_ari,all,693.2,20037.3,976.4,74.86,1.54,NA,7.4,NA,NA,NA,NA,TRUE
consultations,2025-W44,week,CH,country,65+,agegroup_ili_ari,all,1297.3,39079.8,4012.9,71.65,0.7,NA,13.9,NA,NA,NA,NA,TRUE
consultations,2025-W45,week,CH,country,0 - 4,agegroup_ili_ari,all,1000.1,8280.5,896.3,241.53,2.23,NA,9.6,NA,NA,NA,NA,TRUE
consultations,2025-W45,week,CH,country,15 - 29,agegroup_ili_ari,all,2513.8,31686.3,1325.3,167.26,4,NA,24.1,NA,NA,NA,NA,TRUE
consultations,2025-W45,week,CH,country,30 - 64,agegroup_ili_ari,all,4613.5,95995.7,4651,103.13,2.13,NA,44.2,NA,NA,NA,NA,TRUE
consultations,2025-W45,week,CH,country,5 - 14,agegroup_ili_ari,all,1165.3,18277.5,941,125.84,2.44,NA,11.2,NA,NA,NA,NA,TRUE
consultations,2025-W45,week,CH,country,65+,agegroup_ili_ari,all,1140,38118.4,4139.3,62.96,0.58,NA,10.9,NA,NA,NA,NA,TRUE
consultations,2025-W46,week,CH,country,0 - 4,agegroup_ili_ari,all,1781.2,8833.2,999,430.2,3.8,NA,12.7,NA,NA,NA,NA,TRUE
consultations,2025-W46,week,CH,country,15 - 29,agegroup_ili_ari,all,2561,31103.4,1318,170.4,4.02,NA,18.3,NA,NA,NA,NA,TRUE
consultations,2025-W46,week,CH,country,30 - 64,agegroup_ili_ari,all,6246.3,93103.5,4503.1,139.63,2.89,NA,44.6,NA,NA,NA,NA,TRUE
consultations,2025-W46,week,CH,country,5 - 14,agegroup_ili_ari,all,1232.4,19536.2,1085.3,133.09,2.4,NA,8.8,NA,NA,NA,NA,TRUE
consultations,2025-W46,week,CH,country,65+,agegroup_ili_ari,all,2195,37119.1,4038.6,121.23,1.11,NA,15.7,NA,NA,NA,NA,TRUE
consultations,2025-W47,week,CH,country,0 - 4,agegroup_ili_ari,all,1440.2,8050.1,940.4,347.82,2.98,NA,11.7,NA,NA,NA,NA,TRUE
consultations,2025-W47,week,CH,country,15 - 29,agegroup_ili_ari,all,2910.5,31500.5,1315.7,193.65,4.64,NA,23.7,NA,NA,NA,NA,TRUE
consultations,2025-W47,week,CH,country,30 - 64,agegroup_ili_ari,all,4883.7,96177.7,4558.3,109.17,2.3,NA,39.7,NA,NA,NA,NA,TRUE
consultations,2025-W47,week,CH,country,5 - 14,agegroup_ili_ari,all,876.1,17968.4,1023,94.61,1.66,NA,7.1,NA,NA,NA,NA,TRUE
consultations,2025-W47,week,CH,country,65+,agegroup_ili_ari,all,2176.9,38258.9,4053.6,120.23,1.13,NA,17.7,NA,NA,NA,NA,TRUE
consultations,2025-W48,week,CH,country,0 - 4,agegroup_ili_ari,all,2488.3,8153.6,976.1,600.96,5.02,NA,19.4,NA,NA,NA,NA,TRUE
consultations,2025-W48,week,CH,country,15 - 29,agegroup_ili_ari,all,2230.5,30996.2,1282.1,148.41,3.59,NA,17.4,NA,NA,NA,NA,TRUE
consultations,2025-W48,week,CH,country,30 - 64,agegroup_ili_ari,all,4164.3,94527.5,4414.1,93.09,1.99,NA,32.5,NA,NA,NA,NA,TRUE
consultations,2025-W48,week,CH,country,5 - 14,agegroup_ili_ari,all,1989.7,18150.1,1049.4,214.87,3.72,NA,15.5,NA,NA,NA,NA,TRUE
consultations,2025-W48,week,CH,country,65+,agegroup_ili_ari,all,1925.1,37622.2,3935.3,106.32,1.02,NA,15,NA,NA,NA,NA,TRUE
consultations,2025-W49,week,CH,country,0 - 4,agegroup_ili_ari,all,3366.5,8732.4,1060.7,813.07,6.69,NA,18.1,NA,NA,NA,NA,TRUE
consultations,2025-W49,week,CH,country,15 - 29,agegroup_ili_ari,all,3834,32928.2,1395.4,255.1,6.02,NA,20.6,NA,NA,NA,NA,TRUE
consultations,2025-W49,week,CH,country,30 - 64,agegroup_ili_ari,all,5890.2,100249.2,4773.7,131.67,2.77,NA,31.6,NA,NA,NA,NA,TRUE
consultations,2025-W49,week,CH,country,5 - 14,agegroup_ili_ari,all,3333,19448.4,1147.7,359.93,6.1,NA,17.9,NA,NA,NA,NA,TRUE
consultations,2025-W49,week,CH,country,65+,agegroup_ili_ari,all,2223.7,39897.6,4236.6,122.81,1.16,NA,11.9,NA,NA,NA,NA,TRUE
consultations,2025-W50,week,CH,country,0 - 4,agegroup_ili_ari,all,3961,8571.6,1066.8,956.64,7.69,NA,16.4,NA,NA,NA,NA,TRUE
consultations,2025-W50,week,CH,country,15 - 29,agegroup_ili_ari,all,4408.8,30340.3,1333.1,293.34,6.68,NA,18.2,NA,NA,NA,NA,TRUE
consultations,2025-W50,week,CH,country,30 - 64,agegroup_ili_ari,all,8556.8,90964.8,4491.6,191.28,3.87,NA,35.3,NA,NA,NA,NA,TRUE
consultations,2025-W50,week,CH,country,5 - 14,agegroup_ili_ari,all,4485.9,18991.5,1144.7,484.43,8.04,NA,18.5,NA,NA,NA,NA,TRUE
consultations,2025-W50,week,CH,country,65+,agegroup_ili_ari,all,2803.4,36167.6,3995.9,154.83,1.4,NA,11.6,NA,NA,NA,NA,TRUE
consultations,2025-W51,week,CH,country,0 - 4,agegroup_ili_ari,all,5151.8,8840.7,1131.1,1244.24,9.73,NA,18.6,NA,NA,NA,NA,TRUE
consultations,2025-W51,week,CH,country,15 - 29,agegroup_ili_ari,all,4360.8,32397,1422.3,290.15,6.61,NA,15.8,NA,NA,NA,NA,TRUE
consultations,2025-W51,week,CH,country,30 - 64,agegroup_ili_ari,all,11599.7,97570.8,4799.1,259.3,5.27,NA,41.9,NA,NA,NA,NA,TRUE
consultations,2025-W51,week,CH,country,5 - 14,agegroup_ili_ari,all,3867.1,19635.5,1217.6,417.61,6.73,NA,14,NA,NA,NA,NA,TRUE
consultations,2025-W51,week,CH,country,65+,agegroup_ili_ari,all,2703.5,38845.8,4266.9,149.31,1.36,NA,9.8,NA,NA,NA,NA,TRUE
consultations,2025-W52,week,CH,country,0 - 4,agegroup_ili_ari,all,1088.4,7988.6,419.7,262.87,5,NA,8.6,NA,NA,NA,NA,TRUE
consultations,2025-W52,week,CH,country,15 - 29,agegroup_ili_ari,all,1633.9,30355.2,575.4,108.71,5.74,NA,13,NA,NA,NA,NA,TRUE
consultations,2025-W52,week,CH,country,30 - 64,agegroup_ili_ari,all,5000,93045.9,2006.5,111.77,5.18,NA,39.7,NA,NA,NA,NA,TRUE
consultations,2025-W52,week,CH,country,5 - 14,agegroup_ili_ari,all,2035.9,17738.3,454,219.86,8.59,NA,16.2,NA,NA,NA,NA,TRUE
consultations,2025-W52,week,CH,country,65+,agegroup_ili_ari,all,2835.5,37037,1778.4,156.6,3.26,NA,22.5,NA,NA,NA,NA,TRUE
consultations,2026-W01,week,CH,country,0 - 4,agegroup_ili_ari,all,1634.9,5825,277.8,394.85,8.28,NA,10.1,NA,NA,NA,NA,TRUE
consultations,2026-W01,week,CH,country,15 - 29,agegroup_ili_ari,all,2439.3,22797.4,418.1,162.3,8.85,NA,15.1,NA,NA,NA,NA,TRUE
consultations,2026-W01,week,CH,country,30 - 64,agegroup_ili_ari,all,6435.5,70904.3,1505.7,143.86,6.77,NA,39.9,NA,NA,NA,NA,TRUE
consultations,2026-W01,week,CH,country,5 - 14,agegroup_ili_ari,all,1078.5,12878.4,291.4,116.47,5.15,NA,6.7,NA,NA,NA,NA,TRUE
consultations,2026-W01,week,CH,country,65+,agegroup_ili_ari,all,4523,28823,1375,249.8,5.24,NA,28.1,NA,NA,NA,NA,TRUE
consultations,2026-W02,week,CH,country,0 - 4,agegroup_ili_ari,all,2457.4,8930.2,1043.1,593.49,5.08,NA,7.4,NA,NA,NA,NA,TRUE
consultations,2026-W02,week,CH,country,15 - 29,agegroup_ili_ari,all,7062.2,34050.3,1456.3,469.89,10.99,NA,21.3,NA,NA,NA,NA,TRUE
consultations,2026-W02,week,CH,country,30 - 64,agegroup_ili_ari,all,14269.5,103142.5,5020.9,318.98,6.55,NA,43,NA,NA,NA,NA,TRUE
consultations,2026-W02,week,CH,country,5 - 14,agegroup_ili_ari,all,3370.8,19779.5,1106.6,364.01,6.51,NA,10.2,NA,NA,NA,NA,TRUE
consultations,2026-W02,week,CH,country,65+,agegroup_ili_ari,all,6033.1,41117,4468.1,333.2,3.07,NA,18.2,NA,NA,NA,NA,TRUE
consultations,2026-W03,week,CH,country,0 - 4,agegroup_ili_ari,all,2933.7,8468.3,1094.6,708.53,5.48,NA,12.3,NA,NA,NA,NA,TRUE
consultations,2026-W03,week,CH,country,15 - 29,agegroup_ili_ari,all,4665.6,35756.3,1596.9,310.43,6.95,NA,19.5,NA,NA,NA,NA,TRUE
consultations,2026-W03,week,CH,country,30 - 64,agegroup_ili_ari,all,10233,110165.5,5584.2,228.75,4.51,NA,42.9,NA,NA,NA,NA,TRUE
consultations,2026-W03,week,CH,country,5 - 14,agegroup_ili_ari,all,3072.8,18985.7,1177.5,331.83,5.35,NA,12.9,NA,NA,NA,NA,TRUE
consultations,2026-W03,week,CH,country,65+,agegroup_ili_ari,all,2962.4,44007,4980.7,163.61,1.45,NA,12.4,NA,NA,NA,NA,TRUE
consultations,2026-W04,week,CH,country,0 - 4,agegroup_ili_ari,all,3576.3,9262.1,1191.8,863.73,6.71,NA,15.4,NA,NA,NA,NA,TRUE
consultations,2026-W04,week,CH,country,15 - 29,agegroup_ili_ari,all,3949.5,33107.8,1496.8,262.78,5.81,NA,17,NA,NA,NA,NA,TRUE
consultations,2026-W04,week,CH,country,30 - 64,agegroup_ili_ari,all,8309,100139,5048.1,185.74,3.68,NA,35.9,NA,NA,NA,NA,TRUE
consultations,2026-W04,week,CH,country,5 - 14,agegroup_ili_ari,all,4527.5,20452.8,1267.2,488.93,7.89,NA,19.5,NA,NA,NA,NA,TRUE
consultations,2026-W04,week,CH,country,65+,agegroup_ili_ari,all,2804.7,40025.5,4503.1,154.9,1.38,NA,12.1,NA,NA,NA,NA,TRUE
consultations,2026-W05,week,CH,country,0 - 4,agegroup_ili_ari,all,3884,8528.2,1103.2,938.06,7.25,NA,16,NA,NA,NA,NA,TRUE
consultations,2026-W05,week,CH,country,15 - 29,agegroup_ili_ari,all,4317.2,34116.7,1476.2,287.25,6.64,NA,17.8,NA,NA,NA,NA,TRUE
consultations,2026-W05,week,CH,country,30 - 64,agegroup_ili_ari,all,8363.1,104841.8,5051.5,186.95,3.88,NA,34.4,NA,NA,NA,NA,TRUE
consultations,2026-W05,week,CH,country,5 - 14,agegroup_ili_ari,all,5057.4,19042.3,1186.4,546.15,8.77,NA,20.8,NA,NA,NA,NA,TRUE
consultations,2026-W05,week,CH,country,65+,agegroup_ili_ari,all,2687.4,41772.7,4474.7,148.42,1.39,NA,11.1,NA,NA,NA,NA,TRUE
consultations,2026-W06,week,CH,country,0 - 4,agegroup_ili_ari,all,3876.5,8224.4,1086.2,936.24,7.09,NA,17.3,NA,NA,NA,NA,TRUE
consultations,2026-W06,week,CH,country,15 - 29,agegroup_ili_ari,all,4333.6,32946.8,1437.6,288.34,6.61,NA,19.3,NA,NA,NA,NA,TRUE
consultations,2026-W06,week,CH,country,30 - 64,agegroup_ili_ari,all,7334.2,100639.6,4860,163.95,3.4,NA,32.7,NA,NA,NA,NA,TRUE
consultations,2026-W06,week,CH,country,5 - 14,agegroup_ili_ari,all,3980.2,18380,1166.4,429.82,6.77,NA,17.8,NA,NA,NA,NA,TRUE
consultations,2026-W06,week,CH,country,65+,agegroup_ili_ari,all,2897.6,39991.6,4289.8,160.03,1.49,NA,12.9,NA,NA,NA,NA,TRUE
consultations,2026-W07,week,CH,country,0 - 4,agegroup_ili_ari,all,2263.2,8415.6,1035.7,546.61,4.44,NA,13.8,NA,NA,NA,NA,TRUE
consultations,2026-W07,week,CH,country,15 - 29,agegroup_ili_ari,all,3345.1,32799.3,1397.4,222.57,5.22,NA,20.4,NA,NA,NA,NA,TRUE
consultations,2026-W07,week,CH,country,30 - 64,agegroup_ili_ari,all,6086.1,99962.1,4777.2,136.05,2.85,NA,37.1,NA,NA,NA,NA,TRUE
consultations,2026-W07,week,CH,country,5 - 14,agegroup_ili_ari,all,2025.5,18744.1,1120.7,218.74,3.66,NA,12.4,NA,NA,NA,NA,TRUE
consultations,2026-W07,week,CH,country,65+,agegroup_ili_ari,all,2670.3,40005,4278,147.48,1.38,NA,16.3,NA,NA,NA,NA,TRUE
consultations,2026-W08,week,CH,country,0 - 4,agegroup_ili_ari,all,2657.5,7011.1,791.8,641.84,5.68,NA,18.3,NA,NA,NA,NA,TRUE
consultations,2026-W08,week,CH,country,15 - 29,agegroup_ili_ari,all,2070.8,29756.6,1216.5,137.78,3.37,NA,14.3,NA,NA,NA,NA,TRUE
consultations,2026-W08,week,CH,country,30 - 64,agegroup_ili_ari,all,6150.6,92370.9,4327.9,137.49,2.93,NA,42.3,NA,NA,NA,NA,TRUE
consultations,2026-W08,week,CH,country,5 - 14,agegroup_ili_ari,all,1780.4,15603,831,192.27,3.61,NA,12.3,NA,NA,NA,NA,TRUE
consultations,2026-W08,week,CH,country,65+,agegroup_ili_ari,all,1868.4,36824,3858.8,103.19,0.98,NA,12.9,NA,NA,NA,NA,TRUE
consultations,2026-W09,week,CH,country,0 - 4,agegroup_ili_ari,all,1682.7,8120,882.2,406.4,3.74,NA,13.4,NA,NA,NA,NA,TRUE
consultations,2026-W09,week,CH,country,15 - 29,agegroup_ili_ari,all,2851.4,34787.5,1314.8,189.72,5.02,NA,22.7,NA,NA,NA,NA,TRUE
consultations,2026-W09,week,CH,country,30 - 64,agegroup_ili_ari,all,5957.8,108879.2,4699.9,133.18,3.09,NA,47.5,NA,NA,NA,NA,TRUE
consultations,2026-W09,week,CH,country,5 - 14,agegroup_ili_ari,all,555.7,18329.9,967.5,60.01,1.14,NA,4.4,NA,NA,NA,NA,TRUE
consultations,2026-W09,week,CH,country,65+,agegroup_ili_ari,all,1495.2,43596.2,4202.6,82.58,0.86,NA,11.9,NA,NA,NA,NA,TRUE
consultations,2026-W10,week,CH,country,0 - 4,agegroup_ili_ari,all,1531.7,8380.2,978.4,369.92,3.17,NA,14,NA,NA,NA,NA,TRUE
consultations,2026-W10,week,CH,country,15 - 29,agegroup_ili_ari,all,2970,35422.6,1474.5,197.61,4.75,NA,27.1,NA,NA,NA,NA,TRUE
consultations,2026-W10,week,CH,country,30 - 64,agegroup_ili_ari,all,3783.2,108791.2,5156.4,84.57,1.78,NA,34.5,NA,NA,NA,NA,TRUE
consultations,2026-W10,week,CH,country,5 - 14,agegroup_ili_ari,all,1135.9,18748.9,1059.1,122.67,2.17,NA,10.4,NA,NA,NA,NA,TRUE
consultations,2026-W10,week,CH,country,65+,agegroup_ili_ari,all,1545.6,43344.9,4588.5,85.36,0.81,NA,14.1,NA,NA,NA,NA,TRUE
consultations,2026-W11,week,CH,country,0 - 4,agegroup_ili_ari,all,1674.6,9148.2,1070.9,404.45,3.45,NA,14.9,NA,NA,NA,NA,TRUE
consultations,2026-W11,week,CH,country,15 - 29,agegroup_ili_ari,all,2491.3,33180.4,1414.6,165.76,3.89,NA,22.1,NA,NA,NA,NA,TRUE
consultations,2026-W11,week,CH,country,30 - 64,agegroup_ili_ari,all,4162.6,99941.9,4827,93.05,1.93,NA,37,NA,NA,NA,NA,TRUE
consultations,2026-W11,week,CH,country,5 - 14,agegroup_ili_ari,all,1330.1,20189.8,1143.7,143.64,2.54,NA,11.8,NA,NA,NA,NA,TRUE
consultations,2026-W11,week,CH,country,65+,agegroup_ili_ari,all,1591.2,39826.8,4308.8,87.88,0.81,NA,14.1,NA,NA,NA,NA,TRUE
consultations,2026-W12,week,CH,country,0 - 4,agegroup_ili_ari,all,1399.2,8581.4,978.9,337.94,2.96,NA,13.5,NA,NA,NA,NA,TRUE
consultations,2026-W12,week,CH,country,15 - 29,agegroup_ili_ari,all,1919,33676.8,1416.2,127.68,3.04,NA,18.4,NA,NA,NA,NA,TRUE
consultations,2026-W12,week,CH,country,30 - 64,agegroup_ili_ari,all,4144.2,102544.2,4934,92.64,1.93,NA,39.8,NA,NA,NA,NA,TRUE
consultations,2026-W12,week,CH,country,5 - 14,agegroup_ili_ari,all,1166.7,19049.6,1051.1,125.99,2.28,NA,11.2,NA,NA,NA,NA,TRUE
consultations,2026-W12,week,CH,country,65+,agegroup_ili_ari,all,1772.4,40863.1,4398.8,97.89,0.91,NA,17,NA,NA,NA,NA,TRUE
consultations,2026-W13,week,CH,country,0 - 4,agegroup_ili_ari,all,1295.9,8626.4,961.9,312.99,2.81,NA,16.1,NA,NA,NA,NA,TRUE
consultations,2026-W13,week,CH,country,15 - 29,agegroup_ili_ari,all,1851.6,36526.4,1460.4,123.2,3.08,NA,23,NA,NA,NA,NA,TRUE
consultations,2026-W13,week,CH,country,30 - 64,agegroup_ili_ari,all,2849.1,113046.7,5171.4,63.69,1.39,NA,35.4,NA,NA,NA,NA,TRUE
consultations,2026-W13,week,CH,country,5 - 14,agegroup_ili_ari,all,812.2,19381.7,1054.8,87.71,1.61,NA,10.1,NA,NA,NA,NA,TRUE
consultations,2026-W13,week,CH,country,65+,agegroup_ili_ari,all,1248.3,44968.5,4587.5,68.94,0.68,NA,15.5,NA,NA,NA,NA,TRUE
consultations,2026-W14,week,CH,country,0 - 4,agegroup_ili_ari,all,1260.8,7881.8,755.2,304.5,3.18,NA,17.2,NA,NA,NA,NA,TRUE
consultations,2026-W14,week,CH,country,15 - 29,agegroup_ili_ari,all,1183.9,31738.8,1181.6,78.77,2.12,NA,16.2,NA,NA,NA,NA,TRUE
consultations,2026-W14,week,CH,country,30 - 64,agegroup_ili_ari,all,3042,97058.7,4238.4,68,1.56,NA,41.6,NA,NA,NA,NA,TRUE
consultations,2026-W14,week,CH,country,5 - 14,agegroup_ili_ari,all,471.3,17680.9,831.2,50.9,1.08,NA,6.4,NA,NA,NA,NA,TRUE
consultations,2026-W14,week,CH,country,65+,agegroup_ili_ari,all,1360.5,38596,3773.7,75.14,0.77,NA,18.6,NA,NA,NA,NA,TRUE
consultations,2026-W15,week,CH,country,0 - 4,agegroup_ili_ari,all,1092.8,9093.8,674.7,263.92,3.56,NA,20.1,NA,NA,NA,NA,TRUE
consultations,2026-W15,week,CH,country,15 - 29,agegroup_ili_ari,all,1027.6,27791.9,846.5,68.37,2.24,NA,18.9,NA,NA,NA,NA,TRUE
consultations,2026-W15,week,CH,country,30 - 64,agegroup_ili_ari,all,1814.9,81338.8,2860.1,40.57,1.15,NA,33.3,NA,NA,NA,NA,TRUE
consultations,2026-W15,week,CH,country,5 - 14,agegroup_ili_ari,all,329.6,19667.3,693.2,35.59,1.01,NA,6.1,NA,NA,NA,NA,TRUE
consultations,2026-W15,week,CH,country,65+,agegroup_ili_ari,all,1181.1,32192,2529.5,65.23,0.83,NA,21.7,NA,NA,NA,NA,TRUE
consultations,2026-W16,week,CH,country,0 - 4,agegroup_ili_ari,all,759.1,13090.5,904.9,183.34,2.65,NA,12.9,NA,NA,NA,NA,TRUE
consultations,2026-W16,week,CH,country,15 - 29,agegroup_ili_ari,all,1208.2,44780.8,1296.8,80.39,2.78,NA,20.5,NA,NA,NA,NA,TRUE
consultations,2026-W16,week,CH,country,30 - 64,agegroup_ili_ari,all,2661.7,134461.3,4532.4,59.5,1.77,NA,45.2,NA,NA,NA,NA,TRUE
consultations,2026-W16,week,CH,country,5 - 14,agegroup_ili_ari,all,513.2,28869.6,983.2,55.42,1.63,NA,8.7,NA,NA,NA,NA,TRUE
consultations,2026-W16,week,CH,country,65+,agegroup_ili_ari,all,743.1,53606.9,4039.7,41.04,0.54,NA,12.6,NA,NA,NA,NA,TRUE
consultations,2026-W17,week,CH,country,0 - 4,agegroup_ili_ari,all,691.5,8980.7,888.6,167.02,1.69,NA,13.2,NA,NA,NA,NA,TRUE
consultations,2026-W17,week,CH,country,15 - 29,agegroup_ili_ari,all,1135.8,39699.6,1401,75.57,2.14,NA,21.7,NA,NA,NA,NA,TRUE
consultations,2026-W17,week,CH,country,30 - 64,agegroup_ili_ari,all,2133.8,123695.7,5031.6,47.7,1.17,NA,40.8,NA,NA,NA,NA,TRUE
consultations,2026-W17,week,CH,country,5 - 14,agegroup_ili_ari,all,501.5,20309.1,975,54.16,1.13,NA,9.6,NA,NA,NA,NA,TRUE
consultations,2026-W17,week,CH,country,65+,agegroup_ili_ari,all,769.7,49403.8,4487.7,42.51,0.47,NA,14.7,NA,NA,NA,NA,TRUE
consultations,2026-W18,week,CH,country,0 - 4,agegroup_ili_ari,all,1024.6,9294.6,930,247.45,2.47,NA,18.4,NA,NA,NA,NA,TRUE
consultations,2026-W18,week,CH,country,15 - 29,agegroup_ili_ari,all,1076.1,34916.8,1277,71.6,1.96,NA,19.4,NA,NA,NA,NA,TRUE
consultations,2026-W18,week,CH,country,30 - 64,agegroup_ili_ari,all,1848.4,106478.8,4433.2,41.32,0.99,NA,33.3,NA,NA,NA,NA,TRUE
consultations,2026-W18,week,CH,country,5 - 14,agegroup_ili_ari,all,673.8,20616.5,987.6,72.76,1.52,NA,12.1,NA,NA,NA,NA,TRUE
consultations,2026-W18,week,CH,country,65+,agegroup_ili_ari,all,935.2,42592.6,3934.2,51.65,0.56,NA,16.8,NA,NA,NA,NA,TRUE
consultations,2026-W19,week,CH,country,0 - 4,agegroup_ili_ari,all,450.7,9187.2,900.8,108.85,1.11,NA,11,NA,NA,NA,NA,TRUE
consultations,2026-W19,week,CH,country,15 - 29,agegroup_ili_ari,all,1205.4,37406.6,1385.6,80.2,2.17,NA,29.3,NA,NA,NA,NA,TRUE
consultations,2026-W19,week,CH,country,30 - 64,agegroup_ili_ari,all,1586.3,115628.4,4970.9,35.46,0.82,NA,38.6,NA,NA,NA,NA,TRUE
consultations,2026-W19,week,CH,country,5 - 14,agegroup_ili_ari,all,359.6,20600.5,989.1,38.83,0.81,NA,8.7,NA,NA,NA,NA,TRUE
consultations,2026-W19,week,CH,country,65+,agegroup_ili_ari,all,512.1,45964.1,4411.6,28.28,0.29,NA,12.4,NA,NA,NA,NA,TRUE
consultations,2026-W20,week,CH,country,0 - 4,agegroup_ili_ari,all,707.6,7607.3,756.6,170.89,1.72,NA,13.8,NA,NA,NA,NA,TRUE
consultations,2026-W20,week,CH,country,15 - 29,agegroup_ili_ari,all,938.6,28825.2,1066.9,62.45,1.69,NA,18.4,NA,NA,NA,NA,TRUE
consultations,2026-W20,week,CH,country,30 - 64,agegroup_ili_ari,all,1826.5,88164.2,3710,40.83,0.97,NA,35.7,NA,NA,NA,NA,TRUE
consultations,2026-W20,week,CH,country,5 - 14,agegroup_ili_ari,all,821.6,16905.8,815.9,88.73,1.84,NA,16.1,NA,NA,NA,NA,TRUE
consultations,2026-W20,week,CH,country,65+,agegroup_ili_ari,all,819.5,35351.8,3318.6,45.26,0.48,NA,16,NA,NA,NA,NA,TRUE
consultations,2026-W21,week,CH,country,0 - 4,agegroup_ili_ari,all,810.4,10218.6,962.4,195.72,2.08,NA,15.6,NA,NA,NA,NA,TRUE
consultations,2026-W21,week,CH,country,15 - 29,agegroup_ili_ari,all,1191.1,42901.4,1419.8,79.25,2.39,NA,23,NA,NA,NA,NA,TRUE
consultations,2026-W21,week,CH,country,30 - 64,agegroup_ili_ari,all,2159.3,132599.1,4985.6,48.27,1.28,NA,41.6,NA,NA,NA,NA,TRUE
consultations,2026-W21,week,CH,country,5 - 14,agegroup_ili_ari,all,444.3,22928.1,1048.7,47.98,1.05,NA,8.6,NA,NA,NA,NA,TRUE
consultations,2026-W21,week,CH,country,65+,agegroup_ili_ari,all,581.2,52956.8,4436.5,32.1,0.38,NA,11.2,NA,NA,NA,NA,TRUE
consultations,2026-W22,week,CH,country,0 - 4,agegroup_ili_ari,all,851.5,8266.7,827.7,205.64,2.05,NA,18.1,NA,NA,NA,NA,TRUE
consultations,2026-W22,week,CH,country,15 - 29,agegroup_ili_ari,all,942.1,33502.8,1228.5,62.68,1.71,NA,20.1,NA,NA,NA,NA,TRUE
consultations,2026-W22,week,CH,country,30 - 64,agegroup_ili_ari,all,2096.3,102433.9,4299.8,46.86,1.12,NA,44.6,NA,NA,NA,NA,TRUE
consultations,2026-W22,week,CH,country,5 - 14,agegroup_ili_ari,all,451.3,18466,898.4,48.74,1,NA,9.6,NA,NA,NA,NA,TRUE
consultations,2026-W22,week,CH,country,65+,agegroup_ili_ari,all,355.4,40760.4,3821.6,19.63,0.21,NA,7.6,NA,NA,NA,NA,TRUE
consultations,2026-W23,week,CH,country,0 - 4,agegroup_ili_ari,all,426.6,10677.3,1026.3,103.02,1.07,NA,10.5,NA,NA,NA,NA,TRUE
consultations,2026-W23,week,CH,country,15 - 29,agegroup_ili_ari,all,730.9,39068.7,1400.2,48.63,1.36,NA,17.9,NA,NA,NA,NA,TRUE
consultations,2026-W23,week,CH,country,30 - 64,agegroup_ili_ari,all,1478.5,118002,4842.1,33.05,0.81,NA,36.3,NA,NA,NA,NA,TRUE
consultations,2026-W23,week,CH,country,5 - 14,agegroup_ili_ari,all,860.3,23680.5,1106.3,92.9,1.99,NA,21.1,NA,NA,NA,NA,TRUE
consultations,2026-W23,week,CH,country,65+,agegroup_ili_ari,all,579,46901.9,4303.1,31.98,0.35,NA,14.2,NA,NA,NA,NA,TRUE
consultations,2026-W24,week,CH,country,0 - 4,agegroup_ili_ari,all,423.6,8796.6,862.7,102.31,1.04,NA,8,NA,NA,NA,NA,TRUE
consultations,2026-W24,week,CH,country,15 - 29,agegroup_ili_ari,all,1148.9,37936.7,1429.9,76.44,2.03,NA,21.8,NA,NA,NA,NA,TRUE
consultations,2026-W24,week,CH,country,30 - 64,agegroup_ili_ari,all,2131.2,117555.7,5133.6,47.64,1.09,NA,40.4,NA,NA,NA,NA,TRUE
consultations,2026-W24,week,CH,country,5 - 14,agegroup_ili_ari,all,1030.3,19773.2,951.1,111.26,2.31,NA,19.5,NA,NA,NA,NA,TRUE
consultations,2026-W24,week,CH,country,65+,agegroup_ili_ari,all,541,46852.4,4562.7,29.88,0.31,NA,10.3,NA,NA,NA,NA,TRUE
consultations,2026-W25,week,CH,country,0 - 4,agegroup_ili_ari,all,867.6,9544.1,977.4,209.55,2.05,NA,16.9,NA,NA,NA,NA,TRUE
consultations,2026-W25,week,CH,country,15 - 29,agegroup_ili_ari,all,1004,37427.2,1450,66.8,1.72,NA,19.6,NA,NA,NA,NA,TRUE
consultations,2026-W25,week,CH,country,30 - 64,agegroup_ili_ari,all,1760.3,114345.6,5087.2,39.35,0.88,NA,34.4,NA,NA,NA,NA,TRUE
consultations,2026-W25,week,CH,country,5 - 14,agegroup_ili_ari,all,653.9,21243.7,1059.1,70.61,1.42,NA,12.8,NA,NA,NA,NA,TRUE
consultations,2026-W25,week,CH,country,65+,agegroup_ili_ari,all,835.6,45499.1,4512.3,46.15,0.47,NA,16.3,NA,NA,NA,NA,TRUE
consultations,2026-W26,week,CH,country,0 - 4,agegroup_ili_ari,all,453.9,8210.2,857.8,109.62,1.05,NA,10.4,NA,NA,NA,NA,TRUE
consultations,2026-W26,week,CH,country,15 - 29,agegroup_ili_ari,all,640.9,32830.6,1271.2,42.64,1.1,NA,14.7,NA,NA,NA,NA,TRUE
consultations,2026-W26,week,CH,country,30 - 64,agegroup_ili_ari,all,1372.9,100994.6,4491.8,30.69,0.69,NA,31.5,NA,NA,NA,NA,TRUE
consultations,2026-W26,week,CH,country,5 - 14,agegroup_ili_ari,all,1264.8,18303.4,919.6,136.59,2.72,NA,29,NA,NA,NA,NA,TRUE
consultations,2026-W26,week,CH,country,65+,agegroup_ili_ari,all,629.7,40258.2,4000.6,34.78,0.35,NA,14.4,NA,NA,NA,NA,TRUE
consultations,2026-W27,week,CH,country,0 - 4,agegroup_ili_ari,all,478.4,8654.9,807.4,115.54,1.24,NA,14.9,NA,NA,NA,NA,TRUE
consultations,2026-W27,week,CH,country,15 - 29,agegroup_ili_ari,all,938.4,33634.1,1280,62.44,1.64,NA,29.2,NA,NA,NA,NA,TRUE
consultations,2026-W27,week,CH,country,30 - 64,agegroup_ili_ari,all,1295.1,103634.8,4597.1,28.95,0.65,NA,40.3,NA,NA,NA,NA,TRUE
consultations,2026-W27,week,CH,country,5 - 14,agegroup_ili_ari,all,192.8,19208.2,867.2,20.82,0.46,NA,6,NA,NA,NA,NA,TRUE
consultations,2026-W27,week,CH,country,65+,agegroup_ili_ari,all,308.4,41111.4,4050.3,17.03,0.17,NA,9.6,NA,NA,NA,NA,TRUE
consultations,2026-W28,week,CH,country,0 - 4,agegroup_ili_ari,all,368.9,10101,865.3,89.1,1.04,NA,13.6,NA,NA,NA,NA,TRUE
consultations,2026-W28,week,CH,country,15 - 29,agegroup_ili_ari,all,881.5,37512,1271.9,58.65,1.73,NA,32.4,NA,NA,NA,NA,TRUE
consultations,2026-W28,week,CH,country,30 - 64,agegroup_ili_ari,all,981.5,113950.7,4479.8,21.94,0.56,NA,36.1,NA,NA,NA,NA,TRUE
consultations,2026-W28,week,CH,country,5 - 14,agegroup_ili_ari,all,289.5,22390.7,940.3,31.26,0.74,NA,10.6,NA,NA,NA,NA,TRUE
consultations,2026-W28,week,CH,country,65+,agegroup_ili_ari,all,200.1,45254.7,3965.7,11.05,0.13,NA,7.4,NA,NA,NA,NA,TRUE
consultations,2026-W29,week,CH,country,0 - 4,agegroup_ili_ari,all,253.2,8177.5,612.1,61.14,0.82,NA,10.9,NA,NA,NA,NA,TRUE
consultations,2026-W29,week,CH,country,15 - 29,agegroup_ili_ari,all,702,34257.3,1063.3,46.71,1.5,NA,30.1,NA,NA,NA,NA,TRUE
consultations,2026-W29,week,CH,country,30 - 64,agegroup_ili_ari,all,926,106304.4,3837.5,20.7,0.57,NA,39.8,NA,NA,NA,NA,TRUE
consultations,2026-W29,week,CH,country,5 - 14,agegroup_ili_ari,all,150.3,18480.1,699.2,16.23,0.43,NA,6.5,NA,NA,NA,NA,TRUE
consultations,2026-W29,week,CH,country,65+,agegroup_ili_ari,all,297.9,42544.3,3411.8,16.45,0.21,NA,12.8,NA,NA,NA,NA,TRUE
consultations,2026-W30,week,CH,country,0 - 4,agegroup_ili_ari,all,181.6,9118.8,562.5,43.87,0.71,NA,13.3,NA,NA,NA,NA,TRUE
consultations,2026-W30,week,CH,country,15 - 29,agegroup_ili_ari,all,309.5,33993.8,950.2,20.59,0.74,NA,22.6,NA,NA,NA,NA,TRUE
consultations,2026-W30,week,CH,country,30 - 64,agegroup_ili_ari,all,562.3,103446.9,3426.9,12.57,0.38,NA,41.1,NA,NA,NA,NA,TRUE
consultations,2026-W30,week,CH,country,5 - 14,agegroup_ili_ari,all,182.5,20295.1,620.9,19.71,0.64,NA,13.4,NA,NA,NA,NA,TRUE
consultations,2026-W30,week,CH,country,65+,agegroup_ili_ari,all,130.7,41569.5,3048.6,7.22,0.1,NA,9.6,NA,NA,NA,NA,TRUE
consultations,2026-W31,week,CH,country,0 - 4,agegroup_ili_ari,all,558.3,9640.1,511.4,134.85,2.54,NA,20.4,NA,NA,NA,NA,TRUE
consultations,2026-W31,week,CH,country,15 - 29,agegroup_ili_ari,all,1110.4,32487,840.4,73.88,2.86,NA,40.5,NA,NA,NA,NA,TRUE
consultations,2026-W31,week,CH,country,30 - 64,agegroup_ili_ari,all,630.3,99366.8,3043,14.09,0.46,NA,23,NA,NA,NA,NA,TRUE
consultations,2026-W31,week,CH,country,5 - 14,agegroup_ili_ari,all,172.3,21489.7,580.7,18.61,0.69,NA,6.3,NA,NA,NA,NA,TRUE
consultations,2026-W31,week,CH,country,65+,agegroup_ili_ari,all,269.4,40328.9,2746.5,14.88,0.22,NA,9.8,NA,NA,NA,NA,TRUE
consultations,2026-W32,week,CH,country,0 - 4,agegroup_ili_ari,all,207.1,11992.7,657.9,50.03,0.91,NA,9.6,NA,NA,NA,NA,TRUE
consultations,2026-W32,week,CH,country,15 - 29,agegroup_ili_ari,all,658.4,38804.9,1016.7,43.81,1.67,NA,30.5,NA,NA,NA,NA,TRUE
consultations,2026-W32,week,CH,country,30 - 64,agegroup_ili_ari,all,1068.7,117208.2,3656.6,23.89,0.77,NA,49.6,NA,NA,NA,NA,TRUE
consultations,2026-W32,week,CH,country,5 - 14,agegroup_ili_ari,all,106.1,26187,696.8,11.46,0.43,NA,4.9,NA,NA,NA,NA,TRUE
consultations,2026-W32,week,CH,country,65+,agegroup_ili_ari,all,115,47272.4,3284,6.35,0.09,NA,5.3,NA,NA,NA,NA,TRUE
consultations,2026-W33,week,CH,country,0 - 4,agegroup_ili_ari,all,260.3,9545.6,756,62.86,0.79,NA,9,NA,NA,NA,NA,TRUE
consultations,2026-W33,week,CH,country,15 - 29,agegroup_ili_ari,all,803.8,37399.1,1217.3,53.48,1.64,NA,27.9,NA,NA,NA,NA,TRUE
consultations,2026-W33,week,CH,country,30 - 64,agegroup_ili_ari,all,1398.9,115136.9,4370.7,31.27,0.82,NA,48.6,NA,NA,NA,NA,TRUE
consultations,2026-W33,week,CH,country,5 - 14,agegroup_ili_ari,all,217.8,21258,827.3,23.52,0.6,NA,7.6,NA,NA,NA,NA,TRUE
consultations,2026-W33,week,CH,country,65+,agegroup_ili_ari,all,197,45966.4,3887.7,10.88,0.13,NA,6.8,NA,NA,NA,NA,TRUE
consultations,2026-W34,week,CH,country,0 - 4,agegroup_ili_ari,all,528.4,8619.4,819.4,127.62,1.34,NA,14.6,NA,NA,NA,NA,TRUE
consultations,2026-W34,week,CH,country,15 - 29,agegroup_ili_ari,all,1342.7,36939.2,1392.6,89.34,2.37,NA,37.1,NA,NA,NA,NA,TRUE
consultations,2026-W34,week,CH,country,30 - 64,agegroup_ili_ari,all,1054.4,114576.4,5025.1,23.57,0.54,NA,29.2,NA,NA,NA,NA,TRUE
consultations,2026-W34,week,CH,country,5 - 14,agegroup_ili_ari,all,334.4,19384.2,908,36.11,0.77,NA,9.2,NA,NA,NA,NA,TRUE
consultations,2026-W34,week,CH,country,65+,agegroup_ili_ari,all,356.5,45718.8,4465.9,19.69,0.2,NA,9.9,NA,NA,NA,NA,TRUE
consultations,2026-W35,week,CH,country,0 - 4,agegroup_ili_ari,all,767,8097.3,793.1,185.25,1.89,NA,16.6,NA,NA,NA,NA,TRUE
consultations,2026-W35,week,CH,country,15 - 29,agegroup_ili_ari,all,928.8,33983.2,1321.5,61.8,1.59,NA,20.1,NA,NA,NA,NA,TRUE
consultations,2026-W35,week,CH,country,30 - 64,agegroup_ili_ari,all,1648.5,105830,4766.3,36.85,0.82,NA,35.6,NA,NA,NA,NA,TRUE
consultations,2026-W35,week,CH,country,5 - 14,agegroup_ili_ari,all,1115.7,18258.3,890.7,120.49,2.47,NA,24.1,NA,NA,NA,NA,TRUE
consultations,2026-W35,week,CH,country,65+,agegroup_ili_ari,all,171.1,42319.9,4244.5,9.45,0.09,NA,3.7,NA,NA,NA,NA,TRUE
consultations,2026-W36,week,CH,country,0 - 4,agegroup_ili_ari,all,943.5,8776.4,837.1,227.88,2.39,NA,19,NA,NA,NA,NA,TRUE
consultations,2026-W36,week,CH,country,15 - 29,agegroup_ili_ari,all,1157.1,36369.6,1384,76.99,2.02,NA,23.3,NA,NA,NA,NA,TRUE
consultations,2026-W36,week,CH,country,30 - 64,agegroup_ili_ari,all,1591.7,112437.3,4977.3,35.58,0.8,NA,32.1,NA,NA,NA,NA,TRUE
consultations,2026-W36,week,CH,country,5 - 14,agegroup_ili_ari,all,989.4,19653.3,916.4,106.85,2.29,NA,19.9,NA,NA,NA,NA,TRUE
consultations,2026-W36,week,CH,country,65+,agegroup_ili_ari,all,281.9,44967.1,4445.2,15.57,0.16,NA,5.7,NA,NA,NA,NA,TRUE
consultations,2026-W37,week,CH,country,0 - 4,agegroup_ili_ari,all,605.2,8893.9,861.1,146.17,1.51,NA,9.6,NA,NA,NA,NA,TRUE
consultations,2026-W37,week,CH,country,15 - 29,agegroup_ili_ari,all,1702.5,33546.1,1267.3,113.28,3,NA,27.1,NA,NA,NA,NA,TRUE
consultations,2026-W37,week,CH,country,30 - 64,agegroup_ili_ari,all,2326.2,101917.4,4445.9,52,1.19,NA,37,NA,NA,NA,NA,TRUE
consultations,2026-W37,week,CH,country,5 - 14,agegroup_ili_ari,all,937.7,19750.3,939.8,101.26,2.13,NA,14.9,NA,NA,NA,NA,TRUE
consultations,2026-W37,week,CH,country,65+,agegroup_ili_ari,all,713,40631.3,3966.8,39.38,0.4,NA,11.3,NA,NA,NA,NA,TRUE
consultations,2026-W38,week,CH,country,0 - 4,agegroup_ili_ari,all,1270.5,8799.4,875.6,306.84,3.08,NA,15.8,NA,NA,NA,NA,TRUE
consultations,2026-W38,week,CH,country,15 - 29,agegroup_ili_ari,all,1771.2,36486.4,1399.6,117.85,3.07,NA,22.1,NA,NA,NA,NA,TRUE
consultations,2026-W38,week,CH,country,30 - 64,agegroup_ili_ari,all,3381,112464.9,4999.7,75.58,1.7,NA,42.1,NA,NA,NA,NA,TRUE
consultations,2026-W38,week,CH,country,5 - 14,agegroup_ili_ari,all,751,19728.7,963.7,81.1,1.66,NA,9.4,NA,NA,NA,NA,TRUE
consultations,2026-W38,week,CH,country,65+,agegroup_ili_ari,all,849.4,44770.1,4434.4,46.91,0.47,NA,10.6,NA,NA,NA,NA,TRUE
consultations,2026-W39,week,CH,country,0 - 4,agegroup_ili_ari,all,687,9040.5,825.3,165.92,1.82,NA,8.8,NA,NA,NA,NA,TRUE
consultations,2026-W39,week,CH,country,15 - 29,agegroup_ili_ari,all,1858.6,33156.7,1236.8,123.66,3.31,NA,23.9,NA,NA,NA,NA,TRUE
consultations,2026-W39,week,CH,country,30 - 64,agegroup_ili_ari,all,3550.1,100806.1,4361.4,79.36,1.83,NA,45.6,NA,NA,NA,NA,TRUE
consultations,2026-W39,week,CH,country,5 - 14,agegroup_ili_ari,all,647.4,20024.5,900,69.91,1.56,NA,8.3,NA,NA,NA,NA,TRUE
consultations,2026-W39,week,CH,country,65+,agegroup_ili_ari,all,1041.1,40000.6,3848.5,57.5,0.6,NA,13.4,NA,NA,NA,NA,TRUE
consultations,2026-W40,week,CH,country,0 - 4,agegroup_ili_ari,all,2088.8,7730.8,692.4,504.47,5.63,NA,25.1,NA,NA,NA,NA,TRUE
consultations,2026-W40,week,CH,country,15 - 29,agegroup_ili_ari,all,1531.1,27486.3,950,101.87,2.95,NA,18.4,NA,NA,NA,NA,TRUE
consultations,2026-W40,week,CH,country,30 - 64,agegroup_ili_ari,all,2668.4,82150.5,3283.9,59.65,1.49,NA,32.1,NA,NA,NA,NA,TRUE
consultations,2026-W40,week,CH,country,5 - 14,agegroup_ili_ari,all,754.2,17188.2,765.7,81.45,1.83,NA,9.1,NA,NA,NA,NA,TRUE
consultations,2026-W40,week,CH,country,65+,agegroup_ili_ari,all,1282.8,32464.4,2899,70.85,0.79,NA,15.4,NA,NA,NA,NA,TRUE
consultations,2020-W10,week,CH,country,all,agegroup_ili_ari,female,NA,87830.2,6410.7,NA,NA,NA,NA,NA,NA,NA,NA,TRUE
consultations,2020-W10,week,CH,country,all,agegroup_ili_ari,male,NA,86716.2,5917.3,NA,NA,NA,NA,NA,NA,NA,NA,TRUE
consultations,2020-W11,week,CH,country,all,agegroup_ili_ari,female,NA,92229.9,6813.2,NA,NA,NA,NA,NA,NA,NA,NA,TRUE
consultations,2020-W11,week,CH,country,all,agegroup_ili_ari,male,NA,91194.4,6310.8,NA,NA,NA,NA,NA,NA,NA,NA,TRUE
consultations,2020-W12,week,CH,country,all,agegroup_ili_ari,female,NA,73400.7,5370.1,NA,NA,NA,NA,NA,NA,NA,NA,TRUE
consultations,2020-W12,week,CH,country,all,agegroup_ili_ari,male,NA,72547.7,4951.9,NA,NA,NA,NA,NA,NA,NA,NA,TRUE
consultations,2020-W13,week,CH,country,all,agegroup_ili_ari,female,14901.3,61535.4,4329,339.64,4.83,NA,55.6,NA,NA,NA,NA,TRUE
consultations,2020-W13,week,CH,country,all,agegroup_ili_ari,male,11878.1,60764.2,3984,274.83,4.19,NA,44.4,NA,NA,NA,NA,TRUE
consultations,2020-W14,week,CH,country,all,agegroup_ili_ari,female,12521.2,61669.7,4019,285.39,4.38,NA,54.1,NA,NA,NA,NA,TRUE
consultations,2020-W14,week,CH,country,all,agegroup_ili_ari,male,10629.9,60988.9,3698,245.95,4.06,NA,45.9,NA,NA,NA,NA,TRUE
consultations,2020-W15,week,CH,country,all,agegroup_ili_ari,female,5060.4,66757.6,3555.9,115.34,2.17,NA,50.1,NA,NA,NA,NA,TRUE
consultations,2020-W15,week,CH,country,all,agegroup_ili_ari,male,5047.2,65938.3,3267.1,116.78,2.36,NA,49.9,NA,NA,NA,NA,TRUE
consultations,2020-W16,week,CH,country,all,agegroup_ili_ari,female,3230,65198.3,3282.7,73.62,1.46,NA,52.8,NA,NA,NA,NA,TRUE
consultations,2020-W16,week,CH,country,all,agegroup_ili_ari,male,2885.8,64399.2,3019.3,66.77,1.42,NA,47.2,NA,NA,NA,NA,TRUE
consultations,2020-W17,week,CH,country,all,agegroup_ili_ari,female,4271.1,72936.1,4505.3,97.35,1.58,NA,53.8,NA,NA,NA,NA,TRUE
consultations,2020-W17,week,CH,country,all,agegroup_ili_ari,male,3662.9,71980.4,4160.7,84.75,1.47,NA,46.2,NA,NA,NA,NA,TRUE
consultations,2020-W18,week,CH,country,all,agegroup_ili_ari,female,2867.2,71924.3,4545.5,65.35,1.03,NA,51.1,NA,NA,NA,NA,TRUE
consultations,2020-W18,week,CH,country,all,agegroup_ili_ari,male,2741.9,70936.4,4190.5,63.44,1.07,NA,48.9,NA,NA,NA,NA,TRUE
consultations,2020-W19,week,CH,country,all,agegroup_ili_ari,female,3012.8,83010.5,5439.5,68.67,1.05,NA,60.7,NA,NA,NA,NA,TRUE
consultations,2020-W19,week,CH,country,all,agegroup_ili_ari,male,1954,81835.5,4989.5,45.21,0.74,NA,39.3,NA,NA,NA,NA,TRUE
consultations,2020-W20,week,CH,country,all,agegroup_ili_ari,female,2804,87626.4,5651.3,63.91,0.99,NA,45.9,NA,NA,NA,NA,TRUE
consultations,2020-W20,week,CH,country,all,agegroup_ili_ari,male,3302,86383.5,5185.7,76.4,1.27,NA,54.1,NA,NA,NA,NA,TRUE
consultations,2020-W21,week,CH,country,all,agegroup_ili_ari,female,2705.3,74603.2,4315.9,61.66,1.07,NA,47.9,NA,NA,NA,NA,TRUE
consultations,2020-W21,week,CH,country,all,agegroup_ili_ari,male,2937.2,73568.9,3972.1,67.96,1.26,NA,52.1,NA,NA,NA,NA,TRUE
consultations,2020-W22,week,CH,country,all,agegroup_ili_ari,female,3136.1,96536.2,6175,71.48,1.12,NA,50.4,NA,NA,NA,NA,TRUE
consultations,2020-W22,week,CH,country,all,agegroup_ili_ari,male,3082.9,95329.6,5696,71.33,1.19,NA,49.6,NA,NA,NA,NA,TRUE
consultations,2020-W23,week,CH,country,all,agegroup_ili_ari,female,4129.8,83930.4,5222.1,94.13,1.51,NA,54.6,NA,NA,NA,NA,TRUE
consultations,2020-W23,week,CH,country,all,agegroup_ili_ari,male,3436.4,83013.1,4827.9,79.51,1.37,NA,45.4,NA,NA,NA,NA,TRUE
consultations,2020-W24,week,CH,country,all,agegroup_ili_ari,female,5443.9,95906.7,6311.8,124.08,1.89,NA,49.5,NA,NA,NA,NA,TRUE
consultations,2020-W24,week,CH,country,all,agegroup_ili_ari,male,5564.1,94761.9,5813.2,128.74,2.1,NA,50.5,NA,NA,NA,NA,TRUE
consultations,2020-W25,week,CH,country,all,agegroup_ili_ari,female,8004.4,97016.5,6533.3,182.44,2.71,NA,54.9,NA,NA,NA,NA,TRUE
consultations,2020-W25,week,CH,country,all,agegroup_ili_ari,male,6576.7,95944.8,6042.7,152.17,2.42,NA,45.1,NA,NA,NA,NA,TRUE
consultations,2020-W26,week,CH,country,all,agegroup_ili_ari,female,7819.2,96509.1,6535.6,178.22,2.63,NA,55,NA,NA,NA,NA,TRUE
consultations,2020-W26,week,CH,country,all,agegroup_ili_ari,male,6388.3,95391.4,6032.4,147.81,2.34,NA,45,NA,NA,NA,NA,TRUE
consultations,2020-W27,week,CH,country,all,agegroup_ili_ari,female,8398.8,92985.2,6150,191.43,2.89,NA,48.2,NA,NA,NA,NA,TRUE
consultations,2020-W27,week,CH,country,all,agegroup_ili_ari,male,9021.7,91978.6,5676,208.74,3.38,NA,51.8,NA,NA,NA,NA,TRUE
consultations,2020-W28,week,CH,country,all,agegroup_ili_ari,female,6250.7,93351,5500.5,142.47,2.42,NA,50.7,NA,NA,NA,NA,TRUE
consultations,2020-W28,week,CH,country,all,agegroup_ili_ari,male,6084,92351.6,5081.5,140.77,2.56,NA,49.3,NA,NA,NA,NA,TRUE
consultations,2020-W29,week,CH,country,all,agegroup_ili_ari,female,4709.4,89435.8,4784.1,107.34,2.01,NA,55.2,NA,NA,NA,NA,TRUE
consultations,2020-W29,week,CH,country,all,agegroup_ili_ari,male,3817.6,88307.4,4393.9,88.33,1.78,NA,44.8,NA,NA,NA,NA,TRUE
consultations,2020-W30,week,CH,country,all,agegroup_ili_ari,female,2624.1,85276.8,4187.1,59.81,1.22,NA,46.9,NA,NA,NA,NA,TRUE
consultations,2020-W30,week,CH,country,all,agegroup_ili_ari,male,2974.8,84267.7,3831.9,68.83,1.51,NA,53.1,NA,NA,NA,NA,TRUE
consultations,2020-W31,week,CH,country,all,agegroup_ili_ari,female,2332.3,99698.8,4456,53.16,1.19,NA,47,NA,NA,NA,NA,TRUE
consultations,2020-W31,week,CH,country,all,agegroup_ili_ari,male,2632.9,98493.7,4099,60.92,1.46,NA,53,NA,NA,NA,NA,TRUE
consultations,2020-W32,week,CH,country,all,agegroup_ili_ari,female,2163.9,95299,4286.6,49.32,1.1,NA,50.7,NA,NA,NA,NA,TRUE
consultations,2020-W32,week,CH,country,all,agegroup_ili_ari,male,2107.4,94344.6,3968.4,48.76,1.16,NA,49.3,NA,NA,NA,NA,TRUE
consultations,2020-W33,week,CH,country,all,agegroup_ili_ari,female,3079.1,85488.6,4822.3,70.18,1.24,NA,45.9,NA,NA,NA,NA,TRUE
consultations,2020-W33,week,CH,country,all,agegroup_ili_ari,male,3633.9,84445.1,4442.7,84.08,1.6,NA,54.1,NA,NA,NA,NA,TRUE
consultations,2020-W34,week,CH,country,all,agegroup_ili_ari,female,6274.8,88797.2,5829.7,143.02,2.18,NA,49.1,NA,NA,NA,NA,TRUE
consultations,2020-W34,week,CH,country,all,agegroup_ili_ari,male,6501.1,87752.2,5376.3,150.42,2.46,NA,50.9,NA,NA,NA,NA,TRUE
consultations,2020-W35,week,CH,country,all,agegroup_ili_ari,female,8901.6,88718.5,5988.7,202.89,3.01,NA,55.5,NA,NA,NA,NA,TRUE
consultations,2020-W35,week,CH,country,all,agegroup_ili_ari,male,7149,87662.2,5518.3,165.41,2.63,NA,44.5,NA,NA,NA,NA,TRUE
consultations,2020-W36,week,CH,country,all,agegroup_ili_ari,female,10120.8,90169.2,5939.8,230.68,3.5,NA,55.7,NA,NA,NA,NA,TRUE
consultations,2020-W36,week,CH,country,all,agegroup_ili_ari,male,8036.7,89270.7,5503.2,185.95,3.02,NA,44.3,NA,NA,NA,NA,TRUE
consultations,2020-W37,week,CH,country,all,agegroup_ili_ari,female,9973,92384.5,6081.6,227.31,3.45,NA,47.5,NA,NA,NA,NA,TRUE
consultations,2020-W37,week,CH,country,all,agegroup_ili_ari,male,11023.2,91352.9,5605.4,255.05,4.16,NA,52.5,NA,NA,NA,NA,TRUE
consultations,2020-W38,week,CH,country,all,agegroup_ili_ari,female,8568.6,94212.3,6315.1,195.3,2.91,NA,48.8,NA,NA,NA,NA,TRUE
consultations,2020-W38,week,CH,country,all,agegroup_ili_ari,male,9005.3,93107,5821.9,208.36,3.33,NA,51.2,NA,NA,NA,NA,TRUE
consultations,2020-W39,week,CH,country,all,agegroup_ili_ari,female,7522.6,90981.3,5887.6,171.46,2.65,NA,53.4,NA,NA,NA,NA,TRUE
consultations,2020-W39,week,CH,country,all,agegroup_ili_ari,male,6577.2,90024.6,5423.4,152.18,2.53,NA,46.6,NA,NA,NA,NA,TRUE
consultations,2020-W40,week,CH,country,all,agegroup_ili_ari,female,7688.5,87308.9,5290.5,175.24,2.89,NA,57,NA,NA,NA,NA,TRUE
consultations,2020-W40,week,CH,country,all,agegroup_ili_ari,male,5809.6,86294.5,4837.5,134.42,2.4,NA,43,NA,NA,NA,NA,TRUE
consultations,2020-W41,week,CH,country,all,agegroup_ili_ari,female,5872.1,80690.7,4275.9,133.84,2.53,NA,49.6,NA,NA,NA,NA,TRUE
consultations,2020-W41,week,CH,country,all,agegroup_ili_ari,male,5962.2,79736.9,3960.1,137.95,2.78,NA,50.4,NA,NA,NA,NA,TRUE
consultations,2020-W42,week,CH,country,all,agegroup_ili_ari,female,10641.2,92766.3,5349.4,242.54,4.21,NA,54.6,NA,NA,NA,NA,TRUE
consultations,2020-W42,week,CH,country,all,agegroup_ili_ari,male,8861.8,91690.5,4971.6,205.04,3.78,NA,45.4,NA,NA,NA,NA,TRUE
consultations,2020-W43,week,CH,country,all,agegroup_ili_ari,female,16135.1,94354.1,6372.1,367.76,5.45,NA,54.5,NA,NA,NA,NA,TRUE
consultations,2020-W43,week,CH,country,all,agegroup_ili_ari,male,13488.4,93240.8,5875.9,312.09,4.95,NA,45.5,NA,NA,NA,NA,TRUE
consultations,2020-W44,week,CH,country,all,agegroup_ili_ari,female,20147.3,87107.1,6334,459.21,6.32,NA,53,NA,NA,NA,NA,TRUE
consultations,2020-W44,week,CH,country,all,agegroup_ili_ari,male,17863.1,85890.9,5777,413.31,6.15,NA,47,NA,NA,NA,NA,TRUE
consultations,2020-W45,week,CH,country,all,agegroup_ili_ari,female,19302.3,93192.6,6547,439.95,6.26,NA,52.9,NA,NA,NA,NA,TRUE
consultations,2020-W45,week,CH,country,all,agegroup_ili_ari,male,17180.7,92070.8,6027,397.52,6.07,NA,47.1,NA,NA,NA,NA,TRUE
consultations,2020-W46,week,CH,country,all,agegroup_ili_ari,female,16984.9,90408.7,6626.4,387.13,5.28,NA,54.6,NA,NA,NA,NA,TRUE
consultations,2020-W46,week,CH,country,all,agegroup_ili_ari,male,14102.1,89185.1,6087.6,326.29,4.78,NA,45.4,NA,NA,NA,NA,TRUE
consultations,2020-W47,week,CH,country,all,agegroup_ili_ari,female,14354.7,88025.7,6484.3,327.18,4.44,NA,55.7,NA,NA,NA,NA,TRUE
consultations,2020-W47,week,CH,country,all,agegroup_ili_ari,male,11397.9,86834.2,5968.7,263.72,3.84,NA,44.3,NA,NA,NA,NA,TRUE
consultations,2020-W48,week,CH,country,all,agegroup_ili_ari,female,14954,85669.8,6170.1,340.84,4.73,NA,57.1,NA,NA,NA,NA,TRUE
consultations,2020-W48,week,CH,country,all,agegroup_ili_ari,male,11252.7,84499.6,5671.9,260.36,3.88,NA,42.9,NA,NA,NA,NA,TRUE
consultations,2020-W49,week,CH,country,all,agegroup_ili_ari,female,15762.1,86011.2,6289,359.26,4.91,NA,53.6,NA,NA,NA,NA,TRUE
consultations,2020-W49,week,CH,country,all,agegroup_ili_ari,male,13645.7,84882.4,5784,315.73,4.63,NA,46.4,NA,NA,NA,NA,TRUE
consultations,2020-W50,week,CH,country,all,agegroup_ili_ari,female,17476.7,88868.8,6399.5,398.34,5.53,NA,59.2,NA,NA,NA,NA,TRUE
consultations,2020-W50,week,CH,country,all,agegroup_ili_ari,male,12026.7,87683.5,5889.5,278.27,4.14,NA,40.8,NA,NA,NA,NA,TRUE
consultations,2020-W51,week,CH,country,all,agegroup_ili_ari,female,19758.2,89487.4,6930.5,450.34,5.81,NA,58.9,NA,NA,NA,NA,TRUE
consultations,2020-W51,week,CH,country,all,agegroup_ili_ari,male,13810.8,88249.7,6368.5,319.55,4.43,NA,41.1,NA,NA,NA,NA,TRUE
consultations,2020-W52,week,CH,country,all,agegroup_ili_ari,female,10643.4,73376.3,3861.1,242.59,4.61,NA,56,NA,NA,NA,NA,TRUE
consultations,2020-W52,week,CH,country,all,agegroup_ili_ari,male,8349.2,72469.5,3581.9,193.18,3.91,NA,44,NA,NA,NA,NA,TRUE
consultations,2020-W53,week,CH,country,all,agegroup_ili_ari,female,8065.8,71256.4,2435.3,183.84,5.38,NA,60.3,NA,NA,NA,NA,TRUE
consultations,2020-W53,week,CH,country,all,agegroup_ili_ari,male,5315.2,69931.6,2204.7,122.98,3.9,NA,39.7,NA,NA,NA,NA,TRUE
consultations,2021-W01,week,CH,country,all,agegroup_ili_ari,female,8707.3,124380.6,5433.1,196.98,4.51,NA,54.8,NA,NA,NA,NA,TRUE
consultations,2021-W01,week,CH,country,all,agegroup_ili_ari,male,7194.1,122961.1,4901.9,165.09,4.14,NA,45.2,NA,NA,NA,NA,TRUE
consultations,2021-W02,week,CH,country,all,agegroup_ili_ari,female,9896.4,88886.6,6438,223.88,3.09,NA,53.3,NA,NA,NA,NA,TRUE
consultations,2021-W02,week,CH,country,all,agegroup_ili_ari,male,8677.1,87885.6,5821,199.12,3.01,NA,46.7,NA,NA,NA,NA,TRUE
consultations,2021-W03,week,CH,country,all,agegroup_ili_ari,female,10372.5,87791.3,6440.2,234.65,3.2,NA,52.7,NA,NA,NA,NA,TRUE
consultations,2021-W03,week,CH,country,all,agegroup_ili_ari,male,9321.6,86950.6,5848.8,213.91,3.18,NA,47.3,NA,NA,NA,NA,TRUE
consultations,2021-W04,week,CH,country,all,agegroup_ili_ari,female,10494.5,88455.6,6359.4,237.41,3.3,NA,54.5,NA,NA,NA,NA,TRUE
consultations,2021-W04,week,CH,country,all,agegroup_ili_ari,male,8773.8,87413.1,5753.6,201.34,3.06,NA,45.5,NA,NA,NA,NA,TRUE
consultations,2021-W05,week,CH,country,all,agegroup_ili_ari,female,9531.3,89971.9,6308,215.62,3.08,NA,53,NA,NA,NA,NA,TRUE
consultations,2021-W05,week,CH,country,all,agegroup_ili_ari,male,8458.7,89122.9,5741,194.11,3.01,NA,47,NA,NA,NA,NA,TRUE
consultations,2021-W06,week,CH,country,all,agegroup_ili_ari,female,8201.2,81388.5,5703.3,185.53,2.65,NA,47,NA,NA,NA,NA,TRUE
consultations,2021-W06,week,CH,country,all,agegroup_ili_ari,male,9260.1,80471.1,5178.7,212.5,3.3,NA,53,NA,NA,NA,NA,TRUE
consultations,2021-W07,week,CH,country,all,agegroup_ili_ari,female,7811.7,85444.5,5812.4,176.72,2.6,NA,54,NA,NA,NA,NA,TRUE
consultations,2021-W07,week,CH,country,all,agegroup_ili_ari,male,6653.8,84483.2,5256.6,152.69,2.45,NA,46,NA,NA,NA,NA,TRUE
consultations,2021-W08,week,CH,country,all,agegroup_ili_ari,female,7856.8,89457.2,6131.7,177.74,2.59,NA,58.5,NA,NA,NA,NA,TRUE
consultations,2021-W08,week,CH,country,all,agegroup_ili_ari,male,5562.2,88529,5550.3,127.64,2.04,NA,41.5,NA,NA,NA,NA,TRUE
consultations,2021-W09,week,CH,country,all,agegroup_ili_ari,female,7201.3,94533,6313,162.91,2.44,NA,51.6,NA,NA,NA,NA,TRUE
consultations,2021-W09,week,CH,country,all,agegroup_ili_ari,male,6744.4,93690.2,5743,154.77,2.52,NA,48.4,NA,NA,NA,NA,TRUE
consultations,2021-W10,week,CH,country,all,agegroup_ili_ari,female,8430.1,95431.5,6520.4,190.71,2.79,NA,50.9,NA,NA,NA,NA,TRUE
consultations,2021-W10,week,CH,country,all,agegroup_ili_ari,male,8121.9,94430.9,5902.6,186.38,2.98,NA,49.1,NA,NA,NA,NA,TRUE
consultations,2021-W11,week,CH,country,all,agegroup_ili_ari,female,9733.3,89013.6,6307.3,220.19,3.11,NA,51,NA,NA,NA,NA,TRUE
consultations,2021-W11,week,CH,country,all,agegroup_ili_ari,male,9353.4,88052.5,5725.7,214.64,3.3,NA,49,NA,NA,NA,NA,TRUE
consultations,2021-W12,week,CH,country,all,agegroup_ili_ari,female,10292.9,96200.5,6596.7,232.85,3.4,NA,51.5,NA,NA,NA,NA,TRUE
consultations,2021-W12,week,CH,country,all,agegroup_ili_ari,male,9706.8,95173.2,5986.3,222.75,3.54,NA,48.5,NA,NA,NA,NA,TRUE
consultations,2021-W13,week,CH,country,all,agegroup_ili_ari,female,8343.5,88476,5696.3,188.75,2.93,NA,53.2,NA,NA,NA,NA,TRUE
consultations,2021-W13,week,CH,country,all,agegroup_ili_ari,male,7350.6,87737.9,5176.7,168.68,2.86,NA,46.8,NA,NA,NA,NA,TRUE
consultations,2021-W14,week,CH,country,all,agegroup_ili_ari,female,8821.4,74164.1,4546.9,199.56,3.25,NA,51.8,NA,NA,NA,NA,TRUE
consultations,2021-W14,week,CH,country,all,agegroup_ili_ari,male,8223.8,73653.2,4137.1,188.72,3.36,NA,48.2,NA,NA,NA,NA,TRUE
consultations,2021-W15,week,CH,country,all,agegroup_ili_ari,female,6338.4,96935.9,5899.6,143.39,2.36,NA,50.6,NA,NA,NA,NA,TRUE
consultations,2021-W15,week,CH,country,all,agegroup_ili_ari,male,6181.8,96571.8,5407.4,141.86,2.53,NA,49.4,NA,NA,NA,NA,TRUE
consultations,2021-W16,week,CH,country,all,agegroup_ili_ari,female,6018.8,112370.4,6495.9,136.16,2.36,NA,57.2,NA,NA,NA,NA,TRUE
consultations,2021-W16,week,CH,country,all,agegroup_ili_ari,male,4497.1,111431,5890.1,103.2,1.95,NA,42.8,NA,NA,NA,NA,TRUE
consultations,2021-W17,week,CH,country,all,agegroup_ili_ari,female,5284.6,107905.2,6502.5,119.55,1.98,NA,53,NA,NA,NA,NA,TRUE
consultations,2021-W17,week,CH,country,all,agegroup_ili_ari,male,4692.8,106790.4,5880.5,107.69,1.96,NA,47,NA,NA,NA,NA,TRUE
consultations,2021-W18,week,CH,country,all,agegroup_ili_ari,female,4518.5,110542.7,6696.6,102.22,1.69,NA,48.2,NA,NA,NA,NA,TRUE
consultations,2021-W18,week,CH,country,all,agegroup_ili_ari,male,4854.9,109507.2,6073.4,111.41,2.01,NA,51.8,NA,NA,NA,NA,TRUE
consultations,2021-W19,week,CH,country,all,agegroup_ili_ari,female,5868.1,88887.1,5685,132.75,2.08,NA,53,NA,NA,NA,NA,TRUE
consultations,2021-W19,week,CH,country,all,agegroup_ili_ari,male,5200,87990,5144,119.33,2.04,NA,47,NA,NA,NA,NA,TRUE
consultations,2021-W20,week,CH,country,all,agegroup_ili_ari,female,4739.1,104469.4,6690.3,107.21,1.67,NA,48.4,NA,NA,NA,NA,TRUE
consultations,2021-W20,week,CH,country,all,agegroup_ili_ari,male,5047.5,103601.9,6091.7,115.83,1.97,NA,51.6,NA,NA,NA,NA,TRUE
consultations,2021-W21,week,CH,country,all,agegroup_ili_ari,female,3473.1,91635.7,5608.8,78.57,1.28,NA,48.4,NA,NA,NA,NA,TRUE
consultations,2021-W21,week,CH,country,all,agegroup_ili_ari,male,3702.7,90615.4,5074.2,84.97,1.52,NA,51.6,NA,NA,NA,NA,TRUE
consultations,2021-W22,week,CH,country,all,agegroup_ili_ari,female,3825.9,110922.1,6864.1,86.55,1.4,NA,54.9,NA,NA,NA,NA,TRUE
consultations,2021-W22,week,CH,country,all,agegroup_ili_ari,male,3138,109703,6203.9,72.01,1.27,NA,45.1,NA,NA,NA,NA,TRUE
consultations,2021-W23,week,CH,country,all,agegroup_ili_ari,female,2528.5,108383.4,7067.9,57.2,0.88,NA,49.7,NA,NA,NA,NA,TRUE
consultations,2021-W23,week,CH,country,all,agegroup_ili_ari,male,2560.1,107230.9,6386.1,58.75,0.99,NA,50.3,NA,NA,NA,NA,TRUE
consultations,2021-W24,week,CH,country,all,agegroup_ili_ari,female,2637.7,112291.2,7111.2,59.67,0.94,NA,50.5,NA,NA,NA,NA,TRUE
consultations,2021-W24,week,CH,country,all,agegroup_ili_ari,male,2582.4,111365.1,6473.8,59.26,1.02,NA,49.5,NA,NA,NA,NA,TRUE
consultations,2021-W25,week,CH,country,all,agegroup_ili_ari,female,2380.8,105834.8,6723.8,53.86,0.85,NA,50.1,NA,NA,NA,NA,TRUE
consultations,2021-W25,week,CH,country,all,agegroup_ili_ari,male,2368.4,104875.1,6099.2,54.35,0.93,NA,49.9,NA,NA,NA,NA,TRUE
consultations,2021-W26,week,CH,country,all,agegroup_ili_ari,female,2443.2,95894.6,6113.3,55.27,0.87,NA,52.1,NA,NA,NA,NA,TRUE
consultations,2021-W26,week,CH,country,all,agegroup_ili_ari,male,2243.3,95190.2,5578.7,51.48,0.88,NA,47.9,NA,NA,NA,NA,TRUE
consultations,2021-W27,week,CH,country,all,agegroup_ili_ari,female,2830.8,98368.4,6069.1,64.04,1.04,NA,52.3,NA,NA,NA,NA,TRUE
consultations,2021-W27,week,CH,country,all,agegroup_ili_ari,male,2585,97773.8,5543.9,59.32,1.05,NA,47.7,NA,NA,NA,NA,TRUE
consultations,2021-W28,week,CH,country,all,agegroup_ili_ari,female,3811.3,96270.5,5392.3,86.22,1.54,NA,50.8,NA,NA,NA,NA,TRUE
consultations,2021-W28,week,CH,country,all,agegroup_ili_ari,male,3685.7,95766.1,4921.7,84.58,1.65,NA,49.2,NA,NA,NA,NA,TRUE
consultations,2021-W29,week,CH,country,all,agegroup_ili_ari,female,3044.8,95823.5,4777.7,68.88,1.38,NA,53,NA,NA,NA,NA,TRUE
consultations,2021-W29,week,CH,country,all,agegroup_ili_ari,male,2698.3,95284.6,4346.3,61.92,1.36,NA,47,NA,NA,NA,NA,TRUE
consultations,2021-W30,week,CH,country,all,agegroup_ili_ari,female,1353.1,94750,4071.6,30.61,0.71,NA,38.8,NA,NA,NA,NA,TRUE
consultations,2021-W30,week,CH,country,all,agegroup_ili_ari,male,2138.3,93742,3666.4,49.07,1.25,NA,61.2,NA,NA,NA,NA,TRUE
consultations,2021-W31,week,CH,country,all,agegroup_ili_ari,female,1801.8,117762.7,4151.7,40.76,1.16,NA,49.1,NA,NA,NA,NA,TRUE
consultations,2021-W31,week,CH,country,all,agegroup_ili_ari,male,1864.2,116882.2,3732.3,42.78,1.34,NA,50.9,NA,NA,NA,NA,TRUE
consultations,2021-W32,week,CH,country,all,agegroup_ili_ari,female,3552.7,102030.8,4807.3,80.37,1.71,NA,49.3,NA,NA,NA,NA,TRUE
consultations,2021-W32,week,CH,country,all,agegroup_ili_ari,male,3659.6,101212.6,4346.7,83.98,1.96,NA,50.7,NA,NA,NA,NA,TRUE
consultations,2021-W33,week,CH,country,all,agegroup_ili_ari,female,5500.7,110094.3,5951.2,124.44,2.3,NA,49.8,NA,NA,NA,NA,TRUE
consultations,2021-W33,week,CH,country,all,agegroup_ili_ari,male,5535.1,109427.8,5418.8,127.02,2.57,NA,50.2,NA,NA,NA,NA,TRUE
consultations,2021-W34,week,CH,country,all,agegroup_ili_ari,female,6610.7,99631.5,6181.7,149.55,2.41,NA,48.4,NA,NA,NA,NA,TRUE
consultations,2021-W34,week,CH,country,all,agegroup_ili_ari,male,7054.7,98832.9,5607.3,161.89,2.85,NA,51.6,NA,NA,NA,NA,TRUE
consultations,2021-W35,week,CH,country,all,agegroup_ili_ari,female,7564.6,97001.5,6071.1,171.13,2.73,NA,50.8,NA,NA,NA,NA,TRUE
consultations,2021-W35,week,CH,country,all,agegroup_ili_ari,male,7314.8,96509.1,5552.9,167.86,2.92,NA,49.2,NA,NA,NA,NA,TRUE
consultations,2021-W36,week,CH,country,all,agegroup_ili_ari,female,9277.1,98631.5,6099.7,209.87,3.39,NA,54.2,NA,NA,NA,NA,TRUE
consultations,2021-W36,week,CH,country,all,agegroup_ili_ari,male,7841.7,97802.2,5545.3,179.95,3.17,NA,45.8,NA,NA,NA,NA,TRUE
consultations,2021-W37,week,CH,country,all,agegroup_ili_ari,female,8265.7,106955.5,6811.8,186.99,2.94,NA,50.5,NA,NA,NA,NA,TRUE
consultations,2021-W37,week,CH,country,all,agegroup_ili_ari,male,8105.3,105916.6,6176.2,186,3.19,NA,49.5,NA,NA,NA,NA,TRUE
consultations,2021-W38,week,CH,country,all,agegroup_ili_ari,female,5861.5,105584.1,6647.2,132.6,2.11,NA,47.6,NA,NA,NA,NA,TRUE
consultations,2021-W38,week,CH,country,all,agegroup_ili_ari,male,6448.1,104751.1,6037.8,147.97,2.57,NA,52.4,NA,NA,NA,NA,TRUE
consultations,2021-W39,week,CH,country,all,agegroup_ili_ari,female,6244.7,101227.4,6381.5,141.27,2.24,NA,60.5,NA,NA,NA,NA,TRUE
consultations,2021-W39,week,CH,country,all,agegroup_ili_ari,male,4074,100548,5814.5,93.49,1.62,NA,39.5,NA,NA,NA,NA,TRUE
consultations,2021-W40,week,CH,country,all,agegroup_ili_ari,female,4616.2,98626.3,5612.8,104.43,1.84,NA,48.5,NA,NA,NA,NA,TRUE
consultations,2021-W40,week,CH,country,all,agegroup_ili_ari,male,4901.5,97797.5,5085.2,112.48,2.16,NA,51.5,NA,NA,NA,NA,TRUE
consultations,2021-W41,week,CH,country,all,agegroup_ili_ari,female,4078.7,95369.9,4825.3,92.27,1.82,NA,52.8,NA,NA,NA,NA,TRUE
consultations,2021-W41,week,CH,country,all,agegroup_ili_ari,male,3650.4,94304.5,4357.7,83.77,1.81,NA,47.2,NA,NA,NA,NA,TRUE
consultations,2021-W42,week,CH,country,all,agegroup_ili_ari,female,4818.2,101838.2,5846.4,109,1.9,NA,51.8,NA,NA,NA,NA,TRUE
consultations,2021-W42,week,CH,country,all,agegroup_ili_ari,male,4483.2,101089,5351.6,102.88,1.94,NA,48.2,NA,NA,NA,NA,TRUE
consultations,2021-W43,week,CH,country,all,agegroup_ili_ari,female,7348.5,99256.1,6651.3,166.24,2.48,NA,55,NA,NA,NA,NA,TRUE
consultations,2021-W43,week,CH,country,all,agegroup_ili_ari,male,6021.9,98416,6018.7,138.19,2.26,NA,45,NA,NA,NA,NA,TRUE
consultations,2021-W44,week,CH,country,all,agegroup_ili_ari,female,8142.4,100976.8,6552.7,184.2,2.84,NA,52.4,NA,NA,NA,NA,TRUE
consultations,2021-W44,week,CH,country,all,agegroup_ili_ari,male,7392.8,100207.4,5950.3,169.65,2.86,NA,47.6,NA,NA,NA,NA,TRUE
consultations,2021-W45,week,CH,country,all,agegroup_ili_ari,female,9638.2,100442.2,7001.2,218.04,3.13,NA,48.7,NA,NA,NA,NA,TRUE
consultations,2021-W45,week,CH,country,all,agegroup_ili_ari,male,10144.3,99659.3,6363.8,232.79,3.65,NA,51.3,NA,NA,NA,NA,TRUE
consultations,2021-W46,week,CH,country,all,agegroup_ili_ari,female,11861.3,103232.5,7189.5,268.33,3.85,NA,51,NA,NA,NA,NA,TRUE
consultations,2021-W46,week,CH,country,all,agegroup_ili_ari,male,11394.9,102491.4,6560.5,261.49,4.09,NA,49,NA,NA,NA,NA,TRUE
consultations,2021-W47,week,CH,country,all,agegroup_ili_ari,female,15837.9,103268.2,7144.7,358.29,5.18,NA,50.7,NA,NA,NA,NA,TRUE
consultations,2021-W47,week,CH,country,all,agegroup_ili_ari,male,15418,102598.3,6538.3,353.81,5.55,NA,49.3,NA,NA,NA,NA,TRUE
consultations,2021-W48,week,CH,country,all,agegroup_ili_ari,female,18353.5,105010.3,7193.9,415.2,6.06,NA,51.1,NA,NA,NA,NA,TRUE
consultations,2021-W48,week,CH,country,all,agegroup_ili_ari,male,17565.4,104194.7,6576.1,403.09,6.39,NA,48.9,NA,NA,NA,NA,TRUE
consultations,2021-W49,week,CH,country,all,agegroup_ili_ari,female,16687.9,107015,7495,377.52,5.39,NA,51.7,NA,NA,NA,NA,TRUE
consultations,2021-W49,week,CH,country,all,agegroup_ili_ari,male,15611.5,106072.1,6830,358.25,5.56,NA,48.3,NA,NA,NA,NA,TRUE
consultations,2021-W50,week,CH,country,all,agegroup_ili_ari,female,14739.4,108266.1,7845.5,333.44,4.6,NA,50.8,NA,NA,NA,NA,TRUE
consultations,2021-W50,week,CH,country,all,agegroup_ili_ari,male,14281.5,107100.4,7122.5,327.73,4.93,NA,49.2,NA,NA,NA,NA,TRUE
consultations,2021-W51,week,CH,country,all,agegroup_ili_ari,female,15221.2,74345.5,5373.7,344.34,4.76,NA,52.6,NA,NA,NA,NA,TRUE
consultations,2021-W51,week,CH,country,all,agegroup_ili_ari,male,13715.9,73710.2,4903.3,314.75,4.73,NA,47.4,NA,NA,NA,NA,TRUE
consultations,2021-W52,week,CH,country,all,agegroup_ili_ari,female,11325.1,93675.3,3027.5,256.2,7.93,NA,54.1,NA,NA,NA,NA,TRUE
consultations,2021-W52,week,CH,country,all,agegroup_ili_ari,male,9623.5,92374.5,2713.5,220.84,7.52,NA,45.9,NA,NA,NA,NA,TRUE
consultations,2022-W01,week,CH,country,all,agegroup_ili_ari,female,15238,132451.5,5468.2,342.01,8.28,NA,53,NA,NA,NA,NA,TRUE
consultations,2022-W01,week,CH,country,all,agegroup_ili_ari,male,13486.7,130816.8,4901.8,306.54,8.18,NA,47,NA,NA,NA,NA,TRUE
consultations,2022-W02,week,CH,country,all,agegroup_ili_ari,female,24041.9,101740.2,7013.6,539.61,7.83,NA,54,NA,NA,NA,NA,TRUE
consultations,2022-W02,week,CH,country,all,agegroup_ili_ari,male,20463.6,100620,6333.4,465.12,7.39,NA,46,NA,NA,NA,NA,TRUE
consultations,2022-W03,week,CH,country,all,agegroup_ili_ari,female,23824.5,95000.6,6635.7,534.73,7.66,NA,50.8,NA,NA,NA,NA,TRUE
consultations,2022-W03,week,CH,country,all,agegroup_ili_ari,male,23090.6,94126.4,6029.3,524.83,8.19,NA,49.2,NA,NA,NA,NA,TRUE
consultations,2022-W04,week,CH,country,all,agegroup_ili_ari,female,23011.8,98550.5,6749.7,516.49,7.54,NA,52.2,NA,NA,NA,NA,TRUE
consultations,2022-W04,week,CH,country,all,agegroup_ili_ari,male,21080.9,97464.5,6089.3,479.15,7.67,NA,47.8,NA,NA,NA,NA,TRUE
consultations,2022-W05,week,CH,country,all,agegroup_ili_ari,female,19705.4,93380,6253.2,442.28,6.6,NA,52.8,NA,NA,NA,NA,TRUE
consultations,2022-W05,week,CH,country,all,agegroup_ili_ari,male,17600.3,92491.3,5677.8,400.04,6.52,NA,47.2,NA,NA,NA,NA,TRUE
consultations,2022-W06,week,CH,country,all,agegroup_ili_ari,female,14987.6,94235.1,6224.8,336.39,5.09,NA,52.6,NA,NA,NA,NA,TRUE
consultations,2022-W06,week,CH,country,all,agegroup_ili_ari,male,13495.9,93234.6,5635.2,306.75,5.08,NA,47.4,NA,NA,NA,NA,TRUE
consultations,2022-W07,week,CH,country,all,agegroup_ili_ari,female,12093.3,96158,6230.9,271.43,4.19,NA,53.6,NA,NA,NA,NA,TRUE
consultations,2022-W07,week,CH,country,all,agegroup_ili_ari,male,10485.2,95248.5,5678.1,238.32,4,NA,46.4,NA,NA,NA,NA,TRUE
consultations,2022-W08,week,CH,country,all,agegroup_ili_ari,female,10053.7,89074.5,5824.5,225.65,3.45,NA,54.1,NA,NA,NA,NA,TRUE
consultations,2022-W08,week,CH,country,all,agegroup_ili_ari,male,8544.5,88050.5,5244.5,194.21,3.26,NA,45.9,NA,NA,NA,NA,TRUE
consultations,2022-W09,week,CH,country,all,agegroup_ili_ari,female,13125.2,88596.8,5633.1,294.59,4.63,NA,53,NA,NA,NA,NA,TRUE
consultations,2022-W09,week,CH,country,all,agegroup_ili_ari,male,11624.7,87807.2,5094.9,264.22,4.55,NA,47,NA,NA,NA,NA,TRUE
consultations,2022-W10,week,CH,country,all,agegroup_ili_ari,female,15921.4,99062.3,6430.8,357.35,5.5,NA,50.9,NA,NA,NA,NA,TRUE
consultations,2022-W10,week,CH,country,all,agegroup_ili_ari,male,15355.2,97992.4,5797.2,349.01,5.9,NA,49.1,NA,NA,NA,NA,TRUE
consultations,2022-W11,week,CH,country,all,agegroup_ili_ari,female,17880.1,98428.1,6655.5,401.31,5.93,NA,53.4,NA,NA,NA,NA,TRUE
consultations,2022-W11,week,CH,country,all,agegroup_ili_ari,male,15576,97450.7,6010.5,354.03,5.74,NA,46.6,NA,NA,NA,NA,TRUE
consultations,2022-W12,week,CH,country,all,agegroup_ili_ari,female,16068.9,98986.4,6439.9,360.66,5.54,NA,55.6,NA,NA,NA,NA,TRUE
consultations,2022-W12,week,CH,country,all,agegroup_ili_ari,male,12839.9,98000.3,5811.1,291.84,4.92,NA,44.4,NA,NA,NA,NA,TRUE
consultations,2022-W13,week,CH,country,all,agegroup_ili_ari,female,10902.9,111151.2,6822.8,244.71,3.99,NA,53.9,NA,NA,NA,NA,TRUE
consultations,2022-W13,week,CH,country,all,agegroup_ili_ari,male,9335.2,110283.3,6196.2,212.18,3.78,NA,46.1,NA,NA,NA,NA,TRUE
consultations,2022-W14,week,CH,country,all,agegroup_ili_ari,female,7858,108861,6453.1,176.37,2.98,NA,60.3,NA,NA,NA,NA,TRUE
consultations,2022-W14,week,CH,country,all,agegroup_ili_ari,male,5177.1,107929.5,5867.9,117.67,2.16,NA,39.7,NA,NA,NA,NA,TRUE
consultations,2022-W15,week,CH,country,all,agegroup_ili_ari,female,7472.2,84669.4,4943.8,167.71,2.87,NA,53.9,NA,NA,NA,NA,TRUE
consultations,2022-W15,week,CH,country,all,agegroup_ili_ari,male,6391.4,83981.9,4480.2,145.27,2.72,NA,46.1,NA,NA,NA,NA,TRUE
consultations,2022-W16,week,CH,country,all,agegroup_ili_ari,female,5441.9,68772.8,3717.7,122.14,2.26,NA,52.1,NA,NA,NA,NA,TRUE
consultations,2022-W16,week,CH,country,all,agegroup_ili_ari,male,5010.8,68487.8,3401.3,113.89,2.29,NA,47.9,NA,NA,NA,NA,TRUE
consultations,2022-W17,week,CH,country,all,agegroup_ili_ari,female,3673,99468.8,5666.6,82.44,1.45,NA,48.4,NA,NA,NA,NA,TRUE
consultations,2022-W17,week,CH,country,all,agegroup_ili_ari,male,3920.1,98765.3,5169.4,89.1,1.7,NA,51.6,NA,NA,NA,NA,TRUE
consultations,2022-W18,week,CH,country,all,agegroup_ili_ari,female,3942.6,102836.5,5918.1,88.49,1.54,NA,56.6,NA,NA,NA,NA,TRUE
consultations,2022-W18,week,CH,country,all,agegroup_ili_ari,male,3021.2,101941,5350.9,68.67,1.31,NA,43.4,NA,NA,NA,NA,TRUE
consultations,2022-W19,week,CH,country,all,agegroup_ili_ari,female,3437.4,99801.6,6073.6,77.15,1.27,NA,57.1,NA,NA,NA,NA,TRUE
consultations,2022-W19,week,CH,country,all,agegroup_ili_ari,male,2583,98791.1,5472.4,58.71,1.06,NA,42.9,NA,NA,NA,NA,TRUE
consultations,2022-W20,week,CH,country,all,agegroup_ili_ari,female,3694,103733.2,6317.9,82.91,1.36,NA,57.4,NA,NA,NA,NA,TRUE
consultations,2022-W20,week,CH,country,all,agegroup_ili_ari,male,2736.1,102914.2,5742.1,62.19,1.11,NA,42.6,NA,NA,NA,NA,TRUE
consultations,2022-W21,week,CH,country,all,agegroup_ili_ari,female,2203.7,82896.9,4829.2,49.46,0.85,NA,49.5,NA,NA,NA,NA,TRUE
consultations,2022-W21,week,CH,country,all,agegroup_ili_ari,male,2244.3,82331.7,4392.8,51.01,0.96,NA,50.5,NA,NA,NA,NA,TRUE
consultations,2022-W22,week,CH,country,all,agegroup_ili_ari,female,2736.1,100954.4,5949.4,61.41,1.04,NA,50.1,NA,NA,NA,NA,TRUE
consultations,2022-W22,week,CH,country,all,agegroup_ili_ari,male,2725.6,100082.5,5404.6,61.95,1.15,NA,49.9,NA,NA,NA,NA,TRUE
consultations,2022-W23,week,CH,country,all,agegroup_ili_ari,female,4742.4,82675.6,5130.9,106.44,1.72,NA,57.6,NA,NA,NA,NA,TRUE
consultations,2022-W23,week,CH,country,all,agegroup_ili_ari,male,3496.8,81776.5,4635.1,79.48,1.4,NA,42.4,NA,NA,NA,NA,TRUE
consultations,2022-W24,week,CH,country,all,agegroup_ili_ari,female,4167.2,100498.2,6106.6,93.53,1.54,NA,47.3,NA,NA,NA,NA,TRUE
consultations,2022-W24,week,CH,country,all,agegroup_ili_ari,male,4639,99581.8,5532.4,105.44,1.9,NA,52.7,NA,NA,NA,NA,TRUE
consultations,2022-W25,week,CH,country,all,agegroup_ili_ari,female,5768.4,104269.4,6319.4,129.47,2.14,NA,51.8,NA,NA,NA,NA,TRUE
consultations,2022-W25,week,CH,country,all,agegroup_ili_ari,male,5357.4,103473.6,5739.6,121.77,2.2,NA,48.2,NA,NA,NA,NA,TRUE
consultations,2022-W26,week,CH,country,all,agegroup_ili_ari,female,6435,96931.4,5892.2,144.43,2.38,NA,48.4,NA,NA,NA,NA,TRUE
consultations,2022-W26,week,CH,country,all,agegroup_ili_ari,male,6856,96257,5387.8,155.83,2.78,NA,51.6,NA,NA,NA,NA,TRUE
consultations,2022-W27,week,CH,country,all,agegroup_ili_ari,female,7600.1,88520.5,5189.3,170.58,2.91,NA,59.5,NA,NA,NA,NA,TRUE
consultations,2022-W27,week,CH,country,all,agegroup_ili_ari,male,5169.6,87661.8,4687.7,117.5,2.2,NA,40.5,NA,NA,NA,NA,TRUE
consultations,2022-W28,week,CH,country,all,agegroup_ili_ari,female,6786.1,87976.2,4710.1,152.31,2.84,NA,52.2,NA,NA,NA,NA,TRUE
consultations,2022-W28,week,CH,country,all,agegroup_ili_ari,male,6207.5,87176.4,4216.9,141.09,2.92,NA,47.8,NA,NA,NA,NA,TRUE
consultations,2022-W29,week,CH,country,all,agegroup_ili_ari,female,5897.6,102740.4,4935.9,132.37,2.76,NA,51.9,NA,NA,NA,NA,TRUE
consultations,2022-W29,week,CH,country,all,agegroup_ili_ari,male,5461.3,101508.2,4387.1,124.13,2.87,NA,48.1,NA,NA,NA,NA,TRUE
consultations,2022-W30,week,CH,country,all,agegroup_ili_ari,female,5022.2,103793.1,4225.8,112.72,2.77,NA,58,NA,NA,NA,NA,TRUE
consultations,2022-W30,week,CH,country,all,agegroup_ili_ari,male,3637.6,102800.3,3817.2,82.68,2.23,NA,42,NA,NA,NA,NA,TRUE
consultations,2022-W31,week,CH,country,all,agegroup_ili_ari,female,3302.4,102533.5,3332,74.12,2.28,NA,57,NA,NA,NA,NA,TRUE
consultations,2022-W31,week,CH,country,all,agegroup_ili_ari,male,2495.5,102256,3068,56.72,1.89,NA,43,NA,NA,NA,NA,TRUE
consultations,2022-W32,week,CH,country,all,agegroup_ili_ari,female,4680.4,107567.4,4777.4,105.05,2.37,NA,58.4,NA,NA,NA,NA,TRUE
consultations,2022-W32,week,CH,country,all,agegroup_ili_ari,male,3331.4,106966.7,4353.6,75.72,1.86,NA,41.6,NA,NA,NA,NA,TRUE
consultations,2022-W33,week,CH,country,all,agegroup_ili_ari,female,4364.1,105152.6,5447.2,97.95,1.89,NA,54.6,NA,NA,NA,NA,TRUE
consultations,2022-W33,week,CH,country,all,agegroup_ili_ari,male,3630.1,104230.2,4913.8,82.51,1.75,NA,45.4,NA,NA,NA,NA,TRUE
consultations,2022-W34,week,CH,country,all,agegroup_ili_ari,female,4478.1,98493,5819.4,100.51,1.7,NA,62,NA,NA,NA,NA,TRUE
consultations,2022-W34,week,CH,country,all,agegroup_ili_ari,male,2748,97664.6,5268.6,62.46,1.16,NA,38,NA,NA,NA,NA,TRUE
consultations,2022-W35,week,CH,country,all,agegroup_ili_ari,female,4834.1,95849,5742.6,108.5,1.81,NA,52.3,NA,NA,NA,NA,TRUE
consultations,2022-W35,week,CH,country,all,agegroup_ili_ari,male,4400.1,94987.1,5185.4,100.01,1.83,NA,47.7,NA,NA,NA,NA,TRUE
consultations,2022-W36,week,CH,country,all,agegroup_ili_ari,female,3804,96038.2,5647.8,85.38,1.45,NA,49.5,NA,NA,NA,NA,TRUE
consultations,2022-W36,week,CH,country,all,agegroup_ili_ari,male,3884.9,95129.5,5089.2,88.3,1.65,NA,50.5,NA,NA,NA,NA,TRUE
consultations,2022-W37,week,CH,country,all,agegroup_ili_ari,female,5539,100545.6,6047.8,124.32,2.07,NA,53.5,NA,NA,NA,NA,TRUE
consultations,2022-W37,week,CH,country,all,agegroup_ili_ari,male,4812.8,99643,5474.2,109.39,1.99,NA,46.5,NA,NA,NA,NA,TRUE
consultations,2022-W38,week,CH,country,all,agegroup_ili_ari,female,5789.4,96967.3,5814.9,129.94,2.17,NA,53,NA,NA,NA,NA,TRUE
consultations,2022-W38,week,CH,country,all,agegroup_ili_ari,male,5126,96132.9,5253.1,116.51,2.13,NA,47,NA,NA,NA,NA,TRUE
consultations,2022-W39,week,CH,country,all,agegroup_ili_ari,female,7129.6,91865.1,5538.2,160.02,2.65,NA,56.8,NA,NA,NA,NA,TRUE
consultations,2022-W39,week,CH,country,all,agegroup_ili_ari,male,5413.8,91019.7,4989.8,123.05,2.24,NA,43.2,NA,NA,NA,NA,TRUE
consultations,2022-W40,week,CH,country,all,agegroup_ili_ari,female,7613.9,87776.9,4741,170.89,3.16,NA,54,NA,NA,NA,NA,TRUE
consultations,2022-W40,week,CH,country,all,agegroup_ili_ari,male,6494.3,87395.3,4306,147.61,3,NA,46,NA,NA,NA,NA,TRUE
consultations,2022-W41,week,CH,country,all,agegroup_ili_ari,female,6205.5,94774.3,4554.6,139.28,2.9,NA,53.4,NA,NA,NA,NA,TRUE
consultations,2022-W41,week,CH,country,all,agegroup_ili_ari,male,5424.3,94084,4164.4,123.29,2.79,NA,46.6,NA,NA,NA,NA,TRUE
consultations,2022-W42,week,CH,country,all,agegroup_ili_ari,female,6434.5,99019.4,5402.2,144.42,2.65,NA,51.9,NA,NA,NA,NA,TRUE
consultations,2022-W42,week,CH,country,all,agegroup_ili_ari,male,5954.5,98271.2,4948.8,135.34,2.69,NA,48.1,NA,NA,NA,NA,TRUE
consultations,2022-W43,week,CH,country,all,agegroup_ili_ari,female,5833.9,100044.7,6393,130.94,2.05,NA,52.9,NA,NA,NA,NA,TRUE
consultations,2022-W43,week,CH,country,all,agegroup_ili_ari,male,5189.4,99195.4,5765,117.95,2.03,NA,47.1,NA,NA,NA,NA,TRUE
consultations,2022-W44,week,CH,country,all,agegroup_ili_ari,female,5518.5,99308.9,6187.2,123.86,1.99,NA,50.7,NA,NA,NA,NA,TRUE
consultations,2022-W44,week,CH,country,all,agegroup_ili_ari,male,5364.5,98416.6,5582.8,121.93,2.15,NA,49.3,NA,NA,NA,NA,TRUE
consultations,2022-W45,week,CH,country,all,agegroup_ili_ari,female,6017.9,98464.4,6535.8,135.07,2.03,NA,54.4,NA,NA,NA,NA,TRUE
consultations,2022-W45,week,CH,country,all,agegroup_ili_ari,male,5042.4,97720.8,5934.2,114.61,1.89,NA,45.6,NA,NA,NA,NA,TRUE
consultations,2022-W46,week,CH,country,all,agegroup_ili_ari,female,5518.9,104141.8,6923.6,123.87,1.86,NA,51.5,NA,NA,NA,NA,TRUE
consultations,2022-W46,week,CH,country,all,agegroup_ili_ari,male,5201.3,103194,6264.4,118.22,1.95,NA,48.5,NA,NA,NA,NA,TRUE
consultations,2022-W47,week,CH,country,all,agegroup_ili_ari,female,5902.1,105685.4,6979.1,132.47,2.01,NA,52.9,NA,NA,NA,NA,TRUE
consultations,2022-W47,week,CH,country,all,agegroup_ili_ari,male,5245.7,104840,6346.9,119.23,1.97,NA,47.1,NA,NA,NA,NA,TRUE
consultations,2022-W48,week,CH,country,all,agegroup_ili_ari,female,8108,107151.9,6989.8,181.98,2.79,NA,57.4,NA,NA,NA,NA,TRUE
consultations,2022-W48,week,CH,country,all,agegroup_ili_ari,male,6009.9,106148.1,6348.2,136.6,2.28,NA,42.6,NA,NA,NA,NA,TRUE
consultations,2022-W49,week,CH,country,all,agegroup_ili_ari,female,8545.9,99575.6,6656,191.81,2.87,NA,49.6,NA,NA,NA,NA,TRUE
consultations,2022-W49,week,CH,country,all,agegroup_ili_ari,male,8685.3,98779.9,6059,197.41,3.22,NA,50.4,NA,NA,NA,NA,TRUE
consultations,2022-W50,week,CH,country,all,agegroup_ili_ari,female,10271.1,107145.9,7398.2,230.53,3.34,NA,51.2,NA,NA,NA,NA,TRUE
consultations,2022-W50,week,CH,country,all,agegroup_ili_ari,male,9776.9,106200.7,6726.8,222.22,3.51,NA,48.8,NA,NA,NA,NA,TRUE
consultations,2022-W51,week,CH,country,all,agegroup_ili_ari,female,15635,102302.1,7030,350.92,5.11,NA,54.2,NA,NA,NA,NA,TRUE
consultations,2022-W51,week,CH,country,all,agegroup_ili_ari,male,13227.1,101449.8,6406,300.64,4.76,NA,45.8,NA,NA,NA,NA,TRUE
consultations,2022-W52,week,CH,country,all,agegroup_ili_ari,female,9421.9,92686.4,2786.6,211.47,7.03,NA,57.4,NA,NA,NA,NA,TRUE
consultations,2022-W52,week,CH,country,all,agegroup_ili_ari,male,6987.1,91931.3,2545.4,158.81,5.74,NA,42.6,NA,NA,NA,NA,TRUE
consultations,2023-W01,week,CH,country,all,agegroup_ili_ari,female,6354.1,98406.2,3991.6,140.24,3.46,NA,56.7,NA,NA,NA,NA,TRUE
consultations,2023-W01,week,CH,country,all,agegroup_ili_ari,male,4855,97627.1,3671.4,108.58,2.89,NA,43.3,NA,NA,NA,NA,TRUE
consultations,2023-W02,week,CH,country,all,agegroup_ili_ari,female,6823.5,97608.2,6556.9,150.6,2.24,NA,51.1,NA,NA,NA,NA,TRUE
consultations,2023-W02,week,CH,country,all,agegroup_ili_ari,male,6542.5,96364.8,5967.1,146.32,2.36,NA,48.9,NA,NA,NA,NA,TRUE
consultations,2023-W03,week,CH,country,all,agegroup_ili_ari,female,5423.5,91063.3,6199,119.7,1.76,NA,56.5,NA,NA,NA,NA,TRUE
consultations,2023-W03,week,CH,country,all,agegroup_ili_ari,male,4168.2,90109.8,5668,93.22,1.48,NA,43.5,NA,NA,NA,NA,TRUE
consultations,2023-W04,week,CH,country,all,agegroup_ili_ari,female,4681.3,88078.9,5872.9,103.32,1.55,NA,53.3,NA,NA,NA,NA,TRUE
consultations,2023-W04,week,CH,country,all,agegroup_ili_ari,male,4108.3,87067.5,5362.1,91.88,1.49,NA,46.7,NA,NA,NA,NA,TRUE
consultations,2023-W05,week,CH,country,all,agegroup_ili_ari,female,5042,94354.6,6180.9,111.28,1.7,NA,47.1,NA,NA,NA,NA,TRUE
consultations,2023-W05,week,CH,country,all,agegroup_ili_ari,male,5656.8,93270.1,5658.1,126.51,2.09,NA,52.9,NA,NA,NA,NA,TRUE
consultations,2023-W06,week,CH,country,all,agegroup_ili_ari,female,7221.3,91605,5937,159.38,2.46,NA,53.5,NA,NA,NA,NA,TRUE
consultations,2023-W06,week,CH,country,all,agegroup_ili_ari,male,6279.2,90434.6,5443,140.43,2.33,NA,46.5,NA,NA,NA,NA,TRUE
consultations,2023-W07,week,CH,country,all,agegroup_ili_ari,female,5669.9,95093.9,6030.2,125.14,1.97,NA,51.7,NA,NA,NA,NA,TRUE
consultations,2023-W07,week,CH,country,all,agegroup_ili_ari,male,5287.9,93859.5,5526.8,118.26,2.01,NA,48.3,NA,NA,NA,NA,TRUE
consultations,2023-W08,week,CH,country,all,agegroup_ili_ari,female,6648.2,92684.7,5885.7,146.73,2.31,NA,50.2,NA,NA,NA,NA,TRUE
consultations,2023-W08,week,CH,country,all,agegroup_ili_ari,male,6587.7,91632.5,5402.3,147.33,2.5,NA,49.8,NA,NA,NA,NA,TRUE
consultations,2023-W09,week,CH,country,all,agegroup_ili_ari,female,5764.2,91178.5,5684,127.22,2.04,NA,52.5,NA,NA,NA,NA,TRUE
consultations,2023-W09,week,CH,country,all,agegroup_ili_ari,male,5208.3,90141.6,5170,116.48,2.03,NA,47.5,NA,NA,NA,NA,TRUE
consultations,2023-W10,week,CH,country,all,agegroup_ili_ari,female,6068.7,105270.5,6675.1,133.94,2.11,NA,51.7,NA,NA,NA,NA,TRUE
consultations,2023-W10,week,CH,country,all,agegroup_ili_ari,male,5670.6,104088,6090.9,126.82,2.17,NA,48.3,NA,NA,NA,NA,TRUE
consultations,2023-W11,week,CH,country,all,agegroup_ili_ari,female,4274.4,94343.3,6239.6,94.34,1.43,NA,45.4,NA,NA,NA,NA,TRUE
consultations,2023-W11,week,CH,country,all,agegroup_ili_ari,male,5132.7,93212.5,5696.4,114.79,1.88,NA,54.6,NA,NA,NA,NA,TRUE
consultations,2023-W12,week,CH,country,all,agegroup_ili_ari,female,5101.8,93250.1,5915.7,112.6,1.77,NA,49.1,NA,NA,NA,NA,TRUE
consultations,2023-W12,week,CH,country,all,agegroup_ili_ari,male,5297.7,91995.1,5389.3,118.48,2.02,NA,50.9,NA,NA,NA,NA,TRUE
consultations,2023-W13,week,CH,country,all,agegroup_ili_ari,female,3820,98450.2,5912.4,84.31,1.4,NA,51.3,NA,NA,NA,NA,TRUE
consultations,2023-W13,week,CH,country,all,agegroup_ili_ari,male,3627.2,97384.5,5416.6,81.12,1.46,NA,48.7,NA,NA,NA,NA,TRUE
consultations,2023-W14,week,CH,country,all,agegroup_ili_ari,female,4206.5,86170.4,5007.8,92.84,1.6,NA,58.9,NA,NA,NA,NA,TRUE
consultations,2023-W14,week,CH,country,all,agegroup_ili_ari,male,2935.5,85306.3,4581.2,65.65,1.22,NA,41.1,NA,NA,NA,NA,TRUE
consultations,2023-W15,week,CH,country,all,agegroup_ili_ari,female,2973.2,68572.4,3871.1,65.62,1.16,NA,61.8,NA,NA,NA,NA,TRUE
consultations,2023-W15,week,CH,country,all,agegroup_ili_ari,male,1840.9,68010.5,3532.9,41.17,0.79,NA,38.2,NA,NA,NA,NA,TRUE
consultations,2023-W16,week,CH,country,all,agegroup_ili_ari,female,1974.6,98666.7,5299.6,43.58,0.81,NA,51.9,NA,NA,NA,NA,TRUE
consultations,2023-W16,week,CH,country,all,agegroup_ili_ari,male,1827.5,97877.3,4850.4,40.87,0.82,NA,48.1,NA,NA,NA,NA,TRUE
consultations,2023-W17,week,CH,country,all,agegroup_ili_ari,female,1987.7,104861.1,5842.4,43.87,0.79,NA,47.9,NA,NA,NA,NA,TRUE
consultations,2023-W17,week,CH,country,all,agegroup_ili_ari,male,2158.3,103577.7,5318.6,48.27,0.94,NA,52.1,NA,NA,NA,NA,TRUE
consultations,2023-W18,week,CH,country,all,agegroup_ili_ari,female,1971.4,96536.6,5430.3,43.51,0.77,NA,44.7,NA,NA,NA,NA,TRUE
consultations,2023-W18,week,CH,country,all,agegroup_ili_ari,male,2437.8,95378.1,4969.7,54.52,1.05,NA,55.3,NA,NA,NA,NA,TRUE
consultations,2023-W19,week,CH,country,all,agegroup_ili_ari,female,1910.2,101981.4,6057.1,42.16,0.71,NA,53.1,NA,NA,NA,NA,TRUE
consultations,2023-W19,week,CH,country,all,agegroup_ili_ari,male,1685.7,100786.1,5521.9,37.7,0.69,NA,46.9,NA,NA,NA,NA,TRUE
consultations,2023-W20,week,CH,country,all,agegroup_ili_ari,female,1602.6,73515,4381.1,35.37,0.59,NA,54.2,NA,NA,NA,NA,TRUE
consultations,2023-W20,week,CH,country,all,agegroup_ili_ari,male,1353,72700.1,3998.9,30.26,0.55,NA,45.8,NA,NA,NA,NA,TRUE
consultations,2023-W21,week,CH,country,all,agegroup_ili_ari,female,1859,92612.7,5314.9,41.03,0.71,NA,53.6,NA,NA,NA,NA,TRUE
consultations,2023-W21,week,CH,country,all,agegroup_ili_ari,male,1609.3,91689.7,4862.1,35.99,0.68,NA,46.4,NA,NA,NA,NA,TRUE
consultations,2023-W22,week,CH,country,all,agegroup_ili_ari,female,886.2,86926.7,4999.3,19.56,0.34,NA,51.6,NA,NA,NA,NA,TRUE
consultations,2023-W22,week,CH,country,all,agegroup_ili_ari,male,831.7,86017.5,4585.7,18.6,0.35,NA,48.4,NA,NA,NA,NA,TRUE
consultations,2023-W23,week,CH,country,all,agegroup_ili_ari,female,1383.3,98277.5,5949.8,30.53,0.5,NA,50.1,NA,NA,NA,NA,TRUE
consultations,2023-W23,week,CH,country,all,agegroup_ili_ari,male,1379.4,97236.9,5458.2,30.85,0.55,NA,49.9,NA,NA,NA,NA,TRUE
consultations,2023-W24,week,CH,country,all,agegroup_ili_ari,female,1439.5,103868.2,6136.6,31.77,0.54,NA,68.8,NA,NA,NA,NA,TRUE
consultations,2023-W24,week,CH,country,all,agegroup_ili_ari,male,652.4,102842.5,5622.4,14.59,0.27,NA,31.2,NA,NA,NA,NA,TRUE
consultations,2023-W25,week,CH,country,all,agegroup_ili_ari,female,899.8,95668.1,5642.4,19.86,0.34,NA,52.9,NA,NA,NA,NA,TRUE
consultations,2023-W25,week,CH,country,all,agegroup_ili_ari,male,802.6,94721.2,5165.6,17.95,0.33,NA,47.1,NA,NA,NA,NA,TRUE
consultations,2023-W26,week,CH,country,all,agegroup_ili_ari,female,489.8,92531.3,5457.2,10.81,0.18,NA,50.1,NA,NA,NA,NA,TRUE
consultations,2023-W26,week,CH,country,all,agegroup_ili_ari,male,488.7,91494,4986.8,10.93,0.2,NA,49.9,NA,NA,NA,NA,TRUE
consultations,2023-W27,week,CH,country,all,agegroup_ili_ari,female,725.8,93631.2,5340.3,16.02,0.28,NA,48.5,NA,NA,NA,NA,TRUE
consultations,2023-W27,week,CH,country,all,agegroup_ili_ari,male,771.3,92761,4889.7,17.25,0.33,NA,51.5,NA,NA,NA,NA,TRUE
consultations,2023-W28,week,CH,country,all,agegroup_ili_ari,female,826.4,93208.4,4845.3,18.24,0.35,NA,47.3,NA,NA,NA,NA,TRUE
consultations,2023-W28,week,CH,country,all,agegroup_ili_ari,male,920.7,92271.5,4410.7,20.59,0.43,NA,52.7,NA,NA,NA,NA,TRUE
consultations,2023-W29,week,CH,country,all,agegroup_ili_ari,female,587.2,92591.5,4334.7,12.96,0.28,NA,43,NA,NA,NA,NA,TRUE
consultations,2023-W29,week,CH,country,all,agegroup_ili_ari,male,779.4,91806.5,3963.3,17.43,0.4,NA,57,NA,NA,NA,NA,TRUE
consultations,2023-W30,week,CH,country,all,agegroup_ili_ari,female,847.3,90928.9,3613.6,18.7,0.47,NA,60.9,NA,NA,NA,NA,TRUE
consultations,2023-W30,week,CH,country,all,agegroup_ili_ari,male,545.1,90242.9,3308.4,12.19,0.33,NA,39.1,NA,NA,NA,NA,TRUE
consultations,2023-W31,week,CH,country,all,agegroup_ili_ari,female,954.7,85441.7,2781.1,21.07,0.65,NA,54.6,NA,NA,NA,NA,TRUE
consultations,2023-W31,week,CH,country,all,agegroup_ili_ari,male,793.7,84526.6,2514.9,17.75,0.6,NA,45.4,NA,NA,NA,NA,TRUE
consultations,2023-W32,week,CH,country,all,agegroup_ili_ari,female,1840.9,95996.2,4212.7,40.63,0.93,NA,62,NA,NA,NA,NA,TRUE
consultations,2023-W32,week,CH,country,all,agegroup_ili_ari,male,1127.7,95145.3,3824.3,25.22,0.63,NA,38,NA,NA,NA,NA,TRUE
consultations,2023-W33,week,CH,country,all,agegroup_ili_ari,female,1353.8,100399.9,5083.7,29.88,0.59,NA,50.9,NA,NA,NA,NA,TRUE
consultations,2023-W33,week,CH,country,all,agegroup_ili_ari,male,1304.8,99371.7,4619.3,29.18,0.63,NA,49.1,NA,NA,NA,NA,TRUE
consultations,2023-W34,week,CH,country,all,agegroup_ili_ari,female,1590.8,102537.2,5929.7,35.11,0.61,NA,64.3,NA,NA,NA,NA,TRUE
consultations,2023-W34,week,CH,country,all,agegroup_ili_ari,male,882.2,101353.3,5393.3,19.73,0.37,NA,35.7,NA,NA,NA,NA,TRUE
consultations,2023-W35,week,CH,country,all,agegroup_ili_ari,female,2086.9,97692.4,5710.6,46.06,0.79,NA,50.1,NA,NA,NA,NA,TRUE
consultations,2023-W35,week,CH,country,all,agegroup_ili_ari,male,2080.5,96703.2,5238.4,46.53,0.86,NA,49.9,NA,NA,NA,NA,TRUE
consultations,2023-W36,week,CH,country,all,agegroup_ili_ari,female,2486.1,98406.9,5635.9,54.87,0.96,NA,47,NA,NA,NA,NA,TRUE
consultations,2023-W36,week,CH,country,all,agegroup_ili_ari,male,2800.9,97381.8,5162.1,62.64,1.18,NA,53,NA,NA,NA,NA,TRUE
consultations,2023-W37,week,CH,country,all,agegroup_ili_ari,female,2484.7,94812.9,5580.3,54.84,0.93,NA,46.9,NA,NA,NA,NA,TRUE
consultations,2023-W37,week,CH,country,all,agegroup_ili_ari,male,2813.8,93761.4,5090.7,62.93,1.16,NA,53.1,NA,NA,NA,NA,TRUE
consultations,2023-W38,week,CH,country,all,agegroup_ili_ari,female,2919.2,97780.5,5740.6,64.43,1.1,NA,58.9,NA,NA,NA,NA,TRUE
consultations,2023-W38,week,CH,country,all,agegroup_ili_ari,male,2034,96720.3,5226.4,45.49,0.84,NA,41.1,NA,NA,NA,NA,TRUE
consultations,2023-W39,week,CH,country,all,agegroup_ili_ari,female,2502.9,95942.3,5641.6,55.24,0.94,NA,55.3,NA,NA,NA,NA,TRUE
consultations,2023-W39,week,CH,country,all,agegroup_ili_ari,male,2022,95090.5,5141.4,45.22,0.84,NA,44.7,NA,NA,NA,NA,TRUE
consultations,2023-W40,week,CH,country,all,agegroup_ili_ari,female,3945,89581.1,4756.9,87.07,1.64,NA,54.6,NA,NA,NA,NA,TRUE
consultations,2023-W40,week,CH,country,all,agegroup_ili_ari,male,3274.8,88743.4,4313.1,73.24,1.51,NA,45.4,NA,NA,NA,NA,TRUE
consultations,2023-W41,week,CH,country,all,agegroup_ili_ari,female,4047,92922.3,4320.7,89.32,1.92,NA,55.8,NA,NA,NA,NA,TRUE
consultations,2023-W41,week,CH,country,all,agegroup_ili_ari,male,3205.5,92057.5,3964.3,71.69,1.66,NA,44.2,NA,NA,NA,NA,TRUE
consultations,2023-W42,week,CH,country,all,agegroup_ili_ari,female,3951.8,99745.1,5323.4,87.22,1.63,NA,53.1,NA,NA,NA,NA,TRUE
consultations,2023-W42,week,CH,country,all,agegroup_ili_ari,male,3483.7,98837.3,4898.6,77.91,1.57,NA,46.9,NA,NA,NA,NA,TRUE
consultations,2023-W43,week,CH,country,all,agegroup_ili_ari,female,5829.4,96380.4,5983.9,128.66,2.07,NA,53.1,NA,NA,NA,NA,TRUE
consultations,2023-W43,week,CH,country,all,agegroup_ili_ari,male,5151.5,95477.6,5434.1,115.21,2.02,NA,46.9,NA,NA,NA,NA,TRUE
consultations,2023-W44,week,CH,country,all,agegroup_ili_ari,female,4322,97490,5916.3,95.39,1.57,NA,53.8,NA,NA,NA,NA,TRUE
consultations,2023-W44,week,CH,country,all,agegroup_ili_ari,male,3713.9,96319.2,5389.7,83.06,1.48,NA,46.2,NA,NA,NA,NA,TRUE
consultations,2023-W45,week,CH,country,all,agegroup_ili_ari,female,6138.9,93732.5,6101.9,135.49,2.08,NA,55.5,NA,NA,NA,NA,TRUE
consultations,2023-W45,week,CH,country,all,agegroup_ili_ari,male,4920.3,92690.1,5563.1,110.04,1.83,NA,44.5,NA,NA,NA,NA,TRUE
consultations,2023-W46,week,CH,country,all,agegroup_ili_ari,female,6905.1,97771.4,6367.4,152.4,2.34,NA,59.2,NA,NA,NA,NA,TRUE
consultations,2023-W46,week,CH,country,all,agegroup_ili_ari,male,4768.7,96576.2,5801.6,106.65,1.78,NA,40.8,NA,NA,NA,NA,TRUE
consultations,2023-W47,week,CH,country,all,agegroup_ili_ari,female,7398.9,97980.9,6320.6,163.3,2.53,NA,59.1,NA,NA,NA,NA,TRUE
consultations,2023-W47,week,CH,country,all,agegroup_ili_ari,male,5119.3,96954.5,5785.4,114.49,1.92,NA,40.9,NA,NA,NA,NA,TRUE
consultations,2023-W48,week,CH,country,all,agegroup_ili_ari,female,7323.7,95276.1,6093.1,161.64,2.53,NA,54.1,NA,NA,NA,NA,TRUE
consultations,2023-W48,week,CH,country,all,agegroup_ili_ari,male,6216.6,94221.4,5576.9,139.03,2.35,NA,45.9,NA,NA,NA,NA,TRUE
consultations,2023-W49,week,CH,country,all,agegroup_ili_ari,female,7539.8,94946,6165.1,166.41,2.56,NA,53.8,NA,NA,NA,NA,TRUE
consultations,2023-W49,week,CH,country,all,agegroup_ili_ari,male,6479.5,93852.9,5648.9,144.91,2.41,NA,46.2,NA,NA,NA,NA,TRUE
consultations,2023-W50,week,CH,country,all,agegroup_ili_ari,female,8203.2,101079.4,6812.6,181.05,2.69,NA,60.4,NA,NA,NA,NA,TRUE
consultations,2023-W50,week,CH,country,all,agegroup_ili_ari,male,5368.8,99941.3,6234.4,120.07,1.92,NA,39.6,NA,NA,NA,NA,TRUE
consultations,2023-W51,week,CH,country,all,agegroup_ili_ari,female,8739.2,94877.6,6376.7,192.88,2.87,NA,56.5,NA,NA,NA,NA,TRUE
consultations,2023-W51,week,CH,country,all,agegroup_ili_ari,male,6720.1,93820.9,5836.3,150.29,2.42,NA,43.5,NA,NA,NA,NA,TRUE
consultations,2023-W52,week,CH,country,all,agegroup_ili_ari,female,5662.2,69616,2047.9,124.97,4.25,NA,52.2,NA,NA,NA,NA,TRUE
consultations,2023-W52,week,CH,country,all,agegroup_ili_ari,male,5176.1,69107.6,1879.1,115.76,4.26,NA,47.8,NA,NA,NA,NA,TRUE
consultations,2024-W01,week,CH,country,all,agegroup_ili_ari,female,6597.3,73447.4,3031.5,144.32,3.5,NA,55.3,NA,NA,NA,NA,TRUE
consultations,2024-W01,week,CH,country,all,agegroup_ili_ari,male,5338.9,72818.1,2745.5,118.1,3.13,NA,44.7,NA,NA,NA,NA,TRUE
consultations,2024-W02,week,CH,country,all,agegroup_ili_ari,female,8263.5,94042.2,6398,180.77,2.66,NA,52.7,NA,NA,NA,NA,TRUE
consultations,2024-W02,week,CH,country,all,agegroup_ili_ari,male,7429.6,93092.2,5761,164.35,2.66,NA,47.3,NA,NA,NA,NA,TRUE
consultations,2024-W03,week,CH,country,all,agegroup_ili_ari,female,8362.7,90739.9,6253,182.94,2.65,NA,49.6,NA,NA,NA,NA,TRUE
consultations,2024-W03,week,CH,country,all,agegroup_ili_ari,male,8492.9,89953.5,5664,187.87,2.98,NA,50.4,NA,NA,NA,NA,TRUE
consultations,2024-W04,week,CH,country,all,agegroup_ili_ari,female,8305.6,92464.9,6199.1,181.69,2.71,NA,49.9,NA,NA,NA,NA,TRUE
consultations,2024-W04,week,CH,country,all,agegroup_ili_ari,male,8355.5,91435.4,5581.9,184.83,3.03,NA,50.1,NA,NA,NA,NA,TRUE
consultations,2024-W05,week,CH,country,all,agegroup_ili_ari,female,9000.9,94969.9,6265.7,196.9,2.98,NA,52.4,NA,NA,NA,NA,TRUE
consultations,2024-W05,week,CH,country,all,agegroup_ili_ari,male,8175.1,94008.3,5665.3,180.84,3,NA,47.6,NA,NA,NA,NA,TRUE
consultations,2024-W06,week,CH,country,all,agegroup_ili_ari,female,8772.8,89105.2,5854.2,191.91,2.92,NA,52,NA,NA,NA,NA,TRUE
consultations,2024-W06,week,CH,country,all,agegroup_ili_ari,male,8086.9,88321.4,5331.8,178.89,2.96,NA,48,NA,NA,NA,NA,TRUE
consultations,2024-W07,week,CH,country,all,agegroup_ili_ari,female,7153.2,86914.5,5587.5,156.48,2.43,NA,55.3,NA,NA,NA,NA,TRUE
consultations,2024-W07,week,CH,country,all,agegroup_ili_ari,male,5779.2,86044.7,5055.5,127.84,2.18,NA,44.7,NA,NA,NA,NA,TRUE
consultations,2024-W08,week,CH,country,all,agegroup_ili_ari,female,5724.2,87843.4,5675.3,125.22,1.94,NA,49.3,NA,NA,NA,NA,TRUE
consultations,2024-W08,week,CH,country,all,agegroup_ili_ari,male,5878.2,86904.4,5113.7,130.03,2.21,NA,50.7,NA,NA,NA,NA,TRUE
consultations,2024-W09,week,CH,country,all,agegroup_ili_ari,female,5124.9,95440,5971.4,112.11,1.79,NA,48.1,NA,NA,NA,NA,TRUE
consultations,2024-W09,week,CH,country,all,agegroup_ili_ari,male,5536.4,94713.3,5422.6,122.47,2.14,NA,51.9,NA,NA,NA,NA,TRUE
consultations,2024-W10,week,CH,country,all,agegroup_ili_ari,female,4842.8,96282.8,6149.2,105.94,1.66,NA,50.3,NA,NA,NA,NA,TRUE
consultations,2024-W10,week,CH,country,all,agegroup_ili_ari,male,4791.4,95294.8,5547.8,105.99,1.82,NA,49.7,NA,NA,NA,NA,TRUE
consultations,2024-W11,week,CH,country,all,agegroup_ili_ari,female,4689.2,92608.6,6171.6,102.58,1.54,NA,56.6,NA,NA,NA,NA,TRUE
consultations,2024-W11,week,CH,country,all,agegroup_ili_ari,male,3597.5,91732.1,5574.4,79.58,1.31,NA,43.4,NA,NA,NA,NA,TRUE
consultations,2024-W12,week,CH,country,all,agegroup_ili_ari,female,4522.4,91986.4,5909.4,98.93,1.54,NA,54.9,NA,NA,NA,NA,TRUE
consultations,2024-W12,week,CH,country,all,agegroup_ili_ari,male,3720.9,91115.8,5337.6,82.31,1.41,NA,45.1,NA,NA,NA,NA,TRUE
consultations,2024-W13,week,CH,country,all,agegroup_ili_ari,female,4462.5,85027,5207.4,97.62,1.59,NA,56.5,NA,NA,NA,NA,TRUE
consultations,2024-W13,week,CH,country,all,agegroup_ili_ari,male,3432.5,84283.9,4717.6,75.93,1.36,NA,43.5,NA,NA,NA,NA,TRUE
consultations,2024-W14,week,CH,country,all,agegroup_ili_ari,female,3966.5,71453.8,4108.3,86.77,1.51,NA,51.4,NA,NA,NA,NA,TRUE
consultations,2024-W14,week,CH,country,all,agegroup_ili_ari,male,3748,71159.2,3758.7,82.91,1.57,NA,48.6,NA,NA,NA,NA,TRUE
consultations,2024-W15,week,CH,country,all,agegroup_ili_ari,female,1838.6,89514,5144.8,40.22,0.7,NA,39.3,NA,NA,NA,NA,TRUE
consultations,2024-W15,week,CH,country,all,agegroup_ili_ari,male,2840.3,89133.1,4700.2,62.83,1.19,NA,60.7,NA,NA,NA,NA,TRUE
consultations,2024-W16,week,CH,country,all,agegroup_ili_ari,female,2787.1,104961.5,5707.7,60.97,1.12,NA,55.7,NA,NA,NA,NA,TRUE
consultations,2024-W16,week,CH,country,all,agegroup_ili_ari,male,2212.8,104187.5,5175.3,48.95,0.99,NA,44.3,NA,NA,NA,NA,TRUE
consultations,2024-W17,week,CH,country,all,agegroup_ili_ari,female,2995.1,99213.8,5617.2,65.52,1.16,NA,50.1,NA,NA,NA,NA,TRUE
consultations,2024-W17,week,CH,country,all,agegroup_ili_ari,male,2986.3,98389,5087.8,66.06,1.28,NA,49.9,NA,NA,NA,NA,TRUE
consultations,2024-W18,week,CH,country,all,agegroup_ili_ari,female,2597.9,91507.6,5209.6,56.83,1,NA,62.7,NA,NA,NA,NA,TRUE
consultations,2024-W18,week,CH,country,all,agegroup_ili_ari,male,1544.2,90748.8,4730.4,34.16,0.66,NA,37.3,NA,NA,NA,NA,TRUE
consultations,2024-W19,week,CH,country,all,agegroup_ili_ari,female,2988.7,76477.2,4573.9,65.38,1.09,NA,55,NA,NA,NA,NA,TRUE
consultations,2024-W19,week,CH,country,all,agegroup_ili_ari,male,2441.6,75918.7,4156.1,54.01,0.99,NA,45,NA,NA,NA,NA,TRUE
consultations,2024-W20,week,CH,country,all,agegroup_ili_ari,female,2074.5,96964.3,5873.6,45.38,0.75,NA,51.3,NA,NA,NA,NA,TRUE
consultations,2024-W20,week,CH,country,all,agegroup_ili_ari,male,1971.9,96279,5339.4,43.62,0.79,NA,48.7,NA,NA,NA,NA,TRUE
consultations,2024-W21,week,CH,country,all,agegroup_ili_ari,female,2047,87084.2,5024.6,44.78,0.78,NA,51.4,NA,NA,NA,NA,TRUE
consultations,2024-W21,week,CH,country,all,agegroup_ili_ari,male,1936.6,86377.4,4558.4,42.84,0.81,NA,48.6,NA,NA,NA,NA,TRUE
consultations,2024-W22,week,CH,country,all,agegroup_ili_ari,female,2248.2,95563,5571.2,49.18,0.84,NA,56,NA,NA,NA,NA,TRUE
consultations,2024-W22,week,CH,country,all,agegroup_ili_ari,male,1766.7,94672.4,5032.8,39.08,0.74,NA,44,NA,NA,NA,NA,TRUE
consultations,2024-W23,week,CH,country,all,agegroup_ili_ari,female,2502.8,98628.8,6046.7,54.75,0.89,NA,50.1,NA,NA,NA,NA,TRUE
consultations,2024-W23,week,CH,country,all,agegroup_ili_ari,male,2494,97870.8,5497.3,55.17,0.98,NA,49.9,NA,NA,NA,NA,TRUE
consultations,2024-W24,week,CH,country,all,agegroup_ili_ari,female,2543,98866.2,5905.5,55.63,0.93,NA,52,NA,NA,NA,NA,TRUE
consultations,2024-W24,week,CH,country,all,agegroup_ili_ari,male,2350.3,98092.8,5358.5,51.99,0.95,NA,48,NA,NA,NA,NA,TRUE
consultations,2024-W25,week,CH,country,all,agegroup_ili_ari,female,2545.8,91581,5508.4,55.69,0.93,NA,51.6,NA,NA,NA,NA,TRUE
consultations,2024-W25,week,CH,country,all,agegroup_ili_ari,male,2390.5,90778.2,4982.6,52.88,0.96,NA,48.4,NA,NA,NA,NA,TRUE
consultations,2024-W26,week,CH,country,all,agegroup_ili_ari,female,1874.7,95088.3,5757.8,41.01,0.68,NA,54.3,NA,NA,NA,NA,TRUE
consultations,2024-W26,week,CH,country,all,agegroup_ili_ari,male,1580.9,94361.5,5230.2,34.97,0.63,NA,45.7,NA,NA,NA,NA,TRUE
consultations,2024-W27,week,CH,country,all,agegroup_ili_ari,female,1873.3,90287.7,5274.1,40.98,0.7,NA,53.7,NA,NA,NA,NA,TRUE
consultations,2024-W27,week,CH,country,all,agegroup_ili_ari,male,1613.4,89648.6,4779.9,35.69,0.67,NA,46.3,NA,NA,NA,NA,TRUE
consultations,2024-W28,week,CH,country,all,agegroup_ili_ari,female,1769.5,95593.4,5047.4,38.71,0.73,NA,56.2,NA,NA,NA,NA,TRUE
consultations,2024-W28,week,CH,country,all,agegroup_ili_ari,male,1379.7,95012,4577.6,30.52,0.63,NA,43.8,NA,NA,NA,NA,TRUE
consultations,2024-W29,week,CH,country,all,agegroup_ili_ari,female,1981.2,94591.6,4463.8,43.34,0.92,NA,64.1,NA,NA,NA,NA,TRUE
consultations,2024-W29,week,CH,country,all,agegroup_ili_ari,male,1108,93836.5,4011.2,24.51,0.57,NA,35.9,NA,NA,NA,NA,TRUE
consultations,2024-W30,week,CH,country,all,agegroup_ili_ari,female,1844.5,96651.9,3836.3,40.35,1.02,NA,55.9,NA,NA,NA,NA,TRUE
consultations,2024-W30,week,CH,country,all,agegroup_ili_ari,male,1454.3,96365.4,3497.7,32.17,0.89,NA,44.1,NA,NA,NA,NA,TRUE
consultations,2024-W31,week,CH,country,all,agegroup_ili_ari,female,1437.2,82709.9,2730.9,31.44,0.95,NA,57.9,NA,NA,NA,NA,TRUE
consultations,2024-W31,week,CH,country,all,agegroup_ili_ari,male,1044.3,82257.5,2472.1,23.1,0.77,NA,42.1,NA,NA,NA,NA,TRUE
consultations,2024-W32,week,CH,country,all,agegroup_ili_ari,female,1393.3,98427.3,4367.3,30.48,0.69,NA,47.8,NA,NA,NA,NA,TRUE
consultations,2024-W32,week,CH,country,all,agegroup_ili_ari,male,1523.9,97897.9,3967.7,33.71,0.83,NA,52.2,NA,NA,NA,NA,TRUE
consultations,2024-W33,week,CH,country,all,agegroup_ili_ari,female,2318.1,102534.5,5223.7,50.71,1,NA,65.1,NA,NA,NA,NA,TRUE
consultations,2024-W33,week,CH,country,all,agegroup_ili_ari,male,1242.3,101897.9,4732.3,27.48,0.59,NA,34.9,NA,NA,NA,NA,TRUE
consultations,2024-W34,week,CH,country,all,agegroup_ili_ari,female,2706.7,97955.9,5726.7,59.21,1.01,NA,60.5,NA,NA,NA,NA,TRUE
consultations,2024-W34,week,CH,country,all,agegroup_ili_ari,male,1765.3,97304.7,5196.3,39.05,0.73,NA,39.5,NA,NA,NA,NA,TRUE
consultations,2024-W35,week,CH,country,all,agegroup_ili_ari,female,2819.1,95671.4,5656.7,61.67,1.04,NA,52.8,NA,NA,NA,NA,TRUE
consultations,2024-W35,week,CH,country,all,agegroup_ili_ari,male,2522.1,94999.6,5133.3,55.79,1.03,NA,47.2,NA,NA,NA,NA,TRUE
consultations,2024-W36,week,CH,country,all,agegroup_ili_ari,female,1906.2,100713,5798,41.7,0.72,NA,51.3,NA,NA,NA,NA,TRUE
consultations,2024-W36,week,CH,country,all,agegroup_ili_ari,male,1807.8,100016.9,5258,39.99,0.76,NA,48.7,NA,NA,NA,NA,TRUE
consultations,2024-W37,week,CH,country,all,agegroup_ili_ari,female,3465.5,97613.2,5803,75.81,1.28,NA,54.1,NA,NA,NA,NA,TRUE
consultations,2024-W37,week,CH,country,all,agegroup_ili_ari,male,2939.3,96895.6,5276,65.02,1.19,NA,45.9,NA,NA,NA,NA,TRUE
consultations,2024-W38,week,CH,country,all,agegroup_ili_ari,female,3455,92614.4,5486.3,75.58,1.28,NA,55.2,NA,NA,NA,NA,TRUE
consultations,2024-W38,week,CH,country,all,agegroup_ili_ari,male,2809.1,91734,4941.7,62.14,1.15,NA,44.8,NA,NA,NA,NA,TRUE
consultations,2024-W39,week,CH,country,all,agegroup_ili_ari,female,3732.9,93067.7,5546.6,81.66,1.37,NA,54.4,NA,NA,NA,NA,TRUE
consultations,2024-W39,week,CH,country,all,agegroup_ili_ari,male,3129.2,92457.4,5038.4,69.22,1.27,NA,45.6,NA,NA,NA,NA,TRUE
consultations,2024-W40,week,CH,country,all,agegroup_ili_ari,female,5455.4,90499.9,4883.4,119.34,2.21,NA,56.4,NA,NA,NA,NA,TRUE
consultations,2024-W40,week,CH,country,all,agegroup_ili_ari,male,4220.4,89977.4,4431.6,93.36,1.9,NA,43.6,NA,NA,NA,NA,TRUE
consultations,2024-W41,week,CH,country,all,agegroup_ili_ari,female,5239.6,90736.5,4312.6,114.62,2.41,NA,53.4,NA,NA,NA,NA,TRUE
consultations,2024-W41,week,CH,country,all,agegroup_ili_ari,male,4569.4,90026.8,3908.4,101.08,2.33,NA,46.6,NA,NA,NA,NA,TRUE
consultations,2024-W42,week,CH,country,all,agegroup_ili_ari,female,4934.3,90787.3,4925.6,107.94,1.99,NA,54.2,NA,NA,NA,NA,TRUE
consultations,2024-W42,week,CH,country,all,agegroup_ili_ari,male,4162.1,90153.2,4484.4,92.07,1.85,NA,45.8,NA,NA,NA,NA,TRUE
consultations,2024-W43,week,CH,country,all,agegroup_ili_ari,female,5846.2,87576.3,5476.4,127.89,2.05,NA,51.8,NA,NA,NA,NA,TRUE
consultations,2024-W43,week,CH,country,all,agegroup_ili_ari,male,5446.9,87143.4,4981.6,120.49,2.11,NA,48.2,NA,NA,NA,NA,TRUE
consultations,2024-W44,week,CH,country,all,agegroup_ili_ari,female,5284,91700,5625.8,115.59,1.88,NA,52.8,NA,NA,NA,NA,TRUE
consultations,2024-W44,week,CH,country,all,agegroup_ili_ari,male,4729,90813.3,5056.2,104.61,1.88,NA,47.2,NA,NA,NA,NA,TRUE
consultations,2024-W45,week,CH,country,all,agegroup_ili_ari,female,5592.5,93179.9,6102.8,122.34,1.87,NA,48.4,NA,NA,NA,NA,TRUE
consultations,2024-W45,week,CH,country,all,agegroup_ili_ari,male,5963.1,92489,5530.2,131.91,2.21,NA,51.6,NA,NA,NA,NA,TRUE
consultations,2024-W46,week,CH,country,all,agegroup_ili_ari,female,6775.1,91759.3,6057.7,148.21,2.25,NA,56.1,NA,NA,NA,NA,TRUE
consultations,2024-W46,week,CH,country,all,agegroup_ili_ari,male,5310.8,91083,5503.3,117.48,1.94,NA,43.9,NA,NA,NA,NA,TRUE
consultations,2024-W47,week,CH,country,all,agegroup_ili_ari,female,5892.4,95426.5,6213.9,128.9,1.98,NA,48.7,NA,NA,NA,NA,TRUE
consultations,2024-W47,week,CH,country,all,agegroup_ili_ari,male,6202.7,94743.1,5658.1,137.21,2.3,NA,51.3,NA,NA,NA,NA,TRUE
consultations,2024-W48,week,CH,country,all,agegroup_ili_ari,female,5673.4,93468.6,6031.1,124.11,1.92,NA,51.6,NA,NA,NA,NA,TRUE
consultations,2024-W48,week,CH,country,all,agegroup_ili_ari,male,5319.9,92623.6,5461.9,117.68,2,NA,48.4,NA,NA,NA,NA,TRUE
consultations,2024-W49,week,CH,country,all,agegroup_ili_ari,female,6787.5,92265.7,6066.9,148.48,2.26,NA,55.1,NA,NA,NA,NA,TRUE
consultations,2024-W49,week,CH,country,all,agegroup_ili_ari,male,5533.2,91500.5,5509.1,122.4,2.03,NA,44.9,NA,NA,NA,NA,TRUE
consultations,2024-W50,week,CH,country,all,agegroup_ili_ari,female,7154.5,93285.4,6364.4,156.51,2.29,NA,54.7,NA,NA,NA,NA,TRUE
consultations,2024-W50,week,CH,country,all,agegroup_ili_ari,male,5921.1,92383.1,5753.6,130.98,2.1,NA,45.3,NA,NA,NA,NA,TRUE
consultations,2024-W51,week,CH,country,all,agegroup_ili_ari,female,8595.4,94132.8,6401.6,188.03,2.76,NA,59.7,NA,NA,NA,NA,TRUE
consultations,2024-W51,week,CH,country,all,agegroup_ili_ari,male,5814,93303.6,5804.4,128.61,2.07,NA,40.3,NA,NA,NA,NA,TRUE
consultations,2024-W52,week,CH,country,all,agegroup_ili_ari,female,4970.8,61612.9,1842.6,108.74,3.64,NA,56.9,NA,NA,NA,NA,TRUE
consultations,2024-W52,week,CH,country,all,agegroup_ili_ari,male,3770.2,61149.7,1668.4,83.4,3.06,NA,43.1,NA,NA,NA,NA,TRUE
consultations,2025-W01,week,CH,country,all,agegroup_ili_ari,female,12512.3,45456,1907.9,272.79,6.5,NA,62.4,NA,NA,NA,NA,TRUE
consultations,2025-W01,week,CH,country,all,agegroup_ili_ari,male,7543.7,45140.2,1703.1,166.15,4.4,NA,37.6,NA,NA,NA,NA,TRUE
consultations,2025-W02,week,CH,country,all,agegroup_ili_ari,female,14313.6,100301.2,6813.1,312.06,4.59,NA,52.7,NA,NA,NA,NA,TRUE
consultations,2025-W02,week,CH,country,all,agegroup_ili_ari,male,12827.8,99459.9,6098.9,282.53,4.61,NA,47.3,NA,NA,NA,NA,TRUE
consultations,2025-W03,week,CH,country,all,agegroup_ili_ari,female,14065.9,102720.9,7122.8,306.66,4.42,NA,52.4,NA,NA,NA,NA,TRUE
consultations,2025-W03,week,CH,country,all,agegroup_ili_ari,male,12784.6,101925,6391.2,281.58,4.49,NA,47.6,NA,NA,NA,NA,TRUE
consultations,2025-W04,week,CH,country,all,agegroup_ili_ari,female,16080.9,101828.1,6893.4,350.59,5.18,NA,49.3,NA,NA,NA,NA,TRUE
consultations,2025-W04,week,CH,country,all,agegroup_ili_ari,male,16564.9,101140.8,6223.6,364.84,5.93,NA,50.7,NA,NA,NA,NA,TRUE
consultations,2025-W05,week,CH,country,all,agegroup_ili_ari,female,17030.3,95613.7,6352.8,371.29,5.59,NA,50.6,NA,NA,NA,NA,TRUE
consultations,2025-W05,week,CH,country,all,agegroup_ili_ari,male,16595.8,94933.2,5725.2,365.52,6.06,NA,49.4,NA,NA,NA,NA,TRUE
consultations,2025-W06,week,CH,country,all,agegroup_ili_ari,female,20107.6,99229.8,6531.9,438.38,6.66,NA,54.3,NA,NA,NA,NA,TRUE
consultations,2025-W06,week,CH,country,all,agegroup_ili_ari,male,16908.2,98550,5912.1,372.4,6.21,NA,45.7,NA,NA,NA,NA,TRUE
consultations,2025-W07,week,CH,country,all,agegroup_ili_ari,female,16210.7,108652.9,6989.7,353.42,5.49,NA,54,NA,NA,NA,NA,TRUE
consultations,2025-W07,week,CH,country,all,agegroup_ili_ari,male,13792.1,107645.5,6274.3,303.77,5.21,NA,46,NA,NA,NA,NA,TRUE
consultations,2025-W08,week,CH,country,all,agegroup_ili_ari,female,13727.8,99568.5,6428.1,299.29,4.64,NA,54.1,NA,NA,NA,NA,TRUE
consultations,2025-W08,week,CH,country,all,agegroup_ili_ari,male,11656.8,98931,5801.9,256.74,4.38,NA,45.9,NA,NA,NA,NA,TRUE
consultations,2025-W09,week,CH,country,all,agegroup_ili_ari,female,10942.3,96832.3,6120.5,238.56,3.77,NA,52.3,NA,NA,NA,NA,TRUE
consultations,2025-W09,week,CH,country,all,agegroup_ili_ari,male,9964.2,96143.3,5495.5,219.46,3.84,NA,47.7,NA,NA,NA,NA,TRUE
consultations,2025-W10,week,CH,country,all,agegroup_ili_ari,female,11235.4,97161.4,6248.9,244.95,3.81,NA,58.4,NA,NA,NA,NA,TRUE
consultations,2025-W10,week,CH,country,all,agegroup_ili_ari,male,8015,96301.9,5572.1,176.53,3.05,NA,41.6,NA,NA,NA,NA,TRUE
consultations,2025-W11,week,CH,country,all,agegroup_ili_ari,female,9420.4,93974.3,6285,205.38,3.07,NA,54.1,NA,NA,NA,NA,TRUE
consultations,2025-W11,week,CH,country,all,agegroup_ili_ari,male,7992.3,93164.4,5603,176.03,2.93,NA,45.9,NA,NA,NA,NA,TRUE
consultations,2025-W12,week,CH,country,all,agegroup_ili_ari,female,7946.2,95244.3,6139.5,173.24,2.69,NA,56.7,NA,NA,NA,NA,TRUE
consultations,2025-W12,week,CH,country,all,agegroup_ili_ari,male,6056.8,94452.5,5491.5,133.4,2.29,NA,43.3,NA,NA,NA,NA,TRUE
consultations,2025-W13,week,CH,country,all,agegroup_ili_ari,female,5527.1,105397.1,6423.6,120.5,1.98,NA,49.6,NA,NA,NA,NA,TRUE
consultations,2025-W13,week,CH,country,all,agegroup_ili_ari,male,5608.7,104427.5,5714.4,123.53,2.26,NA,50.4,NA,NA,NA,NA,TRUE
consultations,2025-W14,week,CH,country,all,agegroup_ili_ari,female,5783.5,111028.8,6527.8,126.09,2.14,NA,54.7,NA,NA,NA,NA,TRUE
consultations,2025-W14,week,CH,country,all,agegroup_ili_ari,male,4783.2,110109.2,5820.2,105.35,1.99,NA,45.3,NA,NA,NA,NA,TRUE
consultations,2025-W15,week,CH,country,all,agegroup_ili_ari,female,4387.7,102443.6,5931.2,95.66,1.65,NA,54.5,NA,NA,NA,NA,TRUE
consultations,2025-W15,week,CH,country,all,agegroup_ili_ari,male,3663.1,101634.9,5315.8,80.68,1.54,NA,45.5,NA,NA,NA,NA,TRUE
consultations,2025-W16,week,CH,country,all,agegroup_ili_ari,female,3253.9,80348.3,4373.7,70.94,1.3,NA,54.4,NA,NA,NA,NA,TRUE
consultations,2025-W16,week,CH,country,all,agegroup_ili_ari,male,2732.4,79755.2,3905.3,60.18,1.23,NA,45.6,NA,NA,NA,NA,TRUE
consultations,2025-W17,week,CH,country,all,agegroup_ili_ari,female,3316.3,76069.6,4242.7,72.3,1.3,NA,55.1,NA,NA,NA,NA,TRUE
consultations,2025-W17,week,CH,country,all,agegroup_ili_ari,male,2706.9,75474.1,3788.3,59.62,1.19,NA,44.9,NA,NA,NA,NA,TRUE
consultations,2025-W18,week,CH,country,all,agegroup_ili_ari,female,2817.2,97680.2,5578.9,61.42,1.08,NA,54.5,NA,NA,NA,NA,TRUE
consultations,2025-W18,week,CH,country,all,agegroup_ili_ari,male,2348.3,96671.4,4968.1,51.72,1.01,NA,45.5,NA,NA,NA,NA,TRUE
consultations,2025-W19,week,CH,country,all,agegroup_ili_ari,female,3421.3,103236.4,6227.1,74.59,1.24,NA,55.4,NA,NA,NA,NA,TRUE
consultations,2025-W19,week,CH,country,all,agegroup_ili_ari,male,2753.3,102241.3,5542.9,60.64,1.12,NA,44.6,NA,NA,NA,NA,TRUE
consultations,2025-W20,week,CH,country,all,agegroup_ili_ari,female,2885.1,103340.4,6225.2,62.9,1.04,NA,54.2,NA,NA,NA,NA,TRUE
consultations,2025-W20,week,CH,country,all,agegroup_ili_ari,male,2435.4,102539,5586.8,53.64,0.98,NA,45.8,NA,NA,NA,NA,TRUE
consultations,2025-W21,week,CH,country,all,agegroup_ili_ari,female,2177.4,107445.8,6175.4,47.47,0.83,NA,44,NA,NA,NA,NA,TRUE
consultations,2025-W21,week,CH,country,all,agegroup_ili_ari,male,2769.6,106564.3,5535.6,61,1.17,NA,56,NA,NA,NA,NA,TRUE
consultations,2025-W22,week,CH,country,all,agegroup_ili_ari,female,2441.1,82680.1,4789.3,53.22,0.92,NA,50,NA,NA,NA,NA,TRUE
consultations,2025-W22,week,CH,country,all,agegroup_ili_ari,male,2438.6,81925.4,4282.7,53.71,1.03,NA,50,NA,NA,NA,NA,TRUE
consultations,2025-W23,week,CH,country,all,agegroup_ili_ari,female,2928.7,100239.6,6129.7,63.85,1.04,NA,50.4,NA,NA,NA,NA,TRUE
consultations,2025-W23,week,CH,country,all,agegroup_ili_ari,male,2878.1,99381.7,5475.3,63.39,1.15,NA,49.6,NA,NA,NA,NA,TRUE
consultations,2025-W24,week,CH,country,all,agegroup_ili_ari,female,3095.6,87416.9,5219.5,67.49,1.13,NA,54.2,NA,NA,NA,NA,TRUE
consultations,2025-W24,week,CH,country,all,agegroup_ili_ari,male,2618.4,86699,4677.5,57.67,1.07,NA,45.8,NA,NA,NA,NA,TRUE
consultations,2025-W25,week,CH,country,all,agegroup_ili_ari,female,2093.9,94193.4,5660.9,45.65,0.76,NA,47.3,NA,NA,NA,NA,TRUE
consultations,2025-W25,week,CH,country,all,agegroup_ili_ari,male,2328.7,93580.6,5079.1,51.29,0.95,NA,52.7,NA,NA,NA,NA,TRUE
consultations,2025-W26,week,CH,country,all,agegroup_ili_ari,female,1061.4,95066.2,5752.5,23.14,0.38,NA,43.2,NA,NA,NA,NA,TRUE
consultations,2025-W26,week,CH,country,all,agegroup_ili_ari,male,1394.3,94443.5,5169.5,30.71,0.56,NA,56.8,NA,NA,NA,NA,TRUE
consultations,2025-W27,week,CH,country,all,agegroup_ili_ari,female,1599.9,97468.9,5680.1,34.88,0.6,NA,59.7,NA,NA,NA,NA,TRUE
consultations,2025-W27,week,CH,country,all,agegroup_ili_ari,male,1079.7,96719.8,5058.9,23.78,0.45,NA,40.3,NA,NA,NA,NA,TRUE
consultations,2025-W28,week,CH,country,all,agegroup_ili_ari,female,2124.6,99319.8,5243.8,46.32,0.88,NA,51.2,NA,NA,NA,NA,TRUE
consultations,2025-W28,week,CH,country,all,agegroup_ili_ari,male,2021.8,98811.4,4678.2,44.53,0.94,NA,48.8,NA,NA,NA,NA,TRUE
consultations,2025-W29,week,CH,country,all,agegroup_ili_ari,female,1685.6,95242.9,4515.4,36.75,0.78,NA,46.8,NA,NA,NA,NA,TRUE
consultations,2025-W29,week,CH,country,all,agegroup_ili_ari,male,1916.9,94750.3,4028.6,42.22,0.99,NA,53.2,NA,NA,NA,NA,TRUE
consultations,2025-W30,week,CH,country,all,agegroup_ili_ari,female,1543.9,103974.9,4164.8,33.66,0.84,NA,51.6,NA,NA,NA,NA,TRUE
consultations,2025-W30,week,CH,country,all,agegroup_ili_ari,male,1449.3,103385.9,3726.2,31.92,0.89,NA,48.4,NA,NA,NA,NA,TRUE
consultations,2025-W31,week,CH,country,all,agegroup_ili_ari,female,1628.8,95756.8,3168.4,35.51,1.07,NA,54,NA,NA,NA,NA,TRUE
consultations,2025-W31,week,CH,country,all,agegroup_ili_ari,male,1385.3,95057.2,2832.6,30.51,1.02,NA,46,NA,NA,NA,NA,TRUE
consultations,2025-W32,week,CH,country,all,agegroup_ili_ari,female,1525.6,99221.8,4396.2,33.26,0.75,NA,60,NA,NA,NA,NA,TRUE
consultations,2025-W32,week,CH,country,all,agegroup_ili_ari,male,1015.2,98408.1,3908.8,22.36,0.56,NA,40,NA,NA,NA,NA,TRUE
consultations,2025-W33,week,CH,country,all,agegroup_ili_ari,female,1566.4,105430.4,5417.4,34.15,0.66,NA,53.7,NA,NA,NA,NA,TRUE
consultations,2025-W33,week,CH,country,all,agegroup_ili_ari,male,1348.5,104387.7,4809.6,29.7,0.64,NA,46.3,NA,NA,NA,NA,TRUE
consultations,2025-W34,week,CH,country,all,agegroup_ili_ari,female,2098.5,100554.9,5881,45.75,0.78,NA,49.5,NA,NA,NA,NA,TRUE
consultations,2025-W34,week,CH,country,all,agegroup_ili_ari,male,2140.8,99675.7,5244,47.15,0.9,NA,50.5,NA,NA,NA,NA,TRUE
consultations,2025-W35,week,CH,country,all,agegroup_ili_ari,female,2239.7,94203.8,5587.9,48.83,0.82,NA,50.6,NA,NA,NA,NA,TRUE
consultations,2025-W35,week,CH,country,all,agegroup_ili_ari,male,2188.9,93350.6,4985.1,48.21,0.9,NA,49.4,NA,NA,NA,NA,TRUE
consultations,2025-W36,week,CH,country,all,agegroup_ili_ari,female,2697.5,98626.5,5704.1,58.81,1.02,NA,53.3,NA,NA,NA,NA,TRUE
consultations,2025-W36,week,CH,country,all,agegroup_ili_ari,male,2366.9,97836.8,5095.9,52.13,1,NA,46.7,NA,NA,NA,NA,TRUE
consultations,2025-W37,week,CH,country,all,agegroup_ili_ari,female,4574,94264.2,5632.6,99.72,1.67,NA,53.8,NA,NA,NA,NA,TRUE
consultations,2025-W37,week,CH,country,all,agegroup_ili_ari,male,3928.3,93617,5045.4,86.52,1.61,NA,46.2,NA,NA,NA,NA,TRUE
consultations,2025-W38,week,CH,country,all,agegroup_ili_ari,female,3866.7,104395.2,6199.9,84.3,1.42,NA,52.4,NA,NA,NA,NA,TRUE
consultations,2025-W38,week,CH,country,all,agegroup_ili_ari,male,3506,103605.5,5547.1,77.22,1.44,NA,47.6,NA,NA,NA,NA,TRUE
consultations,2025-W39,week,CH,country,all,agegroup_ili_ari,female,3560.3,96623.9,5755.6,77.62,1.3,NA,56.9,NA,NA,NA,NA,TRUE
consultations,2025-W39,week,CH,country,all,agegroup_ili_ari,male,2695.1,96018,5169.4,59.36,1.1,NA,43.1,NA,NA,NA,NA,TRUE
consultations,2025-W40,week,CH,country,all,agegroup_ili_ari,female,3648.8,99312.3,5346.3,79.55,1.48,NA,53.8,NA,NA,NA,NA,TRUE
consultations,2025-W40,week,CH,country,all,agegroup_ili_ari,male,3132.8,98557.4,4745.7,69,1.43,NA,46.2,NA,NA,NA,NA,TRUE
consultations,2025-W41,week,CH,country,all,agegroup_ili_ari,female,4027.2,99094.1,4700.7,87.8,1.85,NA,56.9,NA,NA,NA,NA,TRUE
consultations,2025-W41,week,CH,country,all,agegroup_ili_ari,male,3046.6,98364.6,4196.3,67.1,1.57,NA,43.1,NA,NA,NA,NA,TRUE
consultations,2025-W42,week,CH,country,all,agegroup_ili_ari,female,4926.7,94031.5,5047.1,107.41,2,NA,58.5,NA,NA,NA,NA,TRUE
consultations,2025-W42,week,CH,country,all,agegroup_ili_ari,male,3501.5,93363.5,4534.9,77.12,1.59,NA,41.5,NA,NA,NA,NA,TRUE
consultations,2025-W43,week,CH,country,all,agegroup_ili_ari,female,5184,97326,6123.6,113.02,1.8,NA,62.3,NA,NA,NA,NA,TRUE
consultations,2025-W43,week,CH,country,all,agegroup_ili_ari,male,3141.9,96816.3,5505.4,69.2,1.22,NA,37.7,NA,NA,NA,NA,TRUE
consultations,2025-W44,week,CH,country,all,agegroup_ili_ari,female,5003.3,99924.6,6167.8,109.08,1.77,NA,53.5,NA,NA,NA,NA,TRUE
consultations,2025-W44,week,CH,country,all,agegroup_ili_ari,male,4351,99130.9,5517.2,95.83,1.72,NA,46.5,NA,NA,NA,NA,TRUE
consultations,2025-W45,week,CH,country,all,agegroup_ili_ari,female,5697.3,96606.7,6325.7,124.21,1.9,NA,54.8,NA,NA,NA,NA,TRUE
consultations,2025-W45,week,CH,country,all,agegroup_ili_ari,male,4694.2,95751.6,5627.3,103.39,1.76,NA,45.2,NA,NA,NA,NA,TRUE
consultations,2025-W46,week,CH,country,all,agegroup_ili_ari,female,7129.7,95215.8,6306.1,155.44,2.35,NA,50.7,NA,NA,NA,NA,TRUE
consultations,2025-W46,week,CH,country,all,agegroup_ili_ari,male,6919.9,94479.6,5637.9,152.41,2.55,NA,49.3,NA,NA,NA,NA,TRUE
consultations,2025-W47,week,CH,country,all,agegroup_ili_ari,female,6663.2,96374.8,6276.9,145.27,2.23,NA,54.5,NA,NA,NA,NA,TRUE
consultations,2025-W47,week,CH,country,all,agegroup_ili_ari,male,5557.8,95580.7,5614.1,122.41,2.08,NA,45.5,NA,NA,NA,NA,TRUE
consultations,2025-W48,week,CH,country,all,agegroup_ili_ari,female,6122.9,95137.4,6144.8,133.49,2.07,NA,48.5,NA,NA,NA,NA,TRUE
consultations,2025-W48,week,CH,country,all,agegroup_ili_ari,male,6499,94312.2,5512.2,143.14,2.45,NA,51.5,NA,NA,NA,NA,TRUE
consultations,2025-W49,week,CH,country,all,agegroup_ili_ari,female,9394.2,101069.9,6642.5,204.81,3.12,NA,51,NA,NA,NA,NA,TRUE
consultations,2025-W49,week,CH,country,all,agegroup_ili_ari,male,9018.4,100185.8,5971.5,198.63,3.33,NA,49,NA,NA,NA,NA,TRUE
consultations,2025-W50,week,CH,country,all,agegroup_ili_ari,female,12096.8,92898.2,6341.4,263.73,3.86,NA,49.7,NA,NA,NA,NA,TRUE
consultations,2025-W50,week,CH,country,all,agegroup_ili_ari,male,12220.7,92137.6,5690.6,269.16,4.36,NA,50.3,NA,NA,NA,NA,TRUE
consultations,2025-W51,week,CH,country,all,agegroup_ili_ari,female,15045.6,99079,6766.8,328.02,4.8,NA,54.5,NA,NA,NA,NA,TRUE
consultations,2025-W51,week,CH,country,all,agegroup_ili_ari,male,12574.9,98210.8,6070.2,276.96,4.48,NA,45.5,NA,NA,NA,NA,TRUE
consultations,2025-W52,week,CH,country,all,agegroup_ili_ari,female,7116,93465.7,2769.7,155.14,5.24,NA,56.9,NA,NA,NA,NA,TRUE
consultations,2025-W52,week,CH,country,all,agegroup_ili_ari,male,5387.5,92699.4,2464.3,118.66,4.46,NA,43.1,NA,NA,NA,NA,TRUE
consultations,2026-W01,week,CH,country,all,agegroup_ili_ari,female,10213.9,70952.3,2043.1,222.68,7.73,NA,63.5,NA,NA,NA,NA,TRUE
consultations,2026-W01,week,CH,country,all,agegroup_ili_ari,male,5879.3,70275.9,1824.9,129.49,4.99,NA,36.5,NA,NA,NA,NA,TRUE
consultations,2026-W02,week,CH,country,all,agegroup_ili_ari,female,18220.6,103968.5,6917.5,397.24,5.97,NA,55,NA,NA,NA,NA,TRUE
consultations,2026-W02,week,CH,country,all,agegroup_ili_ari,male,14891.8,103051.1,6177.5,327.99,5.47,NA,45,NA,NA,NA,NA,TRUE
consultations,2026-W03,week,CH,country,all,agegroup_ili_ari,female,12218.8,109238.3,7631.2,266.39,3.81,NA,52.2,NA,NA,NA,NA,TRUE
consultations,2026-W03,week,CH,country,all,agegroup_ili_ari,male,11209.6,108144.5,6802.8,246.89,3.92,NA,47.8,NA,NA,NA,NA,TRUE
consultations,2026-W04,week,CH,country,all,agegroup_ili_ari,female,11751.8,101868.6,7101,256.21,3.68,NA,50.7,NA,NA,NA,NA,TRUE
consultations,2026-W04,week,CH,country,all,agegroup_ili_ari,male,11404.8,101118.7,6406,251.19,3.97,NA,49.3,NA,NA,NA,NA,TRUE
consultations,2026-W05,week,CH,country,all,agegroup_ili_ari,female,11961,104688.8,7006.1,260.77,3.9,NA,50.6,NA,NA,NA,NA,TRUE
consultations,2026-W05,week,CH,country,all,agegroup_ili_ari,male,11700,103612.9,6285.9,257.69,4.25,NA,49.4,NA,NA,NA,NA,TRUE
consultations,2026-W06,week,CH,country,all,agegroup_ili_ari,female,11860.1,100551.8,6760.8,258.57,3.85,NA,54.2,NA,NA,NA,NA,TRUE
consultations,2026-W06,week,CH,country,all,agegroup_ili_ari,male,10025.9,99630.5,6079.2,220.82,3.62,NA,45.8,NA,NA,NA,NA,TRUE
consultations,2026-W07,week,CH,country,all,agegroup_ili_ari,female,9353.9,100525.9,6647.9,203.93,3.08,NA,57.7,NA,NA,NA,NA,TRUE
consultations,2026-W07,week,CH,country,all,agegroup_ili_ari,male,6851.8,99400.2,5961.1,150.91,2.52,NA,42.3,NA,NA,NA,NA,TRUE
consultations,2026-W08,week,CH,country,all,agegroup_ili_ari,female,8195.2,91230.1,5833.3,178.67,2.79,NA,58,NA,NA,NA,NA,TRUE
consultations,2026-W08,week,CH,country,all,agegroup_ili_ari,male,5930.6,90335.5,5192.7,130.62,2.27,NA,42,NA,NA,NA,NA,TRUE
consultations,2026-W09,week,CH,country,all,agegroup_ili_ari,female,7045.8,107416.8,6386.5,153.61,2.58,NA,56.7,NA,NA,NA,NA,TRUE
consultations,2026-W09,week,CH,country,all,agegroup_ili_ari,male,5382.1,106296,5680.5,118.54,2.22,NA,43.3,NA,NA,NA,NA,TRUE
consultations,2026-W10,week,CH,country,all,agegroup_ili_ari,female,6247.2,107932.4,7008.1,136.2,2.1,NA,58.1,NA,NA,NA,NA,TRUE
consultations,2026-W10,week,CH,country,all,agegroup_ili_ari,male,4508.1,106755.4,6248.9,99.29,1.7,NA,41.9,NA,NA,NA,NA,TRUE
consultations,2026-W11,week,CH,country,all,agegroup_ili_ari,female,6276.6,101582.2,6725.7,136.84,2.07,NA,55.9,NA,NA,NA,NA,TRUE
consultations,2026-W11,week,CH,country,all,agegroup_ili_ari,male,4959.4,100704.9,6039.3,109.23,1.82,NA,44.1,NA,NA,NA,NA,TRUE
consultations,2026-W12,week,CH,country,all,agegroup_ili_ari,female,6599.9,102853.6,6756.1,143.89,2.19,NA,64.1,NA,NA,NA,NA,TRUE
consultations,2026-W12,week,CH,country,all,agegroup_ili_ari,male,3699.5,101861.5,6022.9,81.48,1.38,NA,35.9,NA,NA,NA,NA,TRUE
consultations,2026-W13,week,CH,country,all,agegroup_ili_ari,female,3688.7,111907.8,7001.4,80.42,1.29,NA,46.8,NA,NA,NA,NA,TRUE
consultations,2026-W13,week,CH,country,all,agegroup_ili_ari,male,4185.7,110641.8,6234.6,92.19,1.64,NA,53.2,NA,NA,NA,NA,TRUE
consultations,2026-W14,week,CH,country,all,agegroup_ili_ari,female,3544.7,97051.3,5727.6,77.28,1.31,NA,49,NA,NA,NA,NA,TRUE
consultations,2026-W14,week,CH,country,all,agegroup_ili_ari,male,3692.6,95904.8,5052.4,81.33,1.54,NA,51,NA,NA,NA,NA,TRUE
consultations,2026-W15,week,CH,country,all,agegroup_ili_ari,female,2694.7,85101.7,4004.4,58.75,1.25,NA,48.3,NA,NA,NA,NA,TRUE
consultations,2026-W15,week,CH,country,all,agegroup_ili_ari,male,2884.9,84982,3599.6,63.54,1.5,NA,51.7,NA,NA,NA,NA,TRUE
consultations,2026-W16,week,CH,country,all,agegroup_ili_ari,female,2695.7,137824.6,6205.8,58.77,1.31,NA,45.6,NA,NA,NA,NA,TRUE
consultations,2026-W16,week,CH,country,all,agegroup_ili_ari,male,3215,136984.5,5551.2,70.81,1.75,NA,54.4,NA,NA,NA,NA,TRUE
consultations,2026-W17,week,CH,country,all,agegroup_ili_ari,female,2824.6,121790.3,6774,61.58,1.11,NA,55.1,NA,NA,NA,NA,TRUE
consultations,2026-W17,week,CH,country,all,agegroup_ili_ari,male,2302.4,120298.7,6010,50.71,1.01,NA,44.9,NA,NA,NA,NA,TRUE
consultations,2026-W18,week,CH,country,all,agegroup_ili_ari,female,2986.5,107503,6105.9,65.11,1.15,NA,54.3,NA,NA,NA,NA,TRUE
consultations,2026-W18,week,CH,country,all,agegroup_ili_ari,male,2517.6,106396.4,5456.1,55.45,1.08,NA,45.7,NA,NA,NA,NA,TRUE
consultations,2026-W19,week,CH,country,all,agegroup_ili_ari,female,2114.5,114971.3,6698.9,46.1,0.79,NA,52,NA,NA,NA,NA,TRUE
consultations,2026-W19,week,CH,country,all,agegroup_ili_ari,male,1954.6,113815.6,5959.1,43.05,0.82,NA,48,NA,NA,NA,NA,TRUE
consultations,2026-W20,week,CH,country,all,agegroup_ili_ari,female,2789.2,88804.1,5096.2,60.81,1.06,NA,55.1,NA,NA,NA,NA,TRUE
consultations,2026-W20,week,CH,country,all,agegroup_ili_ari,male,2268.8,88050.3,4571.8,49.97,0.96,NA,44.9,NA,NA,NA,NA,TRUE
consultations,2026-W21,week,CH,country,all,agegroup_ili_ari,female,3034.6,131503.9,6787.2,66.16,1.28,NA,59.6,NA,NA,NA,NA,TRUE
consultations,2026-W21,week,CH,country,all,agegroup_ili_ari,male,2059,130100.1,6065.8,45.35,0.97,NA,40.4,NA,NA,NA,NA,TRUE
consultations,2026-W22,week,CH,country,all,agegroup_ili_ari,female,2647,102230,5856.2,57.71,1.01,NA,57.3,NA,NA,NA,NA,TRUE
consultations,2026-W22,week,CH,country,all,agegroup_ili_ari,male,1974.1,101199.8,5219.8,43.48,0.84,NA,42.7,NA,NA,NA,NA,TRUE
consultations,2026-W23,week,CH,country,all,agegroup_ili_ari,female,2068.6,119726.2,6692.1,45.1,0.81,NA,51,NA,NA,NA,NA,TRUE
consultations,2026-W23,week,CH,country,all,agegroup_ili_ari,male,1990.5,118604.2,5985.9,43.84,0.87,NA,49,NA,NA,NA,NA,TRUE
consultations,2026-W24,week,CH,country,all,agegroup_ili_ari,female,2844.7,116100.8,6851.9,62.02,1.05,NA,55.4,NA,NA,NA,NA,TRUE
consultations,2026-W24,week,CH,country,all,agegroup_ili_ari,male,2293.8,114813.7,6088.1,50.52,0.95,NA,44.6,NA,NA,NA,NA,TRUE
consultations,2026-W25,week,CH,country,all,agegroup_ili_ari,female,2881.9,114594.3,6918.9,62.83,1.04,NA,57.2,NA,NA,NA,NA,TRUE
consultations,2026-W25,week,CH,country,all,agegroup_ili_ari,male,2160.7,113465.4,6167.1,47.59,0.88,NA,42.8,NA,NA,NA,NA,TRUE
consultations,2026-W26,week,CH,country,all,agegroup_ili_ari,female,2138.4,100807.8,6099.7,46.62,0.77,NA,50.5,NA,NA,NA,NA,TRUE
consultations,2026-W26,week,CH,country,all,agegroup_ili_ari,male,2093.1,99789.3,5441.3,46.1,0.85,NA,49.5,NA,NA,NA,NA,TRUE
consultations,2026-W27,week,CH,country,all,agegroup_ili_ari,female,1638.9,103543.8,6130.6,35.73,0.6,NA,51.4,NA,NA,NA,NA,TRUE
consultations,2026-W27,week,CH,country,all,agegroup_ili_ari,male,1547.3,102699.6,5471.4,34.08,0.64,NA,48.6,NA,NA,NA,NA,TRUE
consultations,2026-W28,week,CH,country,all,agegroup_ili_ari,female,1275.6,115069.3,6098.2,27.81,0.52,NA,47.1,NA,NA,NA,NA,TRUE
consultations,2026-W28,week,CH,country,all,agegroup_ili_ari,male,1432,114139.8,5424.8,31.54,0.66,NA,52.9,NA,NA,NA,NA,TRUE
consultations,2026-W29,week,CH,country,all,agegroup_ili_ari,female,1129.7,105545,5100.6,24.63,0.51,NA,49,NA,NA,NA,NA,TRUE
consultations,2026-W29,week,CH,country,all,agegroup_ili_ari,male,1176.4,104218.6,4523.4,25.91,0.6,NA,51,NA,NA,NA,NA,TRUE
consultations,2026-W30,week,CH,country,all,agegroup_ili_ari,female,920.1,104705.8,4566.2,20.06,0.46,NA,67.8,NA,NA,NA,NA,TRUE
consultations,2026-W30,week,CH,country,all,agegroup_ili_ari,male,437.7,103718.4,4042.8,9.64,0.25,NA,32.2,NA,NA,NA,NA,TRUE
consultations,2026-W31,week,CH,country,all,agegroup_ili_ari,female,1526,102184.6,4084.5,33.27,0.83,NA,55.7,NA,NA,NA,NA,TRUE
consultations,2026-W31,week,CH,country,all,agegroup_ili_ari,male,1212.3,101127.9,3637.5,26.7,0.74,NA,44.3,NA,NA,NA,NA,TRUE
consultations,2026-W32,week,CH,country,all,agegroup_ili_ari,female,1135.7,121170.3,4917.6,24.76,0.61,NA,52.7,NA,NA,NA,NA,TRUE
consultations,2026-W32,week,CH,country,all,agegroup_ili_ari,male,1018.8,120295,4394.4,22.44,0.61,NA,47.3,NA,NA,NA,NA,TRUE
consultations,2026-W33,week,CH,country,all,agegroup_ili_ari,female,1433.4,115207.1,5847.7,31.25,0.62,NA,50,NA,NA,NA,NA,TRUE
consultations,2026-W33,week,CH,country,all,agegroup_ili_ari,male,1432.5,114098.9,5211.3,31.55,0.69,NA,50,NA,NA,NA,NA,TRUE
consultations,2026-W34,week,CH,country,all,agegroup_ili_ari,female,1863.6,113211.2,6672.7,40.63,0.69,NA,52.9,NA,NA,NA,NA,TRUE
consultations,2026-W34,week,CH,country,all,agegroup_ili_ari,male,1661.8,112026.7,5938.3,36.6,0.69,NA,47.1,NA,NA,NA,NA,TRUE
consultations,2026-W35,week,CH,country,all,agegroup_ili_ari,female,2099.4,104860.9,6353,45.77,0.76,NA,47.5,NA,NA,NA,NA,TRUE
consultations,2026-W35,week,CH,country,all,agegroup_ili_ari,male,2321.9,103627.7,5663,51.14,0.94,NA,52.5,NA,NA,NA,NA,TRUE
consultations,2026-W36,week,CH,country,all,agegroup_ili_ari,female,2177.4,111651.4,6643.6,47.47,0.8,NA,45.7,NA,NA,NA,NA,TRUE
consultations,2026-W36,week,CH,country,all,agegroup_ili_ari,male,2587.5,110552.1,5916.4,56.99,1.06,NA,54.3,NA,NA,NA,NA,TRUE
consultations,2026-W37,week,CH,country,all,agegroup_ili_ari,female,3433.7,102860.8,6068.4,74.86,1.27,NA,55,NA,NA,NA,NA,TRUE
consultations,2026-W37,week,CH,country,all,agegroup_ili_ari,male,2807.7,101878.4,5412.6,61.84,1.16,NA,45,NA,NA,NA,NA,TRUE
consultations,2026-W38,week,CH,country,all,agegroup_ili_ari,female,3981.8,111732.8,6707.6,86.81,1.45,NA,50.5,NA,NA,NA,NA,TRUE
consultations,2026-W38,week,CH,country,all,agegroup_ili_ari,male,3902.9,110516.7,5965.4,85.96,1.59,NA,49.5,NA,NA,NA,NA,TRUE
consultations,2026-W39,week,CH,country,all,agegroup_ili_ari,female,4052.4,101866.8,5883.1,88.35,1.53,NA,52.1,NA,NA,NA,NA,TRUE
consultations,2026-W39,week,CH,country,all,agegroup_ili_ari,male,3725.3,101161.7,5288.9,82.05,1.57,NA,47.9,NA,NA,NA,NA,TRUE
consultations,2026-W40,week,CH,country,all,agegroup_ili_ari,female,4155.2,83897,4559.2,90.59,1.67,NA,49.7,NA,NA,NA,NA,TRUE
consultations,2026-W40,week,CH,country,all,agegroup_ili_ari,male,4205.7,83123.3,4031.8,92.63,1.91,NA,50.3,NA,NA,NA,NA,TRUE
consultations,2020-W10,week,CH,country,all,agegroup_ili_ari,unknown,NA,NA,NA,NA,NA,NA,NA,NA,NA,NA,NA,TRUE
consultations,2020-W11,week,CH,country,all,agegroup_ili_ari,unknown,NA,NA,NA,NA,NA,NA,NA,NA,NA,NA,NA,TRUE
consultations,2020-W12,week,CH,country,all,agegroup_ili_ari,unknown,NA,NA,NA,NA,NA,NA,NA,NA,NA,NA,NA,TRUE
consultations,2020-W13,week,CH,country,all,agegroup_ili_ari,unknown,NA,NA,NA,NA,NA,NA,NA,NA,NA,NA,NA,TRUE
consultations,2020-W14,week,CH,country,all,agegroup_ili_ari,unknown,NA,NA,NA,NA,NA,NA,NA,NA,NA,NA,NA,TRUE
consultations,2020-W15,week,CH,country,all,agegroup_ili_ari,unknown,NA,NA,NA,NA,NA,NA,NA,NA,NA,NA,NA,TRUE
consultations,2020-W16,week,CH,country,all,agegroup_ili_ari,unknown,NA,NA,NA,NA,NA,NA,NA,NA,NA,NA,NA,TRUE
consultations,2020-W17,week,CH,country,all,agegroup_ili_ari,unknown,NA,NA,NA,NA,NA,NA,NA,NA,NA,NA,NA,TRUE
consultations,2020-W18,week,CH,country,all,agegroup_ili_ari,unknown,NA,NA,NA,NA,NA,NA,NA,NA,NA,NA,NA,TRUE
consultations,2020-W19,week,CH,country,all,agegroup_ili_ari,unknown,NA,NA,NA,NA,NA,NA,NA,NA,NA,NA,NA,TRUE
consultations,2020-W20,week,CH,country,all,agegroup_ili_ari,unknown,NA,NA,NA,NA,NA,NA,NA,NA,NA,NA,NA,TRUE
consultations,2020-W21,week,CH,country,all,agegroup_ili_ari,unknown,NA,NA,NA,NA,NA,NA,NA,NA,NA,NA,NA,TRUE
consultations,2020-W22,week,CH,country,all,agegroup_ili_ari,unknown,NA,NA,NA,NA,NA,NA,NA,NA,NA,NA,NA,TRUE
consultations,2020-W23,week,CH,country,all,agegroup_ili_ari,unknown,NA,NA,NA,NA,NA,NA,NA,NA,NA,NA,NA,TRUE
consultations,2020-W24,week,CH,country,all,agegroup_ili_ari,unknown,NA,NA,NA,NA,NA,NA,NA,NA,NA,NA,NA,TRUE
consultations,2020-W25,week,CH,country,all,agegroup_ili_ari,unknown,NA,NA,NA,NA,NA,NA,NA,NA,NA,NA,NA,TRUE
consultations,2020-W26,week,CH,country,all,agegroup_ili_ari,unknown,NA,NA,NA,NA,NA,NA,NA,NA,NA,NA,NA,TRUE
consultations,2020-W27,week,CH,country,all,agegroup_ili_ari,unknown,NA,NA,NA,NA,NA,NA,NA,NA,NA,NA,NA,TRUE
consultations,2020-W28,week,CH,country,all,agegroup_ili_ari,unknown,NA,NA,NA,NA,NA,NA,NA,NA,NA,NA,NA,TRUE
consultations,2020-W29,week,CH,country,all,agegroup_ili_ari,unknown,NA,NA,NA,NA,NA,NA,NA,NA,NA,NA,NA,TRUE
consultations,2020-W30,week,CH,country,all,agegroup_ili_ari,unknown,NA,NA,NA,NA,NA,NA,NA,NA,NA,NA,NA,TRUE
consultations,2020-W31,week,CH,country,all,agegroup_ili_ari,unknown,NA,NA,NA,NA,NA,NA,NA,NA,NA,NA,NA,TRUE
consultations,2020-W32,week,CH,country,all,agegroup_ili_ari,unknown,NA,NA,NA,NA,NA,NA,NA,NA,NA,NA,NA,TRUE
consultations,2020-W33,week,CH,country,all,agegroup_ili_ari,unknown,NA,NA,NA,NA,NA,NA,NA,NA,NA,NA,NA,TRUE
consultations,2020-W34,week,CH,country,all,agegroup_ili_ari,unknown,NA,NA,NA,NA,NA,NA,NA,NA,NA,NA,NA,TRUE
consultations,2020-W35,week,CH,country,all,agegroup_ili_ari,unknown,NA,NA,NA,NA,NA,NA,NA,NA,NA,NA,NA,TRUE
consultations,2020-W36,week,CH,country,all,agegroup_ili_ari,unknown,NA,NA,NA,NA,NA,NA,NA,NA,NA,NA,NA,TRUE
consultations,2020-W37,week,CH,country,all,agegroup_ili_ari,unknown,NA,NA,NA,NA,NA,NA,NA,NA,NA,NA,NA,TRUE
consultations,2020-W38,week,CH,country,all,agegroup_ili_ari,unknown,NA,NA,NA,NA,NA,NA,NA,NA,NA,NA,NA,TRUE
consultations,2020-W39,week,CH,country,all,agegroup_ili_ari,unknown,NA,NA,NA,NA,NA,NA,NA,NA,NA,NA,NA,TRUE
consultations,2020-W40,week,CH,country,all,agegroup_ili_ari,unknown,NA,NA,NA,NA,NA,NA,NA,NA,NA,NA,NA,TRUE
consultations,2020-W41,week,CH,country,all,agegroup_ili_ari,unknown,NA,NA,NA,NA,NA,NA,NA,NA,NA,NA,NA,TRUE
consultations,2020-W42,week,CH,country,all,agegroup_ili_ari,unknown,NA,NA,NA,NA,NA,NA,NA,NA,NA,NA,NA,TRUE
consultations,2020-W43,week,CH,country,all,agegroup_ili_ari,unknown,NA,NA,NA,NA,NA,NA,NA,NA,NA,NA,NA,TRUE
consultations,2020-W44,week,CH,country,all,agegroup_ili_ari,unknown,NA,NA,NA,NA,NA,NA,NA,NA,NA,NA,NA,TRUE
consultations,2020-W45,week,CH,country,all,agegroup_ili_ari,unknown,NA,NA,NA,NA,NA,NA,NA,NA,NA,NA,NA,TRUE
consultations,2020-W46,week,CH,country,all,agegroup_ili_ari,unknown,NA,NA,NA,NA,NA,NA,NA,NA,NA,NA,NA,TRUE
consultations,2020-W47,week,CH,country,all,agegroup_ili_ari,unknown,NA,NA,NA,NA,NA,NA,NA,NA,NA,NA,NA,TRUE
consultations,2020-W48,week,CH,country,all,agegroup_ili_ari,unknown,NA,NA,NA,NA,NA,NA,NA,NA,NA,NA,NA,TRUE
consultations,2020-W49,week,CH,country,all,agegroup_ili_ari,unknown,NA,NA,NA,NA,NA,NA,NA,NA,NA,NA,NA,TRUE
consultations,2020-W50,week,CH,country,all,agegroup_ili_ari,unknown,NA,NA,NA,NA,NA,NA,NA,NA,NA,NA,NA,TRUE
consultations,2020-W51,week,CH,country,all,agegroup_ili_ari,unknown,NA,NA,NA,NA,NA,NA,NA,NA,NA,NA,NA,TRUE
consultations,2020-W52,week,CH,country,all,agegroup_ili_ari,unknown,NA,NA,NA,NA,NA,NA,NA,NA,NA,NA,NA,TRUE
consultations,2020-W53,week,CH,country,all,agegroup_ili_ari,unknown,NA,NA,NA,NA,NA,NA,NA,NA,NA,NA,NA,TRUE
consultations,2021-W01,week,CH,country,all,agegroup_ili_ari,unknown,NA,NA,NA,NA,NA,NA,NA,NA,NA,NA,NA,TRUE
consultations,2021-W02,week,CH,country,all,agegroup_ili_ari,unknown,NA,NA,NA,NA,NA,NA,NA,NA,NA,NA,NA,TRUE
consultations,2021-W03,week,CH,country,all,agegroup_ili_ari,unknown,NA,NA,NA,NA,NA,NA,NA,NA,NA,NA,NA,TRUE
consultations,2021-W04,week,CH,country,all,agegroup_ili_ari,unknown,NA,NA,NA,NA,NA,NA,NA,NA,NA,NA,NA,TRUE
consultations,2021-W05,week,CH,country,all,agegroup_ili_ari,unknown,NA,NA,NA,NA,NA,NA,NA,NA,NA,NA,NA,TRUE
consultations,2021-W06,week,CH,country,all,agegroup_ili_ari,unknown,NA,NA,NA,NA,NA,NA,NA,NA,NA,NA,NA,TRUE
consultations,2021-W07,week,CH,country,all,agegroup_ili_ari,unknown,NA,NA,NA,NA,NA,NA,NA,NA,NA,NA,NA,TRUE
consultations,2021-W08,week,CH,country,all,agegroup_ili_ari,unknown,NA,NA,NA,NA,NA,NA,NA,NA,NA,NA,NA,TRUE
consultations,2021-W09,week,CH,country,all,agegroup_ili_ari,unknown,NA,NA,NA,NA,NA,NA,NA,NA,NA,NA,NA,TRUE
consultations,2021-W10,week,CH,country,all,agegroup_ili_ari,unknown,NA,NA,NA,NA,NA,NA,NA,NA,NA,NA,NA,TRUE
consultations,2021-W11,week,CH,country,all,agegroup_ili_ari,unknown,NA,NA,NA,NA,NA,NA,NA,NA,NA,NA,NA,TRUE
consultations,2021-W12,week,CH,country,all,agegroup_ili_ari,unknown,NA,NA,NA,NA,NA,NA,NA,NA,NA,NA,NA,TRUE
consultations,2021-W13,week,CH,country,all,agegroup_ili_ari,unknown,NA,NA,NA,NA,NA,NA,NA,NA,NA,NA,NA,TRUE
consultations,2021-W14,week,CH,country,all,agegroup_ili_ari,unknown,NA,NA,NA,NA,NA,NA,NA,NA,NA,NA,NA,TRUE
consultations,2021-W15,week,CH,country,all,agegroup_ili_ari,unknown,NA,NA,NA,NA,NA,NA,NA,NA,NA,NA,NA,TRUE
consultations,2021-W16,week,CH,country,all,agegroup_ili_ari,unknown,NA,NA,NA,NA,NA,NA,NA,NA,NA,NA,NA,TRUE
consultations,2021-W17,week,CH,country,all,agegroup_ili_ari,unknown,NA,NA,NA,NA,NA,NA,NA,NA,NA,NA,NA,TRUE
consultations,2021-W18,week,CH,country,all,agegroup_ili_ari,unknown,NA,NA,NA,NA,NA,NA,NA,NA,NA,NA,NA,TRUE
consultations,2021-W19,week,CH,country,all,agegroup_ili_ari,unknown,NA,NA,NA,NA,NA,NA,NA,NA,NA,NA,NA,TRUE
consultations,2021-W20,week,CH,country,all,agegroup_ili_ari,unknown,NA,NA,NA,NA,NA,NA,NA,NA,NA,NA,NA,TRUE
consultations,2021-W21,week,CH,country,all,agegroup_ili_ari,unknown,NA,NA,NA,NA,NA,NA,NA,NA,NA,NA,NA,TRUE
consultations,2021-W22,week,CH,country,all,agegroup_ili_ari,unknown,NA,NA,NA,NA,NA,NA,NA,NA,NA,NA,NA,TRUE
consultations,2021-W23,week,CH,country,all,agegroup_ili_ari,unknown,NA,NA,NA,NA,NA,NA,NA,NA,NA,NA,NA,TRUE
consultations,2021-W24,week,CH,country,all,agegroup_ili_ari,unknown,NA,NA,NA,NA,NA,NA,NA,NA,NA,NA,NA,TRUE
consultations,2021-W25,week,CH,country,all,agegroup_ili_ari,unknown,NA,NA,NA,NA,NA,NA,NA,NA,NA,NA,NA,TRUE
consultations,2021-W26,week,CH,country,all,agegroup_ili_ari,unknown,NA,NA,NA,NA,NA,NA,NA,NA,NA,NA,NA,TRUE
consultations,2021-W27,week,CH,country,all,agegroup_ili_ari,unknown,NA,NA,NA,NA,NA,NA,NA,NA,NA,NA,NA,TRUE
consultations,2021-W28,week,CH,country,all,agegroup_ili_ari,unknown,NA,NA,NA,NA,NA,NA,NA,NA,NA,NA,NA,TRUE
consultations,2021-W29,week,CH,country,all,agegroup_ili_ari,unknown,NA,NA,NA,NA,NA,NA,NA,NA,NA,NA,NA,TRUE
consultations,2021-W30,week,CH,country,all,agegroup_ili_ari,unknown,NA,NA,NA,NA,NA,NA,NA,NA,NA,NA,NA,TRUE
consultations,2021-W31,week,CH,country,all,agegroup_ili_ari,unknown,NA,NA,NA,NA,NA,NA,NA,NA,NA,NA,NA,TRUE
consultations,2021-W32,week,CH,country,all,agegroup_ili_ari,unknown,NA,NA,NA,NA,NA,NA,NA,NA,NA,NA,NA,TRUE
consultations,2021-W33,week,CH,country,all,agegroup_ili_ari,unknown,NA,NA,NA,NA,NA,NA,NA,NA,NA,NA,NA,TRUE
consultations,2021-W34,week,CH,country,all,agegroup_ili_ari,unknown,NA,NA,NA,NA,NA,NA,NA,NA,NA,NA,NA,TRUE
consultations,2021-W35,week,CH,country,all,agegroup_ili_ari,unknown,NA,NA,NA,NA,NA,NA,NA,NA,NA,NA,NA,TRUE
consultations,2021-W36,week,CH,country,all,agegroup_ili_ari,unknown,NA,NA,NA,NA,NA,NA,NA,NA,NA,NA,NA,TRUE
consultations,2021-W37,week,CH,country,all,agegroup_ili_ari,unknown,NA,NA,NA,NA,NA,NA,NA,NA,NA,NA,NA,TRUE
consultations,2021-W38,week,CH,country,all,agegroup_ili_ari,unknown,NA,NA,NA,NA,NA,NA,NA,NA,NA,NA,NA,TRUE
consultations,2021-W39,week,CH,country,all,agegroup_ili_ari,unknown,NA,NA,NA,NA,NA,NA,NA,NA,NA,NA,NA,TRUE
consultations,2021-W40,week,CH,country,all,agegroup_ili_ari,unknown,NA,NA,NA,NA,NA,NA,NA,NA,NA,NA,NA,TRUE
consultations,2021-W41,week,CH,country,all,agegroup_ili_ari,unknown,NA,NA,NA,NA,NA,NA,NA,NA,NA,NA,NA,TRUE
consultations,2021-W42,week,CH,country,all,agegroup_ili_ari,unknown,NA,NA,NA,NA,NA,NA,NA,NA,NA,NA,NA,TRUE
consultations,2021-W43,week,CH,country,all,agegroup_ili_ari,unknown,NA,NA,NA,NA,NA,NA,NA,NA,NA,NA,NA,TRUE
consultations,2021-W44,week,CH,country,all,agegroup_ili_ari,unknown,NA,NA,NA,NA,NA,NA,NA,NA,NA,NA,NA,TRUE
consultations,2021-W45,week,CH,country,all,agegroup_ili_ari,unknown,NA,NA,NA,NA,NA,NA,NA,NA,NA,NA,NA,TRUE
consultations,2021-W46,week,CH,country,all,agegroup_ili_ari,unknown,NA,NA,NA,NA,NA,NA,NA,NA,NA,NA,NA,TRUE
consultations,2021-W47,week,CH,country,all,agegroup_ili_ari,unknown,NA,NA,NA,NA,NA,NA,NA,NA,NA,NA,NA,TRUE
consultations,2021-W48,week,CH,country,all,agegroup_ili_ari,unknown,NA,NA,NA,NA,NA,NA,NA,NA,NA,NA,NA,TRUE
consultations,2021-W49,week,CH,country,all,agegroup_ili_ari,unknown,NA,NA,NA,NA,NA,NA,NA,NA,NA,NA,NA,TRUE
consultations,2021-W50,week,CH,country,all,agegroup_ili_ari,unknown,NA,NA,NA,NA,NA,NA,NA,NA,NA,NA,NA,TRUE
consultations,2021-W51,week,CH,country,all,agegroup_ili_ari,unknown,NA,NA,NA,NA,NA,NA,NA,NA,NA,NA,NA,TRUE
consultations,2021-W52,week,CH,country,all,agegroup_ili_ari,unknown,NA,NA,NA,NA,NA,NA,NA,NA,NA,NA,NA,TRUE
consultations,2022-W01,week,CH,country,all,agegroup_ili_ari,unknown,NA,NA,NA,NA,NA,NA,NA,NA,NA,NA,NA,TRUE
consultations,2022-W02,week,CH,country,all,agegroup_ili_ari,unknown,NA,NA,NA,NA,NA,NA,NA,NA,NA,NA,NA,TRUE
consultations,2022-W03,week,CH,country,all,agegroup_ili_ari,unknown,NA,NA,NA,NA,NA,NA,NA,NA,NA,NA,NA,TRUE
consultations,2022-W04,week,CH,country,all,agegroup_ili_ari,unknown,NA,NA,NA,NA,NA,NA,NA,NA,NA,NA,NA,TRUE
consultations,2022-W05,week,CH,country,all,agegroup_ili_ari,unknown,NA,NA,NA,NA,NA,NA,NA,NA,NA,NA,NA,TRUE
consultations,2022-W06,week,CH,country,all,agegroup_ili_ari,unknown,NA,NA,NA,NA,NA,NA,NA,NA,NA,NA,NA,TRUE
consultations,2022-W07,week,CH,country,all,agegroup_ili_ari,unknown,NA,NA,NA,NA,NA,NA,NA,NA,NA,NA,NA,TRUE
consultations,2022-W08,week,CH,country,all,agegroup_ili_ari,unknown,NA,NA,NA,NA,NA,NA,NA,NA,NA,NA,NA,TRUE
consultations,2022-W09,week,CH,country,all,agegroup_ili_ari,unknown,NA,NA,NA,NA,NA,NA,NA,NA,NA,NA,NA,TRUE
consultations,2022-W10,week,CH,country,all,agegroup_ili_ari,unknown,NA,NA,NA,NA,NA,NA,NA,NA,NA,NA,NA,TRUE
consultations,2022-W11,week,CH,country,all,agegroup_ili_ari,unknown,NA,NA,NA,NA,NA,NA,NA,NA,NA,NA,NA,TRUE
consultations,2022-W12,week,CH,country,all,agegroup_ili_ari,unknown,NA,NA,NA,NA,NA,NA,NA,NA,NA,NA,NA,TRUE
consultations,2022-W13,week,CH,country,all,agegroup_ili_ari,unknown,NA,NA,NA,NA,NA,NA,NA,NA,NA,NA,NA,TRUE
consultations,2022-W14,week,CH,country,all,agegroup_ili_ari,unknown,NA,NA,NA,NA,NA,NA,NA,NA,NA,NA,NA,TRUE
consultations,2022-W15,week,CH,country,all,agegroup_ili_ari,unknown,NA,NA,NA,NA,NA,NA,NA,NA,NA,NA,NA,TRUE
consultations,2022-W16,week,CH,country,all,agegroup_ili_ari,unknown,NA,NA,NA,NA,NA,NA,NA,NA,NA,NA,NA,TRUE
consultations,2022-W17,week,CH,country,all,agegroup_ili_ari,unknown,NA,NA,NA,NA,NA,NA,NA,NA,NA,NA,NA,TRUE
consultations,2022-W18,week,CH,country,all,agegroup_ili_ari,unknown,NA,NA,NA,NA,NA,NA,NA,NA,NA,NA,NA,TRUE
consultations,2022-W19,week,CH,country,all,agegroup_ili_ari,unknown,NA,NA,NA,NA,NA,NA,NA,NA,NA,NA,NA,TRUE
consultations,2022-W20,week,CH,country,all,agegroup_ili_ari,unknown,NA,NA,NA,NA,NA,NA,NA,NA,NA,NA,NA,TRUE
consultations,2022-W21,week,CH,country,all,agegroup_ili_ari,unknown,NA,NA,NA,NA,NA,NA,NA,NA,NA,NA,NA,TRUE
consultations,2022-W22,week,CH,country,all,agegroup_ili_ari,unknown,NA,NA,NA,NA,NA,NA,NA,NA,NA,NA,NA,TRUE
consultations,2022-W23,week,CH,country,all,agegroup_ili_ari,unknown,NA,NA,NA,NA,NA,NA,NA,NA,NA,NA,NA,TRUE
consultations,2022-W24,week,CH,country,all,agegroup_ili_ari,unknown,NA,NA,NA,NA,NA,NA,NA,NA,NA,NA,NA,TRUE
consultations,2022-W25,week,CH,country,all,agegroup_ili_ari,unknown,NA,NA,NA,NA,NA,NA,NA,NA,NA,NA,NA,TRUE
consultations,2022-W26,week,CH,country,all,agegroup_ili_ari,unknown,NA,NA,NA,NA,NA,NA,NA,NA,NA,NA,NA,TRUE
consultations,2022-W27,week,CH,country,all,agegroup_ili_ari,unknown,NA,NA,NA,NA,NA,NA,NA,NA,NA,NA,NA,TRUE
consultations,2022-W28,week,CH,country,all,agegroup_ili_ari,unknown,NA,NA,NA,NA,NA,NA,NA,NA,NA,NA,NA,TRUE
consultations,2022-W29,week,CH,country,all,agegroup_ili_ari,unknown,NA,NA,NA,NA,NA,NA,NA,NA,NA,NA,NA,TRUE
consultations,2022-W30,week,CH,country,all,agegroup_ili_ari,unknown,NA,NA,NA,NA,NA,NA,NA,NA,NA,NA,NA,TRUE
consultations,2022-W31,week,CH,country,all,agegroup_ili_ari,unknown,NA,NA,NA,NA,NA,NA,NA,NA,NA,NA,NA,TRUE
consultations,2022-W32,week,CH,country,all,agegroup_ili_ari,unknown,NA,NA,NA,NA,NA,NA,NA,NA,NA,NA,NA,TRUE
consultations,2022-W33,week,CH,country,all,agegroup_ili_ari,unknown,NA,NA,NA,NA,NA,NA,NA,NA,NA,NA,NA,TRUE
consultations,2022-W34,week,CH,country,all,agegroup_ili_ari,unknown,NA,NA,NA,NA,NA,NA,NA,NA,NA,NA,NA,TRUE
consultations,2022-W35,week,CH,country,all,agegroup_ili_ari,unknown,NA,NA,NA,NA,NA,NA,NA,NA,NA,NA,NA,TRUE
consultations,2022-W36,week,CH,country,all,agegroup_ili_ari,unknown,NA,NA,NA,NA,NA,NA,NA,NA,NA,NA,NA,TRUE
consultations,2022-W37,week,CH,country,all,agegroup_ili_ari,unknown,NA,NA,NA,NA,NA,NA,NA,NA,NA,NA,NA,TRUE
consultations,2022-W38,week,CH,country,all,agegroup_ili_ari,unknown,NA,NA,NA,NA,NA,NA,NA,NA,NA,NA,NA,TRUE
consultations,2022-W39,week,CH,country,all,agegroup_ili_ari,unknown,NA,NA,NA,NA,NA,NA,NA,NA,NA,NA,NA,TRUE
consultations,2022-W40,week,CH,country,all,agegroup_ili_ari,unknown,NA,NA,NA,NA,NA,NA,NA,NA,NA,NA,NA,TRUE
consultations,2022-W41,week,CH,country,all,agegroup_ili_ari,unknown,NA,NA,NA,NA,NA,NA,NA,NA,NA,NA,NA,TRUE
consultations,2022-W42,week,CH,country,all,agegroup_ili_ari,unknown,NA,NA,NA,NA,NA,NA,NA,NA,NA,NA,NA,TRUE
consultations,2022-W43,week,CH,country,all,agegroup_ili_ari,unknown,NA,NA,NA,NA,NA,NA,NA,NA,NA,NA,NA,TRUE
consultations,2022-W44,week,CH,country,all,agegroup_ili_ari,unknown,NA,NA,NA,NA,NA,NA,NA,NA,NA,NA,NA,TRUE
consultations,2022-W45,week,CH,country,all,agegroup_ili_ari,unknown,NA,NA,NA,NA,NA,NA,NA,NA,NA,NA,NA,TRUE
consultations,2022-W46,week,CH,country,all,agegroup_ili_ari,unknown,NA,NA,NA,NA,NA,NA,NA,NA,NA,NA,NA,TRUE
consultations,2022-W47,week,CH,country,all,agegroup_ili_ari,unknown,NA,NA,NA,NA,NA,NA,NA,NA,NA,NA,NA,TRUE
consultations,2022-W48,week,CH,country,all,agegroup_ili_ari,unknown,NA,NA,NA,NA,NA,NA,NA,NA,NA,NA,NA,TRUE
consultations,2022-W49,week,CH,country,all,agegroup_ili_ari,unknown,NA,NA,NA,NA,NA,NA,NA,NA,NA,NA,NA,TRUE
consultations,2022-W50,week,CH,country,all,agegroup_ili_ari,unknown,NA,NA,NA,NA,NA,NA,NA,NA,NA,NA,NA,TRUE
consultations,2022-W51,week,CH,country,all,agegroup_ili_ari,unknown,NA,NA,NA,NA,NA,NA,NA,NA,NA,NA,NA,TRUE
consultations,2022-W52,week,CH,country,all,agegroup_ili_ari,unknown,NA,NA,NA,NA,NA,NA,NA,NA,NA,NA,NA,TRUE
consultations,2023-W01,week,CH,country,all,agegroup_ili_ari,unknown,NA,NA,NA,NA,NA,NA,NA,NA,NA,NA,NA,TRUE
consultations,2023-W02,week,CH,country,all,agegroup_ili_ari,unknown,NA,NA,NA,NA,NA,NA,NA,NA,NA,NA,NA,TRUE
consultations,2023-W03,week,CH,country,all,agegroup_ili_ari,unknown,NA,NA,NA,NA,NA,NA,NA,NA,NA,NA,NA,TRUE
consultations,2023-W04,week,CH,country,all,agegroup_ili_ari,unknown,NA,NA,NA,NA,NA,NA,NA,NA,NA,NA,NA,TRUE
consultations,2023-W05,week,CH,country,all,agegroup_ili_ari,unknown,NA,NA,NA,NA,NA,NA,NA,NA,NA,NA,NA,TRUE
consultations,2023-W06,week,CH,country,all,agegroup_ili_ari,unknown,NA,NA,NA,NA,NA,NA,NA,NA,NA,NA,NA,TRUE
consultations,2023-W07,week,CH,country,all,agegroup_ili_ari,unknown,NA,NA,NA,NA,NA,NA,NA,NA,NA,NA,NA,TRUE
consultations,2023-W08,week,CH,country,all,agegroup_ili_ari,unknown,NA,NA,NA,NA,NA,NA,NA,NA,NA,NA,NA,TRUE
consultations,2023-W09,week,CH,country,all,agegroup_ili_ari,unknown,NA,NA,NA,NA,NA,NA,NA,NA,NA,NA,NA,TRUE
consultations,2023-W10,week,CH,country,all,agegroup_ili_ari,unknown,NA,NA,NA,NA,NA,NA,NA,NA,NA,NA,NA,TRUE
consultations,2023-W11,week,CH,country,all,agegroup_ili_ari,unknown,NA,NA,NA,NA,NA,NA,NA,NA,NA,NA,NA,TRUE
consultations,2023-W12,week,CH,country,all,agegroup_ili_ari,unknown,NA,NA,NA,NA,NA,NA,NA,NA,NA,NA,NA,TRUE
consultations,2023-W13,week,CH,country,all,agegroup_ili_ari,unknown,NA,NA,NA,NA,NA,NA,NA,NA,NA,NA,NA,TRUE
consultations,2023-W14,week,CH,country,all,agegroup_ili_ari,unknown,NA,NA,NA,NA,NA,NA,NA,NA,NA,NA,NA,TRUE
consultations,2023-W15,week,CH,country,all,agegroup_ili_ari,unknown,NA,NA,NA,NA,NA,NA,NA,NA,NA,NA,NA,TRUE
consultations,2023-W16,week,CH,country,all,agegroup_ili_ari,unknown,NA,NA,NA,NA,NA,NA,NA,NA,NA,NA,NA,TRUE
consultations,2023-W17,week,CH,country,all,agegroup_ili_ari,unknown,NA,NA,NA,NA,NA,NA,NA,NA,NA,NA,NA,TRUE
consultations,2023-W18,week,CH,country,all,agegroup_ili_ari,unknown,NA,NA,NA,NA,NA,NA,NA,NA,NA,NA,NA,TRUE
consultations,2023-W19,week,CH,country,all,agegroup_ili_ari,unknown,NA,NA,NA,NA,NA,NA,NA,NA,NA,NA,NA,TRUE
consultations,2023-W20,week,CH,country,all,agegroup_ili_ari,unknown,NA,NA,NA,NA,NA,NA,NA,NA,NA,NA,NA,TRUE
consultations,2023-W21,week,CH,country,all,agegroup_ili_ari,unknown,NA,NA,NA,NA,NA,NA,NA,NA,NA,NA,NA,TRUE
consultations,2023-W22,week,CH,country,all,agegroup_ili_ari,unknown,NA,NA,NA,NA,NA,NA,NA,NA,NA,NA,NA,TRUE
consultations,2023-W23,week,CH,country,all,agegroup_ili_ari,unknown,NA,NA,NA,NA,NA,NA,NA,NA,NA,NA,NA,TRUE
consultations,2023-W24,week,CH,country,all,agegroup_ili_ari,unknown,NA,NA,NA,NA,NA,NA,NA,NA,NA,NA,NA,TRUE
consultations,2023-W25,week,CH,country,all,agegroup_ili_ari,unknown,NA,NA,NA,NA,NA,NA,NA,NA,NA,NA,NA,TRUE
consultations,2023-W26,week,CH,country,all,agegroup_ili_ari,unknown,NA,NA,NA,NA,NA,NA,NA,NA,NA,NA,NA,TRUE
consultations,2023-W27,week,CH,country,all,agegroup_ili_ari,unknown,NA,NA,NA,NA,NA,NA,NA,NA,NA,NA,NA,TRUE
consultations,2023-W28,week,CH,country,all,agegroup_ili_ari,unknown,NA,NA,NA,NA,NA,NA,NA,NA,NA,NA,NA,TRUE
consultations,2023-W29,week,CH,country,all,agegroup_ili_ari,unknown,NA,NA,NA,NA,NA,NA,NA,NA,NA,NA,NA,TRUE
consultations,2023-W30,week,CH,country,all,agegroup_ili_ari,unknown,NA,NA,NA,NA,NA,NA,NA,NA,NA,NA,NA,TRUE
consultations,2023-W31,week,CH,country,all,agegroup_ili_ari,unknown,NA,NA,NA,NA,NA,NA,NA,NA,NA,NA,NA,TRUE
consultations,2023-W32,week,CH,country,all,agegroup_ili_ari,unknown,NA,NA,NA,NA,NA,NA,NA,NA,NA,NA,NA,TRUE
consultations,2023-W33,week,CH,country,all,agegroup_ili_ari,unknown,NA,NA,NA,NA,NA,NA,NA,NA,NA,NA,NA,TRUE
consultations,2023-W34,week,CH,country,all,agegroup_ili_ari,unknown,NA,NA,NA,NA,NA,NA,NA,NA,NA,NA,NA,TRUE
consultations,2023-W35,week,CH,country,all,agegroup_ili_ari,unknown,NA,NA,NA,NA,NA,NA,NA,NA,NA,NA,NA,TRUE
consultations,2023-W36,week,CH,country,all,agegroup_ili_ari,unknown,NA,NA,NA,NA,NA,NA,NA,NA,NA,NA,NA,TRUE
consultations,2023-W37,week,CH,country,all,agegroup_ili_ari,unknown,NA,NA,NA,NA,NA,NA,NA,NA,NA,NA,NA,TRUE
consultations,2023-W38,week,CH,country,all,agegroup_ili_ari,unknown,NA,NA,NA,NA,NA,NA,NA,NA,NA,NA,NA,TRUE
consultations,2023-W39,week,CH,country,all,agegroup_ili_ari,unknown,NA,NA,NA,NA,NA,NA,NA,NA,NA,NA,NA,TRUE
consultations,2023-W40,week,CH,country,all,agegroup_ili_ari,unknown,NA,NA,NA,NA,NA,NA,NA,NA,NA,NA,NA,TRUE
consultations,2023-W41,week,CH,country,all,agegroup_ili_ari,unknown,NA,NA,NA,NA,NA,NA,NA,NA,NA,NA,NA,TRUE
consultations,2023-W42,week,CH,country,all,agegroup_ili_ari,unknown,NA,NA,NA,NA,NA,NA,NA,NA,NA,NA,NA,TRUE
consultations,2023-W43,week,CH,country,all,agegroup_ili_ari,unknown,NA,NA,NA,NA,NA,NA,NA,NA,NA,NA,NA,TRUE
consultations,2023-W44,week,CH,country,all,agegroup_ili_ari,unknown,NA,NA,NA,NA,NA,NA,NA,NA,NA,NA,NA,TRUE
consultations,2023-W45,week,CH,country,all,agegroup_ili_ari,unknown,NA,NA,NA,NA,NA,NA,NA,NA,NA,NA,NA,TRUE
consultations,2023-W46,week,CH,country,all,agegroup_ili_ari,unknown,NA,NA,NA,NA,NA,NA,NA,NA,NA,NA,NA,TRUE
consultations,2023-W47,week,CH,country,all,agegroup_ili_ari,unknown,NA,NA,NA,NA,NA,NA,NA,NA,NA,NA,NA,TRUE
consultations,2023-W48,week,CH,country,all,agegroup_ili_ari,unknown,NA,NA,NA,NA,NA,NA,NA,NA,NA,NA,NA,TRUE
consultations,2023-W49,week,CH,country,all,agegroup_ili_ari,unknown,NA,NA,NA,NA,NA,NA,NA,NA,NA,NA,NA,TRUE
consultations,2023-W50,week,CH,country,all,agegroup_ili_ari,unknown,NA,NA,NA,NA,NA,NA,NA,NA,NA,NA,NA,TRUE
consultations,2023-W51,week,CH,country,all,agegroup_ili_ari,unknown,NA,NA,NA,NA,NA,NA,NA,NA,NA,NA,NA,TRUE
consultations,2023-W52,week,CH,country,all,agegroup_ili_ari,unknown,NA,NA,NA,NA,NA,NA,NA,NA,NA,NA,NA,TRUE
consultations,2024-W01,week,CH,country,all,agegroup_ili_ari,unknown,NA,NA,NA,NA,NA,NA,NA,NA,NA,NA,NA,TRUE
consultations,2024-W02,week,CH,country,all,agegroup_ili_ari,unknown,NA,NA,NA,NA,NA,NA,NA,NA,NA,NA,NA,TRUE
consultations,2024-W03,week,CH,country,all,agegroup_ili_ari,unknown,NA,NA,NA,NA,NA,NA,NA,NA,NA,NA,NA,TRUE
consultations,2024-W04,week,CH,country,all,agegroup_ili_ari,unknown,NA,NA,NA,NA,NA,NA,NA,NA,NA,NA,NA,TRUE
consultations,2024-W05,week,CH,country,all,agegroup_ili_ari,unknown,NA,NA,NA,NA,NA,NA,NA,NA,NA,NA,NA,TRUE
consultations,2024-W06,week,CH,country,all,agegroup_ili_ari,unknown,NA,NA,NA,NA,NA,NA,NA,NA,NA,NA,NA,TRUE
consultations,2024-W07,week,CH,country,all,agegroup_ili_ari,unknown,NA,NA,NA,NA,NA,NA,NA,NA,NA,NA,NA,TRUE
consultations,2024-W08,week,CH,country,all,agegroup_ili_ari,unknown,NA,NA,NA,NA,NA,NA,NA,NA,NA,NA,NA,TRUE
consultations,2024-W09,week,CH,country,all,agegroup_ili_ari,unknown,NA,NA,NA,NA,NA,NA,NA,NA,NA,NA,NA,TRUE
consultations,2024-W10,week,CH,country,all,agegroup_ili_ari,unknown,NA,NA,NA,NA,NA,NA,NA,NA,NA,NA,NA,TRUE
consultations,2024-W11,week,CH,country,all,agegroup_ili_ari,unknown,NA,NA,NA,NA,NA,NA,NA,NA,NA,NA,NA,TRUE
consultations,2024-W12,week,CH,country,all,agegroup_ili_ari,unknown,NA,NA,NA,NA,NA,NA,NA,NA,NA,NA,NA,TRUE
consultations,2024-W13,week,CH,country,all,agegroup_ili_ari,unknown,NA,NA,NA,NA,NA,NA,NA,NA,NA,NA,NA,TRUE
consultations,2024-W14,week,CH,country,all,agegroup_ili_ari,unknown,NA,NA,NA,NA,NA,NA,NA,NA,NA,NA,NA,TRUE
consultations,2024-W15,week,CH,country,all,agegroup_ili_ari,unknown,NA,NA,NA,NA,NA,NA,NA,NA,NA,NA,NA,TRUE
consultations,2024-W16,week,CH,country,all,agegroup_ili_ari,unknown,NA,NA,NA,NA,NA,NA,NA,NA,NA,NA,NA,TRUE
consultations,2024-W17,week,CH,country,all,agegroup_ili_ari,unknown,NA,NA,NA,NA,NA,NA,NA,NA,NA,NA,NA,TRUE
consultations,2024-W18,week,CH,country,all,agegroup_ili_ari,unknown,NA,NA,NA,NA,NA,NA,NA,NA,NA,NA,NA,TRUE
consultations,2024-W19,week,CH,country,all,agegroup_ili_ari,unknown,NA,NA,NA,NA,NA,NA,NA,NA,NA,NA,NA,TRUE
consultations,2024-W20,week,CH,country,all,agegroup_ili_ari,unknown,NA,NA,NA,NA,NA,NA,NA,NA,NA,NA,NA,TRUE
consultations,2024-W21,week,CH,country,all,agegroup_ili_ari,unknown,NA,NA,NA,NA,NA,NA,NA,NA,NA,NA,NA,TRUE
consultations,2024-W22,week,CH,country,all,agegroup_ili_ari,unknown,NA,NA,NA,NA,NA,NA,NA,NA,NA,NA,NA,TRUE
consultations,2024-W23,week,CH,country,all,agegroup_ili_ari,unknown,NA,NA,NA,NA,NA,NA,NA,NA,NA,NA,NA,TRUE
consultations,2024-W24,week,CH,country,all,agegroup_ili_ari,unknown,NA,NA,NA,NA,NA,NA,NA,NA,NA,NA,NA,TRUE
consultations,2024-W25,week,CH,country,all,agegroup_ili_ari,unknown,NA,NA,NA,NA,NA,NA,NA,NA,NA,NA,NA,TRUE
consultations,2024-W26,week,CH,country,all,agegroup_ili_ari,unknown,NA,NA,NA,NA,NA,NA,NA,NA,NA,NA,NA,TRUE
consultations,2024-W27,week,CH,country,all,agegroup_ili_ari,unknown,NA,NA,NA,NA,NA,NA,NA,NA,NA,NA,NA,TRUE
consultations,2024-W28,week,CH,country,all,agegroup_ili_ari,unknown,NA,NA,NA,NA,NA,NA,NA,NA,NA,NA,NA,TRUE
consultations,2024-W29,week,CH,country,all,agegroup_ili_ari,unknown,NA,NA,NA,NA,NA,NA,NA,NA,NA,NA,NA,TRUE
consultations,2024-W30,week,CH,country,all,agegroup_ili_ari,unknown,NA,NA,NA,NA,NA,NA,NA,NA,NA,NA,NA,TRUE
consultations,2024-W31,week,CH,country,all,agegroup_ili_ari,unknown,NA,NA,NA,NA,NA,NA,NA,NA,NA,NA,NA,TRUE
consultations,2024-W32,week,CH,country,all,agegroup_ili_ari,unknown,NA,NA,NA,NA,NA,NA,NA,NA,NA,NA,NA,TRUE
consultations,2024-W33,week,CH,country,all,agegroup_ili_ari,unknown,NA,NA,NA,NA,NA,NA,NA,NA,NA,NA,NA,TRUE
consultations,2024-W34,week,CH,country,all,agegroup_ili_ari,unknown,NA,NA,NA,NA,NA,NA,NA,NA,NA,NA,NA,TRUE
consultations,2024-W35,week,CH,country,all,agegroup_ili_ari,unknown,NA,NA,NA,NA,NA,NA,NA,NA,NA,NA,NA,TRUE
consultations,2024-W36,week,CH,country,all,agegroup_ili_ari,unknown,NA,NA,NA,NA,NA,NA,NA,NA,NA,NA,NA,TRUE
consultations,2024-W37,week,CH,country,all,agegroup_ili_ari,unknown,NA,NA,NA,NA,NA,NA,NA,NA,NA,NA,NA,TRUE
consultations,2024-W38,week,CH,country,all,agegroup_ili_ari,unknown,NA,NA,NA,NA,NA,NA,NA,NA,NA,NA,NA,TRUE
consultations,2024-W39,week,CH,country,all,agegroup_ili_ari,unknown,NA,NA,NA,NA,NA,NA,NA,NA,NA,NA,NA,TRUE
consultations,2024-W40,week,CH,country,all,agegroup_ili_ari,unknown,NA,NA,NA,NA,NA,NA,NA,NA,NA,NA,NA,TRUE
consultations,2024-W41,week,CH,country,all,agegroup_ili_ari,unknown,NA,NA,NA,NA,NA,NA,NA,NA,NA,NA,NA,TRUE
consultations,2024-W42,week,CH,country,all,agegroup_ili_ari,unknown,NA,NA,NA,NA,NA,NA,NA,NA,NA,NA,NA,TRUE
consultations,2024-W43,week,CH,country,all,agegroup_ili_ari,unknown,NA,NA,NA,NA,NA,NA,NA,NA,NA,NA,NA,TRUE
consultations,2024-W44,week,CH,country,all,agegroup_ili_ari,unknown,NA,NA,NA,NA,NA,NA,NA,NA,NA,NA,NA,TRUE
consultations,2024-W45,week,CH,country,all,agegroup_ili_ari,unknown,NA,NA,NA,NA,NA,NA,NA,NA,NA,NA,NA,TRUE
consultations,2024-W46,week,CH,country,all,agegroup_ili_ari,unknown,NA,NA,NA,NA,NA,NA,NA,NA,NA,NA,NA,TRUE
consultations,2024-W47,week,CH,country,all,agegroup_ili_ari,unknown,NA,NA,NA,NA,NA,NA,NA,NA,NA,NA,NA,TRUE
consultations,2024-W48,week,CH,country,all,agegroup_ili_ari,unknown,NA,NA,NA,NA,NA,NA,NA,NA,NA,NA,NA,TRUE
consultations,2024-W49,week,CH,country,all,agegroup_ili_ari,unknown,NA,NA,NA,NA,NA,NA,NA,NA,NA,NA,NA,TRUE
consultations,2024-W50,week,CH,country,all,agegroup_ili_ari,unknown,NA,NA,NA,NA,NA,NA,NA,NA,NA,NA,NA,TRUE
consultations,2024-W51,week,CH,country,all,agegroup_ili_ari,unknown,NA,NA,NA,NA,NA,NA,NA,NA,NA,NA,NA,TRUE
consultations,2024-W52,week,CH,country,all,agegroup_ili_ari,unknown,NA,NA,NA,NA,NA,NA,NA,NA,NA,NA,NA,TRUE
consultations,2025-W01,week,CH,country,all,agegroup_ili_ari,unknown,NA,NA,NA,NA,NA,NA,NA,NA,NA,NA,NA,TRUE
consultations,2025-W02,week,CH,country,all,agegroup_ili_ari,unknown,NA,NA,NA,NA,NA,NA,NA,NA,NA,NA,NA,TRUE
consultations,2025-W03,week,CH,country,all,agegroup_ili_ari,unknown,NA,NA,NA,NA,NA,NA,NA,NA,NA,NA,NA,TRUE
consultations,2025-W04,week,CH,country,all,agegroup_ili_ari,unknown,NA,NA,NA,NA,NA,NA,NA,NA,NA,NA,NA,TRUE
consultations,2025-W05,week,CH,country,all,agegroup_ili_ari,unknown,NA,NA,NA,NA,NA,NA,NA,NA,NA,NA,NA,TRUE
consultations,2025-W06,week,CH,country,all,agegroup_ili_ari,unknown,NA,NA,NA,NA,NA,NA,NA,NA,NA,NA,NA,TRUE
consultations,2025-W07,week,CH,country,all,agegroup_ili_ari,unknown,NA,NA,NA,NA,NA,NA,NA,NA,NA,NA,NA,TRUE
consultations,2025-W08,week,CH,country,all,agegroup_ili_ari,unknown,NA,NA,NA,NA,NA,NA,NA,NA,NA,NA,NA,TRUE
consultations,2025-W09,week,CH,country,all,agegroup_ili_ari,unknown,NA,NA,NA,NA,NA,NA,NA,NA,NA,NA,NA,TRUE
consultations,2025-W10,week,CH,country,all,agegroup_ili_ari,unknown,NA,NA,NA,NA,NA,NA,NA,NA,NA,NA,NA,TRUE
consultations,2025-W11,week,CH,country,all,agegroup_ili_ari,unknown,NA,NA,NA,NA,NA,NA,NA,NA,NA,NA,NA,TRUE
consultations,2025-W12,week,CH,country,all,agegroup_ili_ari,unknown,NA,NA,NA,NA,NA,NA,NA,NA,NA,NA,NA,TRUE
consultations,2025-W13,week,CH,country,all,agegroup_ili_ari,unknown,NA,NA,NA,NA,NA,NA,NA,NA,NA,NA,NA,TRUE
consultations,2025-W14,week,CH,country,all,agegroup_ili_ari,unknown,NA,NA,NA,NA,NA,NA,NA,NA,NA,NA,NA,TRUE
consultations,2025-W15,week,CH,country,all,agegroup_ili_ari,unknown,NA,NA,NA,NA,NA,NA,NA,NA,NA,NA,NA,TRUE
consultations,2025-W16,week,CH,country,all,agegroup_ili_ari,unknown,NA,NA,NA,NA,NA,NA,NA,NA,NA,NA,NA,TRUE
consultations,2025-W17,week,CH,country,all,agegroup_ili_ari,unknown,NA,NA,NA,NA,NA,NA,NA,NA,NA,NA,NA,TRUE
consultations,2025-W18,week,CH,country,all,agegroup_ili_ari,unknown,NA,NA,NA,NA,NA,NA,NA,NA,NA,NA,NA,TRUE
consultations,2025-W19,week,CH,country,all,agegroup_ili_ari,unknown,NA,NA,NA,NA,NA,NA,NA,NA,NA,NA,NA,TRUE
consultations,2025-W20,week,CH,country,all,agegroup_ili_ari,unknown,NA,NA,NA,NA,NA,NA,NA,NA,NA,NA,NA,TRUE
consultations,2025-W21,week,CH,country,all,agegroup_ili_ari,unknown,NA,NA,NA,NA,NA,NA,NA,NA,NA,NA,NA,TRUE
consultations,2025-W22,week,CH,country,all,agegroup_ili_ari,unknown,NA,NA,NA,NA,NA,NA,NA,NA,NA,NA,NA,TRUE
consultations,2025-W23,week,CH,country,all,agegroup_ili_ari,unknown,NA,NA,NA,NA,NA,NA,NA,NA,NA,NA,NA,TRUE
consultations,2025-W24,week,CH,country,all,agegroup_ili_ari,unknown,NA,NA,NA,NA,NA,NA,NA,NA,NA,NA,NA,TRUE
consultations,2025-W25,week,CH,country,all,agegroup_ili_ari,unknown,NA,NA,NA,NA,NA,NA,NA,NA,NA,NA,NA,TRUE
consultations,2025-W26,week,CH,country,all,agegroup_ili_ari,unknown,NA,NA,NA,NA,NA,NA,NA,NA,NA,NA,NA,TRUE
consultations,2025-W27,week,CH,country,all,agegroup_ili_ari,unknown,NA,NA,NA,NA,NA,NA,NA,NA,NA,NA,NA,TRUE
consultations,2025-W28,week,CH,country,all,agegroup_ili_ari,unknown,NA,NA,NA,NA,NA,NA,NA,NA,NA,NA,NA,TRUE
consultations,2025-W29,week,CH,country,all,agegroup_ili_ari,unknown,NA,NA,NA,NA,NA,NA,NA,NA,NA,NA,NA,TRUE
consultations,2025-W30,week,CH,country,all,agegroup_ili_ari,unknown,NA,NA,NA,NA,NA,NA,NA,NA,NA,NA,NA,TRUE
consultations,2025-W31,week,CH,country,all,agegroup_ili_ari,unknown,NA,NA,NA,NA,NA,NA,NA,NA,NA,NA,NA,TRUE
consultations,2025-W32,week,CH,country,all,agegroup_ili_ari,unknown,NA,NA,NA,NA,NA,NA,NA,NA,NA,NA,NA,TRUE
consultations,2025-W33,week,CH,country,all,agegroup_ili_ari,unknown,NA,NA,NA,NA,NA,NA,NA,NA,NA,NA,NA,TRUE
consultations,2025-W34,week,CH,country,all,agegroup_ili_ari,unknown,NA,NA,NA,NA,NA,NA,NA,NA,NA,NA,NA,TRUE
consultations,2025-W35,week,CH,country,all,agegroup_ili_ari,unknown,NA,NA,NA,NA,NA,NA,NA,NA,NA,NA,NA,TRUE
consultations,2025-W36,week,CH,country,all,agegroup_ili_ari,unknown,NA,NA,NA,NA,NA,NA,NA,NA,NA,NA,NA,TRUE
consultations,2025-W37,week,CH,country,all,agegroup_ili_ari,unknown,NA,NA,NA,NA,NA,NA,NA,NA,NA,NA,NA,TRUE
consultations,2025-W38,week,CH,country,all,agegroup_ili_ari,unknown,NA,NA,NA,NA,NA,NA,NA,NA,NA,NA,NA,TRUE
consultations,2025-W39,week,CH,country,all,agegroup_ili_ari,unknown,NA,NA,NA,NA,NA,NA,NA,NA,NA,NA,NA,TRUE
consultations,2025-W40,week,CH,country,all,agegroup_ili_ari,unknown,NA,NA,NA,NA,NA,NA,NA,NA,NA,NA,NA,TRUE
consultations,2025-W41,week,CH,country,all,agegroup_ili_ari,unknown,NA,NA,NA,NA,NA,NA,NA,NA,NA,NA,NA,TRUE
consultations,2025-W42,week,CH,country,all,agegroup_ili_ari,unknown,NA,NA,NA,NA,NA,NA,NA,NA,NA,NA,NA,TRUE
consultations,2025-W43,week,CH,country,all,agegroup_ili_ari,unknown,NA,NA,NA,NA,NA,NA,NA,NA,NA,NA,NA,TRUE
consultations,2025-W44,week,CH,country,all,agegroup_ili_ari,unknown,NA,NA,NA,NA,NA,NA,NA,NA,NA,NA,NA,TRUE
consultations,2025-W45,week,CH,country,all,agegroup_ili_ari,unknown,NA,NA,NA,NA,NA,NA,NA,NA,NA,NA,NA,TRUE
consultations,2025-W46,week,CH,country,all,agegroup_ili_ari,unknown,NA,NA,NA,NA,NA,NA,NA,NA,NA,NA,NA,TRUE
consultations,2025-W47,week,CH,country,all,agegroup_ili_ari,unknown,NA,NA,NA,NA,NA,NA,NA,NA,NA,NA,NA,TRUE
consultations,2025-W48,week,CH,country,all,agegroup_ili_ari,unknown,NA,NA,NA,NA,NA,NA,NA,NA,NA,NA,NA,TRUE
consultations,2025-W49,week,CH,country,all,agegroup_ili_ari,unknown,NA,NA,NA,NA,NA,NA,NA,NA,NA,NA,NA,TRUE
consultations,2025-W50,week,CH,country,all,agegroup_ili_ari,unknown,NA,NA,NA,NA,NA,NA,NA,NA,NA,NA,NA,TRUE
consultations,2025-W51,week,CH,country,all,agegroup_ili_ari,unknown,NA,NA,NA,NA,NA,NA,NA,NA,NA,NA,NA,TRUE
consultations,2025-W52,week,CH,country,all,agegroup_ili_ari,unknown,NA,NA,NA,NA,NA,NA,NA,NA,NA,NA,NA,TRUE
consultations,2026-W01,week,CH,country,all,agegroup_ili_ari,unknown,NA,NA,NA,NA,NA,NA,NA,NA,NA,NA,NA,TRUE
consultations,2026-W02,week,CH,country,all,agegroup_ili_ari,unknown,NA,NA,NA,NA,NA,NA,NA,NA,NA,NA,NA,TRUE
consultations,2026-W03,week,CH,country,all,agegroup_ili_ari,unknown,NA,NA,NA,NA,NA,NA,NA,NA,NA,NA,NA,TRUE
consultations,2026-W04,week,CH,country,all,agegroup_ili_ari,unknown,NA,NA,NA,NA,NA,NA,NA,NA,NA,NA,NA,TRUE
consultations,2026-W05,week,CH,country,all,agegroup_ili_ari,unknown,NA,NA,NA,NA,NA,NA,NA,NA,NA,NA,NA,TRUE
consultations,2026-W06,week,CH,country,all,agegroup_ili_ari,unknown,NA,NA,NA,NA,NA,NA,NA,NA,NA,NA,NA,TRUE
consultations,2026-W07,week,CH,country,all,agegroup_ili_ari,unknown,NA,NA,NA,NA,NA,NA,NA,NA,NA,NA,NA,TRUE
consultations,2026-W08,week,CH,country,all,agegroup_ili_ari,unknown,NA,NA,NA,NA,NA,NA,NA,NA,NA,NA,NA,TRUE
consultations,2026-W09,week,CH,country,all,agegroup_ili_ari,unknown,NA,NA,NA,NA,NA,NA,NA,NA,NA,NA,NA,TRUE
consultations,2026-W10,week,CH,country,all,agegroup_ili_ari,unknown,NA,NA,NA,NA,NA,NA,NA,NA,NA,NA,NA,TRUE
consultations,2026-W11,week,CH,country,all,agegroup_ili_ari,unknown,NA,NA,NA,NA,NA,NA,NA,NA,NA,NA,NA,TRUE
consultations,2026-W12,week,CH,country,all,agegroup_ili_ari,unknown,NA,NA,NA,NA,NA,NA,NA,NA,NA,NA,NA,TRUE
consultations,2026-W13,week,CH,country,all,agegroup_ili_ari,unknown,NA,NA,NA,NA,NA,NA,NA,NA,NA,NA,NA,TRUE
consultations,2026-W14,week,CH,country,all,agegroup_ili_ari,unknown,NA,NA,NA,NA,NA,NA,NA,NA,NA,NA,NA,TRUE
consultations,2026-W15,week,CH,country,all,agegroup_ili_ari,unknown,NA,NA,NA,NA,NA,NA,NA,NA,NA,NA,NA,TRUE
consultations,2026-W16,week,CH,country,all,agegroup_ili_ari,unknown,NA,NA,NA,NA,NA,NA,NA,NA,NA,NA,NA,TRUE
consultations,2026-W17,week,CH,country,all,agegroup_ili_ari,unknown,NA,NA,NA,NA,NA,NA,NA,NA,NA,NA,NA,TRUE
consultations,2026-W18,week,CH,country,all,agegroup_ili_ari,unknown,NA,NA,NA,NA,NA,NA,NA,NA,NA,NA,NA,TRUE
consultations,2026-W19,week,CH,country,all,agegroup_ili_ari,unknown,NA,NA,NA,NA,NA,NA,NA,NA,NA,NA,NA,TRUE
consultations,2026-W20,week,CH,country,all,agegroup_ili_ari,unknown,NA,NA,NA,NA,NA,NA,NA,NA,NA,NA,NA,TRUE
consultations,2026-W21,week,CH,country,all,agegroup_ili_ari,unknown,NA,NA,NA,NA,NA,NA,NA,NA,NA,NA,NA,TRUE
consultations,2026-W22,week,CH,country,all,agegroup_ili_ari,unknown,NA,NA,NA,NA,NA,NA,NA,NA,NA,NA,NA,TRUE
consultations,2026-W23,week,CH,country,all,agegroup_ili_ari,unknown,NA,NA,NA,NA,NA,NA,NA,NA,NA,NA,NA,TRUE
consultations,2026-W24,week,CH,country,all,agegroup_ili_ari,unknown,NA,NA,NA,NA,NA,NA,NA,NA,NA,NA,NA,TRUE
consultations,2026-W25,week,CH,country,all,agegroup_ili_ari,unknown,NA,NA,NA,NA,NA,NA,NA,NA,NA,NA,NA,TRUE
consultations,2026-W26,week,CH,country,all,agegroup_ili_ari,unknown,NA,NA,NA,NA,NA,NA,NA,NA,NA,NA,NA,TRUE
consultations,2026-W27,week,CH,country,all,agegroup_ili_ari,unknown,NA,NA,NA,NA,NA,NA,NA,NA,NA,NA,NA,TRUE
consultations,2026-W28,week,CH,country,all,agegroup_ili_ari,unknown,NA,NA,NA,NA,NA,NA,NA,NA,NA,NA,NA,TRUE
consultations,2026-W29,week,CH,country,all,agegroup_ili_ari,unknown,NA,NA,NA,NA,NA,NA,NA,NA,NA,NA,NA,TRUE
consultations,2026-W30,week,CH,country,all,agegroup_ili_ari,unknown,NA,NA,NA,NA,NA,NA,NA,NA,NA,NA,NA,TRUE
consultations,2026-W31,week,CH,country,all,agegroup_ili_ari,unknown,NA,NA,NA,NA,NA,NA,NA,NA,NA,NA,NA,TRUE
consultations,2026-W32,week,CH,country,all,agegroup_ili_ari,unknown,NA,NA,NA,NA,NA,NA,NA,NA,NA,NA,NA,TRUE
consultations,2026-W33,week,CH,country,all,agegroup_ili_ari,unknown,NA,NA,NA,NA,NA,NA,NA,NA,NA,NA,NA,TRUE
consultations,2026-W34,week,CH,country,all,agegroup_ili_ari,unknown,NA,NA,NA,NA,NA,NA,NA,NA,NA,NA,NA,TRUE
consultations,2026-W35,week,CH,country,all,agegroup_ili_ari,unknown,NA,NA,NA,NA,NA,NA,NA,NA,NA,NA,NA,TRUE
consultations,2026-W36,week,CH,country,all,agegroup_ili_ari,unknown,NA,NA,NA,NA,NA,NA,NA,NA,NA,NA,NA,TRUE
consultations,2026-W37,week,CH,country,all,agegroup_ili_ari,unknown,NA,NA,NA,NA,NA,NA,NA,NA,NA,NA,NA,TRUE
consultations,2026-W38,week,CH,country,all,agegroup_ili_ari,unknown,NA,NA,NA,NA,NA,NA,NA,NA,NA,NA,NA,TRUE
consultations,2026-W39,week,CH,country,all,agegroup_ili_ari,unknown,NA,NA,NA,NA,NA,NA,NA,NA,NA,NA,NA,TRUE
consultations,2026-W40,week,CH,country,all,agegroup_ili_ari,unknown,NA,NA,NA,NA,NA,NA,NA,NA,NA,NA,NA,TRUE
consultations,2020-M03,month,CH,country,all,agegroup_ili_ari,all,18944.6,172081.2,566796,218.5,0.066,NA,NA,NA,NA,NA,NA,TRUE
consultations,2020-M04,month,CH,country,all,agegroup_ili_ari,all,40055.9,172081.2,566796,461.99,0.14,NA,NA,NA,NA,NA,NA,TRUE
consultations,2020-M05,month,CH,country,all,agegroup_ili_ari,all,22672.8,172081.2,566796,261.5,0.079,NA,NA,NA,NA,NA,NA,TRUE
consultations,2020-M06,month,CH,country,all,agegroup_ili_ari,all,51493.8,172081.2,566796,593.91,0.18,stagnant,NA,NA,NA,NA,NA,TRUE
consultations,2020-M07,month,CH,country,all,agegroup_ili_ari,all,51845.8,172081.2,566796,597.97,0.182,stagnant,NA,NA,NA,NA,NA,TRUE
consultations,2020-M08,month,CH,country,all,agegroup_ili_ari,all,40711.4,172081.2,566796,469.55,0.143,stagnant,NA,NA,NA,NA,NA,TRUE
consultations,2020-M09,month,CH,country,all,agegroup_ili_ari,all,74973,172081.2,566796,864.71,0.263,stagnant,NA,NA,NA,NA,NA,TRUE
consultations,2020-M10,month,CH,country,all,agegroup_ili_ari,all,115532.6,172081.2,566796,1332.51,0.405,rising,NA,NA,NA,NA,NA,TRUE
consultations,2020-M11,month,CH,country,all,agegroup_ili_ari,all,123241.4,172081.2,566796,1421.42,0.432,rising,NA,NA,NA,NA,NA,TRUE
consultations,2020-M12,month,CH,country,all,agegroup_ili_ari,all,120672.4,172081.2,566796,1391.79,0.423,rising,NA,NA,NA,NA,NA,TRUE
consultations,2021-M01,month,CH,country,all,agegroup_ili_ari,all,71500.8,195550.4,605347,818.2,0.264,stagnant,NA,NA,NA,NA,NA,TRUE
consultations,2021-M02,month,CH,country,all,agegroup_ili_ari,all,55458.1,195550.4,605347,634.62,0.205,falling,NA,NA,NA,NA,NA,TRUE
consultations,2021-M03,month,CH,country,all,agegroup_ili_ari,all,66049.5,195550.4,605347,755.82,0.244,falling,NA,NA,NA,NA,NA,TRUE
consultations,2021-M04,month,CH,country,all,agegroup_ili_ari,all,62116.2,195550.4,605347,710.81,0.23,stagnant,NA,NA,NA,NA,NA,TRUE
consultations,2021-M05,month,CH,country,all,agegroup_ili_ari,all,37493.8,195550.4,605347,429.05,0.139,stagnant,NA,NA,NA,NA,NA,TRUE
consultations,2021-M06,month,CH,country,all,agegroup_ili_ari,all,24444.1,195550.4,605347,279.72,0.09,falling,NA,NA,NA,NA,NA,TRUE
consultations,2021-M07,month,CH,country,all,agegroup_ili_ari,all,26232.1,195550.4,605347,300.18,0.097,falling,NA,NA,NA,NA,NA,TRUE
consultations,2021-M08,month,CH,country,all,agegroup_ili_ari,all,37984.9,195550.4,605347,434.67,0.14,stagnant,NA,NA,NA,NA,NA,TRUE
consultations,2021-M09,month,CH,country,all,agegroup_ili_ari,all,73288.7,195550.4,605347,838.66,0.271,rising,NA,NA,NA,NA,NA,TRUE
consultations,2021-M10,month,CH,country,all,agegroup_ili_ari,all,40040.3,195550.4,605347,458.19,0.148,stagnant,NA,NA,NA,NA,NA,TRUE
consultations,2021-M11,month,CH,country,all,agegroup_ili_ari,all,93174.7,195550.4,605347,1066.22,0.344,stagnant,NA,NA,NA,NA,NA,TRUE
consultations,2021-M12,month,CH,country,all,agegroup_ili_ari,all,146755.8,195550.4,605347,1679.36,0.542,rising,NA,NA,NA,NA,NA,TRUE
consultations,2022-M01,month,CH,country,all,agegroup_ili_ari,all,173739.8,195294.5,574685,1970.87,0.67,rising,NA,NA,NA,NA,NA,TRUE
consultations,2022-M02,month,CH,country,all,agegroup_ili_ari,all,101382.2,195294.5,574685,1150.06,0.391,stagnant,NA,NA,NA,NA,NA,TRUE
consultations,2022-M03,month,CH,country,all,agegroup_ili_ari,all,138937.5,195294.5,574685,1576.08,0.536,stagnant,NA,NA,NA,NA,NA,TRUE
consultations,2022-M04,month,CH,country,all,agegroup_ili_ari,all,41301.8,195294.5,574685,468.52,0.159,falling,NA,NA,NA,NA,NA,TRUE
consultations,2022-M05,month,CH,country,all,agegroup_ili_ari,all,23878.2,195294.5,574685,270.87,0.092,falling,NA,NA,NA,NA,NA,TRUE
consultations,2022-M06,month,CH,country,all,agegroup_ili_ari,all,46357.5,195294.5,574685,525.87,0.179,falling,NA,NA,NA,NA,NA,TRUE
consultations,2022-M07,month,CH,country,all,agegroup_ili_ari,all,44010.8,195294.5,574685,499.25,0.17,stagnant,NA,NA,NA,NA,NA,TRUE
consultations,2022-M08,month,CH,country,all,agegroup_ili_ari,all,30559.4,195294.5,574685,346.66,0.118,stagnant,NA,NA,NA,NA,NA,TRUE
consultations,2022-M09,month,CH,country,all,agegroup_ili_ari,all,49471.9,195294.5,574685,561.2,0.191,stagnant,NA,NA,NA,NA,NA,TRUE
consultations,2022-M10,month,CH,country,all,agegroup_ili_ari,all,47440.9,195294.5,574685,538.16,0.183,stagnant,NA,NA,NA,NA,NA,TRUE
consultations,2022-M11,month,CH,country,all,agegroup_ili_ari,all,45319.9,195294.5,574685,514.1,0.175,stagnant,NA,NA,NA,NA,NA,TRUE
consultations,2022-M12,month,CH,country,all,agegroup_ili_ari,all,99982.3,195294.5,574685,1134.18,0.385,rising,NA,NA,NA,NA,NA,TRUE
consultations,2023-M01,month,CH,country,all,agegroup_ili_ari,all,42770.6,187749.1,542532,477.23,0.165,stagnant,NA,NA,NA,NA,NA,TRUE
consultations,2023-M02,month,CH,country,all,agegroup_ili_ari,all,47592.3,187749.1,542532,531.03,0.184,stagnant,NA,NA,NA,NA,NA,TRUE
consultations,2023-M03,month,CH,country,all,agegroup_ili_ari,all,50885.9,187749.1,542532,567.78,0.196,falling,NA,NA,NA,NA,NA,TRUE
consultations,2023-M04,month,CH,country,all,agegroup_ili_ari,all,18521.4,187749.1,542532,206.66,0.072,stagnant,NA,NA,NA,NA,NA,TRUE
consultations,2023-M05,month,CH,country,all,agegroup_ili_ari,all,14034,187749.1,542532,156.59,0.054,falling,NA,NA,NA,NA,NA,TRUE
consultations,2023-M06,month,CH,country,all,agegroup_ili_ari,all,9404.1,187749.1,542532,104.93,0.036,falling,NA,NA,NA,NA,NA,TRUE
consultations,2023-M07,month,CH,country,all,agegroup_ili_ari,all,5871.2,187749.1,542532,65.51,0.023,falling,NA,NA,NA,NA,NA,TRUE
consultations,2023-M08,month,CH,country,all,agegroup_ili_ari,all,14368.3,187749.1,542532,160.32,0.055,stagnant,NA,NA,NA,NA,NA,TRUE
consultations,2023-M09,month,CH,country,all,agegroup_ili_ari,all,20478.8,187749.1,542532,228.5,0.079,rising,NA,NA,NA,NA,NA,TRUE
consultations,2023-M10,month,CH,country,all,agegroup_ili_ari,all,32937.2,187749.1,542532,367.51,0.127,rising,NA,NA,NA,NA,NA,TRUE
consultations,2023-M11,month,CH,country,all,agegroup_ili_ari,all,57760,187749.1,542532,644.48,0.223,rising,NA,NA,NA,NA,NA,TRUE
consultations,2023-M12,month,CH,country,all,agegroup_ili_ari,all,51936.3,187749.1,542532,579.5,0.201,rising,NA,NA,NA,NA,NA,TRUE
consultations,2024-M01,month,CH,country,all,agegroup_ili_ari,all,58565.6,183444.2,533748,647.06,0.222,rising,NA,NA,NA,NA,NA,TRUE
consultations,2024-M02,month,CH,country,all,agegroup_ili_ari,all,67989.5,183444.2,533748,751.18,0.258,rising,NA,NA,NA,NA,NA,TRUE
consultations,2024-M03,month,CH,country,all,agegroup_ili_ari,all,33748.6,183444.2,533748,372.87,0.128,stagnant,NA,NA,NA,NA,NA,TRUE
consultations,2024-M04,month,CH,country,all,agegroup_ili_ari,all,22597.7,183444.2,533748,249.67,0.086,falling,NA,NA,NA,NA,NA,TRUE
consultations,2024-M05,month,CH,country,all,agegroup_ili_ari,all,20722.3,183444.2,533748,228.95,0.079,falling,NA,NA,NA,NA,NA,TRUE
consultations,2024-M06,month,CH,country,all,agegroup_ili_ari,all,18995.4,183444.2,533748,209.87,0.072,falling,NA,NA,NA,NA,NA,TRUE
consultations,2024-M07,month,CH,country,all,agegroup_ili_ari,all,13272.4,183444.2,533748,146.64,0.05,falling,NA,NA,NA,NA,NA,TRUE
consultations,2024-M08,month,CH,country,all,agegroup_ili_ari,all,19538.5,183444.2,533748,215.87,0.074,stagnant,NA,NA,NA,NA,NA,TRUE
consultations,2024-M09,month,CH,country,all,agegroup_ili_ari,all,23978.9,183444.2,533748,264.93,0.091,stagnant,NA,NA,NA,NA,NA,TRUE
consultations,2024-M10,month,CH,country,all,agegroup_ili_ari,all,48648.4,183444.2,533748,537.49,0.185,rising,NA,NA,NA,NA,NA,TRUE
consultations,2024-M11,month,CH,country,all,agegroup_ili_ari,all,47217.4,183444.2,533748,521.68,0.179,rising,NA,NA,NA,NA,NA,TRUE
consultations,2024-M12,month,CH,country,all,agegroup_ili_ari,all,45934.9,183444.2,533748,507.51,0.174,stagnant,NA,NA,NA,NA,NA,TRUE
consultations,2025-M01,month,CH,country,all,agegroup_ili_ari,all,133292.5,193303.8,559769,1460.4,0.504,rising,NA,NA,NA,NA,NA,TRUE
consultations,2025-M02,month,CH,country,all,agegroup_ili_ari,all,118371.5,193303.8,559769,1296.92,0.448,rising,NA,NA,NA,NA,NA,TRUE
consultations,2025-M03,month,CH,country,all,agegroup_ili_ari,all,61947.6,193303.8,559769,678.72,0.234,stagnant,NA,NA,NA,NA,NA,TRUE
consultations,2025-M04,month,CH,country,all,agegroup_ili_ari,all,30265.5,193303.8,559769,331.6,0.115,falling,NA,NA,NA,NA,NA,TRUE
consultations,2025-M05,month,CH,country,all,agegroup_ili_ari,all,27054.6,193303.8,559769,296.42,0.102,falling,NA,NA,NA,NA,NA,TRUE
consultations,2025-M06,month,CH,country,all,agegroup_ili_ari,all,17848.1,193303.8,559769,195.55,0.068,falling,NA,NA,NA,NA,NA,TRUE
consultations,2025-M07,month,CH,country,all,agegroup_ili_ari,all,16667,193303.8,559769,182.61,0.063,falling,NA,NA,NA,NA,NA,TRUE
consultations,2025-M08,month,CH,country,all,agegroup_ili_ari,all,14448.2,193303.8,559769,158.3,0.055,falling,NA,NA,NA,NA,NA,TRUE
consultations,2025-M09,month,CH,country,all,agegroup_ili_ari,all,27574.9,193303.8,559769,302.12,0.104,stagnant,NA,NA,NA,NA,NA,TRUE
consultations,2025-M10,month,CH,country,all,agegroup_ili_ari,all,40322.7,193303.8,559769,441.79,0.153,rising,NA,NA,NA,NA,NA,TRUE
consultations,2025-M11,month,CH,country,all,agegroup_ili_ari,all,48633,193303.8,559769,532.84,0.184,rising,NA,NA,NA,NA,NA,TRUE
consultations,2025-M12,month,CH,country,all,agegroup_ili_ari,all,82676.2,193303.8,559769,905.83,0.313,rising,NA,NA,NA,NA,NA,TRUE
consultations,2026-M01,month,CH,country,all,agegroup_ili_ari,all,114423.1,208429,603636.7,1253.66,0.433,rising,NA,NA,NA,NA,NA,TRUE
consultations,2026-M02,month,CH,country,all,agegroup_ili_ari,all,61612.7,208429,603636.7,675.05,0.233,stagnant,NA,NA,NA,NA,NA,TRUE
consultations,2026-M03,month,CH,country,all,agegroup_ili_ari,all,40506.2,208429,603636.7,443.8,0.153,falling,NA,NA,NA,NA,NA,TRUE
consultations,2026-M04,month,CH,country,all,agegroup_ili_ari,all,30653.4,208429,603636.7,335.85,0.116,falling,NA,NA,NA,NA,NA,TRUE
consultations,2026-M05,month,CH,country,all,agegroup_ili_ari,all,19661.7,208429,603636.7,215.42,0.074,falling,NA,NA,NA,NA,NA,TRUE
consultations,2026-M06,month,CH,country,all,agegroup_ili_ari,all,19924.5,208429,603636.7,218.3,0.075,falling,NA,NA,NA,NA,NA,TRUE
consultations,2026-M07,month,CH,country,all,agegroup_ili_ari,all,12480.4,208429,603636.7,136.74,0.047,falling,NA,NA,NA,NA,NA,TRUE
consultations,2026-M08,month,CH,country,all,agegroup_ili_ari,all,13881.4,208429,603636.7,152.09,0.053,falling,NA,NA,NA,NA,NA,TRUE
consultations,2020,year,CH,country,all,agegroup_ili_ari,all,660143.6,172081.2,566796,7613.85,2.312,NA,NA,NA,NA,NA,NA,TRUE
consultations,2021,year,CH,country,all,agegroup_ili_ari,all,734540,195550.4,605347,8405.51,2.715,NA,NA,74396.4,791.66,10.4,NA,TRUE
consultations,2022,year,CH,country,all,agegroup_ili_ari,all,842382.3,195294.5,574685,9555.82,3.247,rising,NA,107842.3,1150.31,13.7,NA,TRUE
consultations,2023,year,CH,country,all,agegroup_ili_ari,all,366559,187749.1,542532,4090.03,1.415,falling,NA,-475823.3,-5465.79,-57.2,NA,TRUE
consultations,2024,year,CH,country,all,agegroup_ili_ari,all,421210.5,183444.2,533748,4653.73,1.599,falling,NA,54651.5,563.7,13.8,604967.08,TRUE
consultations,2025,year,CH,country,all,agegroup_ili_ari,all,619102.9,193303.8,559769,6783.11,2.342,rising,NA,197892.4,2129.38,45.8,596758.94,TRUE
